"region_id","zip_code","state","city","date","median_price","initial_price","pct_change"
58695,"02215","MA","Boston",2000-01-31,151961.322299724,151961.322299724,0
58695,"02215","MA","Boston",2000-02-29,152714.885545632,151961.322299724,0.495891477188634
58695,"02215","MA","Boston",2000-03-31,153757.240919376,151961.322299724,1.18182613343538
58695,"02215","MA","Boston",2000-04-30,155967.043219291,151961.322299724,2.63601346641737
58695,"02215","MA","Boston",2000-05-31,157799.0429258,151961.322299724,3.84158319875722
58695,"02215","MA","Boston",2000-06-30,159524.356274996,151961.322299724,4.97694667354561
58695,"02215","MA","Boston",2000-07-31,161447.24027631,151961.322299724,6.24232392363337
58695,"02215","MA","Boston",2000-08-31,164959.090672595,151961.322299724,8.55333987370405
58695,"02215","MA","Boston",2000-09-30,168837.163724508,151961.322299724,11.1053531052451
58695,"02215","MA","Boston",2000-10-31,172618.695754736,151961.322299724,13.5938363409786
58695,"02215","MA","Boston",2000-11-30,175337.875497188,151961.322299724,15.3832257074972
58695,"02215","MA","Boston",2000-12-31,177881.212211458,151961.322299724,17.0568994264278
58695,"02215","MA","Boston",2001-01-31,180576.226496949,151961.322299724,18.830386419503
58695,"02215","MA","Boston",2001-02-28,183665.224193294,151961.322299724,20.8631389973284
58695,"02215","MA","Boston",2001-03-31,187230.0451,151961.322299724,23.2090128373011
58695,"02215","MA","Boston",2001-04-30,190429.709349483,151961.322299724,25.3145908890453
58695,"02215","MA","Boston",2001-05-31,193640.170256064,151961.322299724,27.4272738125646
58695,"02215","MA","Boston",2001-06-30,196544.384,151961.322299724,29.3384270586572
58695,"02215","MA","Boston",2001-07-31,200174.558495531,151961.322299724,31.7273076241812
58695,"02215","MA","Boston",2001-08-31,203945.57409559,151961.322299724,34.2088703948844
58695,"02215","MA","Boston",2001-09-30,208570.676104353,151961.322299724,37.2524751350701
58695,"02215","MA","Boston",2001-10-31,212992.867657919,151961.322299724,40.1625521774664
58695,"02215","MA","Boston",2001-11-30,217259.513703588,151961.322299724,42.9702706028517
58695,"02215","MA","Boston",2001-12-31,220400.685025146,151961.322299724,45.0373566705574
58695,"02215","MA","Boston",2002-01-31,222989.994420941,151961.322299724,46.7412832728067
58695,"02215","MA","Boston",2002-02-28,225198.335596035,151961.322299724,48.1945090947943
58695,"02215","MA","Boston",2002-03-31,227503.71162722,151961.322299724,49.711589886338
58695,"02215","MA","Boston",2002-04-30,229445.5664,151961.322299724,50.989451083775
58695,"02215","MA","Boston",2002-05-31,230874.600223957,151961.322299724,51.9298442064005
58695,"02215","MA","Boston",2002-06-30,231715.964511423,151961.322299724,52.4835142289643
58695,"02215","MA","Boston",2002-07-31,232329.772839453,151961.322299724,52.8874382793352
58695,"02215","MA","Boston",2002-08-31,233036.924171805,151961.322299724,53.3527878312149
58695,"02215","MA","Boston",2002-09-30,233521.426987245,151961.322299724,53.6716208132579
58695,"02215","MA","Boston",2002-10-31,234370.4885,151961.322299724,54.230356088725
58695,"02215","MA","Boston",2002-11-30,235939.077848481,151961.322299724,55.2625854249419
58695,"02215","MA","Boston",2002-12-31,238296.731385243,151961.322299724,56.8140680661049
58695,"02215","MA","Boston",2003-01-31,240568.315730271,151961.322299724,58.3089118267746
58695,"02215","MA","Boston",2003-02-28,242609.77036829,151961.322299724,59.6523159292948
58695,"02215","MA","Boston",2003-03-31,244376.337488291,151961.322299724,60.814826950696
58695,"02215","MA","Boston",2003-04-30,246428.9558564,151961.322299724,62.1655774818477
58695,"02215","MA","Boston",2003-05-31,248468.349194843,151961.322299724,63.5076251210628
58695,"02215","MA","Boston",2003-06-30,250373.054365081,151961.322299724,64.7610395698266
58695,"02215","MA","Boston",2003-07-31,252070.187324156,151961.322299724,65.8778585954785
58695,"02215","MA","Boston",2003-08-31,253018.409712536,151961.322299724,66.5018478935643
58695,"02215","MA","Boston",2003-09-30,253368.752001605,151961.322299724,66.7323949062952
58695,"02215","MA","Boston",2003-10-31,253760.68213349,151961.322299724,66.9903093057978
58695,"02215","MA","Boston",2003-11-30,254736.98627787,151961.322299724,67.6327781456348
58695,"02215","MA","Boston",2003-12-31,256616.460994573,151961.322299724,68.8695893869823
58695,"02215","MA","Boston",2004-01-31,258809.811896384,151961.322299724,70.312950676959
58695,"02215","MA","Boston",2004-02-29,260891.398136938,151961.322299724,71.6827638695868
58695,"02215","MA","Boston",2004-03-31,263075.715380969,151961.322299724,73.1201804509738
58695,"02215","MA","Boston",2004-04-30,264412.705657414,151961.322299724,74.0000031954797
58695,"02215","MA","Boston",2004-05-31,266020.166935505,151961.322299724,75.0578126786853
58695,"02215","MA","Boston",2004-06-30,267181.845116342,151961.322299724,75.8222691622541
58695,"02215","MA","Boston",2004-07-31,269159.405408064,151961.322299724,77.1236268115523
58695,"02215","MA","Boston",2004-08-31,270852.38882657,151961.322299724,78.2377151814646
58695,"02215","MA","Boston",2004-09-30,272690.207711363,151961.322299724,79.4471142949891
58695,"02215","MA","Boston",2004-10-31,274747.019825481,151961.322299724,80.800624571809
58695,"02215","MA","Boston",2004-11-30,277073.335254953,151961.322299724,82.331484789571
58695,"02215","MA","Boston",2004-12-31,280107.184524143,151961.322299724,84.3279462728466
58695,"02215","MA","Boston",2005-01-31,282900.386815757,151961.322299724,86.1660470799092
58695,"02215","MA","Boston",2005-02-28,286105.083105576,151961.322299724,88.2749365271183
58695,"02215","MA","Boston",2005-03-31,289227.955644955,151961.322299724,90.3299808582147
58695,"02215","MA","Boston",2005-04-30,292111.041935764,151961.322299724,92.2272309263094
58695,"02215","MA","Boston",2005-05-31,295013.357357154,151961.322299724,94.1371349581161
58695,"02215","MA","Boston",2005-06-30,297266.643935133,151961.322299724,95.6199376501955
58695,"02215","MA","Boston",2005-07-31,299835.245873908,151961.322299724,97.310237458003
58695,"02215","MA","Boston",2005-08-31,302066.876270718,151961.322299724,98.778789036153
58695,"02215","MA","Boston",2005-09-30,304142.55779115,151961.322299724,100.144716555748
58695,"02215","MA","Boston",2005-10-31,305091.345056646,151961.322299724,100.769077578104
58695,"02215","MA","Boston",2005-11-30,306130.270573686,151961.322299724,101.452755175349
58695,"02215","MA","Boston",2005-12-31,306693.399198904,151961.322299724,101.823328829681
58695,"02215","MA","Boston",2006-01-31,307006.903808794,151961.322299724,102.02963435871
58695,"02215","MA","Boston",2006-02-28,306102.183340332,151961.322299724,101.434272029157
58695,"02215","MA","Boston",2006-03-31,305821.323308916,151961.322299724,101.249448662813
58695,"02215","MA","Boston",2006-04-30,305366.841384542,151961.322299724,100.950371293983
58695,"02215","MA","Boston",2006-05-31,305690.148101021,151961.322299724,101.163127218705
58695,"02215","MA","Boston",2006-06-30,305228.931165361,151961.322299724,100.859617793622
58695,"02215","MA","Boston",2006-07-31,304870.586205361,151961.322299724,100.623804525761
58695,"02215","MA","Boston",2006-08-31,302814.804598107,151961.322299724,99.2709723865417
58695,"02215","MA","Boston",2006-09-30,300445.615862799,151961.322299724,97.7118988674025
58695,"02215","MA","Boston",2006-10-31,298698.877239788,151961.322299724,96.5624362300837
58695,"02215","MA","Boston",2006-11-30,298056.967874698,151961.322299724,96.1400199498255
58695,"02215","MA","Boston",2006-12-31,298033.899116892,151961.322299724,96.1248392726263
58695,"02215","MA","Boston",2007-01-31,297975.423450778,151961.322299724,96.0863586479322
58695,"02215","MA","Boston",2007-02-28,298403.142702258,151961.322299724,96.3678245137242
58695,"02215","MA","Boston",2007-03-31,297728.021403104,151961.322299724,95.9235527155217
58695,"02215","MA","Boston",2007-04-30,297250.823498538,151961.322299724,95.6095268190999
58695,"02215","MA","Boston",2007-05-31,296180.710002022,151961.322299724,94.9053255918916
58695,"02215","MA","Boston",2007-06-30,296489.091109137,151961.322299724,95.1082595374826
58695,"02215","MA","Boston",2007-07-31,296530.956577354,151961.322299724,95.135809619032
58695,"02215","MA","Boston",2007-08-31,296344.416582335,151961.322299724,95.01305470206
58695,"02215","MA","Boston",2007-09-30,295888.524587924,151961.322299724,94.7130494194578
58695,"02215","MA","Boston",2007-10-31,295654.291303176,151961.322299724,94.5589093519701
58695,"02215","MA","Boston",2007-11-30,295458.79422833,151961.322299724,94.4302601194634
58695,"02215","MA","Boston",2007-12-31,294693.753599741,151961.322299724,93.9268158107331
58695,"02215","MA","Boston",2008-01-31,293752.2135,151961.322299724,93.3072238741192
58695,"02215","MA","Boston",2008-02-29,291976.062949568,151961.322299724,92.1384063595357
58695,"02215","MA","Boston",2008-03-31,291528.022966386,151961.322299724,91.8435681886105
58695,"02215","MA","Boston",2008-04-30,291309.487226957,151961.322299724,91.6997580821163
58695,"02215","MA","Boston",2008-05-31,293517.427442801,151961.322299724,93.1527200479837
58695,"02215","MA","Boston",2008-06-30,295356.020872647,151961.322299724,94.362628860319
58695,"02215","MA","Boston",2008-07-31,296486.922943227,151961.322299724,95.1068327494834
58695,"02215","MA","Boston",2008-08-31,296217.230236893,151961.322299724,94.9293581774985
58695,"02215","MA","Boston",2008-09-30,295227.195090508,151961.322299724,94.2778534844607
58695,"02215","MA","Boston",2008-10-31,294330.496,151961.322299724,93.687769720423
58695,"02215","MA","Boston",2008-11-30,293916.175068088,151961.322299724,93.4151207820998
58695,"02215","MA","Boston",2008-12-31,293922.493824008,151961.322299724,93.4192789164358
58695,"02215","MA","Boston",2009-01-31,294284.014808369,151961.322299724,93.6571822058323
58695,"02215","MA","Boston",2009-02-28,293883.306255015,151961.322299724,93.393491059105
58695,"02215","MA","Boston",2009-03-31,292600.67799621,151961.322299724,92.5494419027837
58695,"02215","MA","Boston",2009-04-30,291032.606451908,151961.322299724,91.5175533139174
58695,"02215","MA","Boston",2009-05-31,290094.65778878,151961.322299724,90.9003247659328
58695,"02215","MA","Boston",2009-06-30,289415.443898243,151961.322299724,90.4533597880968
58695,"02215","MA","Boston",2009-07-31,289301.815211139,151961.322299724,90.3785850458236
58695,"02215","MA","Boston",2009-08-31,289364.410818687,151961.322299724,90.4197768481857
58695,"02215","MA","Boston",2009-09-30,290048.141816949,151961.322299724,90.8697143638074
58695,"02215","MA","Boston",2009-10-31,290316.1293,151961.322299724,91.0460667928306
58695,"02215","MA","Boston",2009-11-30,289467.579577477,151961.322299724,90.4876683071626
58695,"02215","MA","Boston",2009-12-31,288082.126890296,151961.322299724,89.5759542826898
58695,"02215","MA","Boston",2010-01-31,287122.124524675,151961.322299724,88.9442130270246
58695,"02215","MA","Boston",2010-02-28,287870.344987499,151961.322299724,89.4365886206963
58695,"02215","MA","Boston",2010-03-31,290093.326587302,151961.322299724,90.8994487525781
58695,"02215","MA","Boston",2010-04-30,293004.198498513,151961.322299724,92.8149834867843
58695,"02215","MA","Boston",2010-05-31,295693.5149,151961.322299724,94.5847209178545
58695,"02215","MA","Boston",2010-06-30,298050.483515179,151961.322299724,96.135752838023
58695,"02215","MA","Boston",2010-07-31,298610.60376044,151961.322299724,96.5043467912635
58695,"02215","MA","Boston",2010-08-31,298395.700509152,151961.322299724,96.3629270878573
58695,"02215","MA","Boston",2010-09-30,297539.354167869,151961.322299724,95.7993979422016
58695,"02215","MA","Boston",2010-10-31,296742.015874324,151961.322299724,95.2746997614554
58695,"02215","MA","Boston",2010-11-30,295724.545896881,151961.322299724,94.6051412435082
58695,"02215","MA","Boston",2010-12-31,294884.036261562,151961.322299724,94.0520336352037
58695,"02215","MA","Boston",2011-01-31,294503.621135319,151961.322299724,93.801696825491
58695,"02215","MA","Boston",2011-02-28,294413.015486688,151961.322299724,93.7420726742534
58695,"02215","MA","Boston",2011-03-31,293711.603050087,151961.322299724,93.2804996726592
58695,"02215","MA","Boston",2011-04-30,293481.719141145,151961.322299724,93.1292217649233
58695,"02215","MA","Boston",2011-05-31,292927.166683738,151961.322299724,92.7642917623318
58695,"02215","MA","Boston",2011-06-30,292154.161503348,151961.322299724,92.2556062832295
58695,"02215","MA","Boston",2011-07-31,290597.29405603,151961.322299724,91.231090686921
58695,"02215","MA","Boston",2011-08-31,288771.933129712,151961.322299724,90.0298896847882
58695,"02215","MA","Boston",2011-09-30,287481.291405831,151961.322299724,89.1805671701192
58695,"02215","MA","Boston",2011-10-31,287122.903758871,151961.322299724,88.9447258115838
58695,"02215","MA","Boston",2011-11-30,288350.104325155,151961.322299724,89.7523000993775
58695,"02215","MA","Boston",2011-12-31,289763.400012556,151961.322299724,90.6823365494508
58695,"02215","MA","Boston",2012-01-31,290751.767069018,151961.322299724,91.332743535587
58695,"02215","MA","Boston",2012-02-29,291611.099018137,151961.322299724,91.8982373968632
58695,"02215","MA","Boston",2012-03-31,293593.939997817,151961.322299724,93.2030700672243
58695,"02215","MA","Boston",2012-04-30,297737.071671429,151961.322299724,95.9295083548829
58695,"02215","MA","Boston",2012-05-31,302327.878341385,151961.322299724,98.95054462943
58695,"02215","MA","Boston",2012-06-30,307619.4631,151961.322299724,102.432736465177
58695,"02215","MA","Boston",2012-07-31,311577.431022425,151961.322299724,105.037325489889
58695,"02215","MA","Boston",2012-08-31,315324.524120337,151961.322299724,107.503145766526
58695,"02215","MA","Boston",2012-09-30,317501.865328674,151961.322299724,108.935971682612
58695,"02215","MA","Boston",2012-10-31,320046.788920646,151961.322299724,110.610689665752
58695,"02215","MA","Boston",2012-11-30,322798.526727772,151961.322299724,112.421504263495
58695,"02215","MA","Boston",2012-12-31,325975.15083792,151961.322299724,114.511920470773
58695,"02215","MA","Boston",2013-01-31,329904.5703945,151961.322299724,117.097722895438
58695,"02215","MA","Boston",2013-02-28,334309.805650782,151961.322299724,119.996641639771
58695,"02215","MA","Boston",2013-03-31,339368.773665872,151961.322299724,123.325757192682
58695,"02215","MA","Boston",2013-04-30,343295.03999776,151961.322299724,125.909484599413
58695,"02215","MA","Boston",2013-05-31,347132.989878421,151961.322299724,128.435094289155
58695,"02215","MA","Boston",2013-06-30,351907.926468521,151961.322299724,131.577299501532
58695,"02215","MA","Boston",2013-07-31,356965.256095582,151961.322299724,134.905336893235
58695,"02215","MA","Boston",2013-08-31,361753.716046724,151961.322299724,138.056441318147
58695,"02215","MA","Boston",2013-09-30,365884.604164091,151961.322299724,140.774822584414
58695,"02215","MA","Boston",2013-10-31,370917.867938636,151961.322299724,144.087023148593
58695,"02215","MA","Boston",2013-11-30,375946.953146532,151961.322299724,147.396473956067
58695,"02215","MA","Boston",2013-12-31,380722.656344445,151961.322299724,150.539183644058
58695,"02215","MA","Boston",2014-01-31,385324.858838977,151961.322299724,153.567719079841
58695,"02215","MA","Boston",2014-02-28,390353.067944174,151961.322299724,156.876593357257
58695,"02215","MA","Boston",2014-03-31,395889.574120633,151961.322299724,160.519958716726
58695,"02215","MA","Boston",2014-04-30,401848.499369614,151961.322299724,164.441302094634
58695,"02215","MA","Boston",2014-05-31,407516.431337071,151961.322299724,168.171153797475
58695,"02215","MA","Boston",2014-06-30,411394.614959274,151961.322299724,170.723239791142
58695,"02215","MA","Boston",2014-07-31,413751.587971445,151961.322299724,172.274274604805
58695,"02215","MA","Boston",2014-08-31,415308.115606214,151961.322299724,173.298566583325
58695,"02215","MA","Boston",2014-09-30,417556.093073908,151961.322299724,174.777875550683
58695,"02215","MA","Boston",2014-10-31,420315.625711377,151961.322299724,176.593819631523
58695,"02215","MA","Boston",2014-11-30,424141.289329704,151961.322299724,179.11134419661
58695,"02215","MA","Boston",2014-12-31,428865.588841344,151961.322299724,182.220227062424
58695,"02215","MA","Boston",2015-01-31,433695.925145855,151961.322299724,185.398888731993
58695,"02215","MA","Boston",2015-02-28,438166.372459642,151961.322299724,188.340721065466
58695,"02215","MA","Boston",2015-03-31,442365.556174602,151961.322299724,191.104045082006
58695,"02215","MA","Boston",2015-04-30,446435.705796827,151961.322299724,193.782456641361
58695,"02215","MA","Boston",2015-05-31,449598.5937,151961.322299724,195.863833570245
58695,"02215","MA","Boston",2015-06-30,451094.073326533,151961.322299724,196.84795216299
58695,"02215","MA","Boston",2015-07-31,452923.72135154,151961.322299724,198.051974342659
58695,"02215","MA","Boston",2015-08-31,457153.523908476,151961.322299724,200.835447461294
58695,"02215","MA","Boston",2015-09-30,462307.613364404,151961.322299724,204.227158837537
58695,"02215","MA","Boston",2015-10-31,467333.599483062,151961.322299724,207.534570251571
58695,"02215","MA","Boston",2015-11-30,470071.902265332,151961.322299724,209.336543767483
58695,"02215","MA","Boston",2015-12-31,473267.949837143,151961.322299724,211.43974182041
58695,"02215","MA","Boston",2016-01-31,475755.752999774,151961.322299724,213.076871008931
58695,"02215","MA","Boston",2016-02-29,477280.006434678,151961.322299724,214.079924556924
58695,"02215","MA","Boston",2016-03-31,477625.715774568,151961.322299724,214.307422800989
58695,"02215","MA","Boston",2016-04-30,477075.262661717,151961.322299724,213.945190422038
58695,"02215","MA","Boston",2016-05-31,477591.711631981,151961.322299724,214.285045960572
58695,"02215","MA","Boston",2016-06-30,478444.727564941,151961.322299724,214.846383490445
58695,"02215","MA","Boston",2016-07-31,480295.549203307,151961.322299724,216.064339224414
58695,"02215","MA","Boston",2016-08-31,482180.300209478,151961.322299724,217.304622592345
58695,"02215","MA","Boston",2016-09-30,485114.21006397,151961.322299724,219.235317725878
58695,"02215","MA","Boston",2016-10-31,488907.659675943,151961.322299724,221.731643471511
58695,"02215","MA","Boston",2016-11-30,494848.988309724,151961.322299724,225.641407182347
58695,"02215","MA","Boston",2016-12-31,501507.383003793,151961.322299724,230.023044952606
58695,"02215","MA","Boston",2017-01-31,506960.146096496,151961.322299724,233.611302155282
58695,"02215","MA","Boston",2017-02-28,511321.17677158,151961.322299724,236.481131536263
58695,"02215","MA","Boston",2017-03-31,515715.127428495,151961.322299724,239.372624312463
58695,"02215","MA","Boston",2017-04-30,522131.838981197,151961.322299724,243.595219546299
58695,"02215","MA","Boston",2017-05-31,528153.482521447,151961.322299724,247.557835460086
58695,"02215","MA","Boston",2017-06-30,534934.783860666,151961.322299724,252.020353445974
58695,"02215","MA","Boston",2017-07-31,541602.261935277,151961.322299724,256.407968645492
58695,"02215","MA","Boston",2017-08-31,547627.918009315,151961.322299724,260.373225056037
58695,"02215","MA","Boston",2017-09-30,551465.5103,151961.322299724,262.898599429337
58695,"02215","MA","Boston",2017-10-31,553116.327784047,151961.322299724,263.984939992227
58695,"02215","MA","Boston",2017-11-30,554163.215370016,151961.322299724,264.673857125959
58695,"02215","MA","Boston",2017-12-31,556404.006400676,151961.322299724,266.148436970849
58695,"02215","MA","Boston",2018-01-31,559480.115740521,151961.322299724,268.172708208617
58695,"02215","MA","Boston",2018-02-28,563103.5878,151961.322299724,270.557178154419
58695,"02215","MA","Boston",2018-03-31,568685.424856205,151961.322299724,274.230374051724
58695,"02215","MA","Boston",2018-04-30,575172.885862348,151961.322299724,278.499526825578
58695,"02215","MA","Boston",2018-05-31,582994.720260392,151961.322299724,283.646780271173
58695,"02215","MA","Boston",2018-06-30,586880.163698051,151961.322299724,286.203643674872
58695,"02215","MA","Boston",2018-07-31,589792.601143097,151961.322299724,288.120208627697
58695,"02215","MA","Boston",2018-08-31,592035.694636162,151961.322299724,289.596303636031
58695,"02215","MA","Boston",2018-09-30,595032.898534109,151961.322299724,291.568650186185
58695,"02215","MA","Boston",2018-10-31,597858.15943834,151961.322299724,293.427847553959
58695,"02215","MA","Boston",2018-11-30,599931.197526458,151961.322299724,294.792035530706
58695,"02215","MA","Boston",2018-12-31,601562.2995,151961.322299724,295.865402061648
58695,"02215","MA","Boston",2019-01-31,601912.919605425,151961.322299724,296.096131894818
58695,"02215","MA","Boston",2019-02-28,599665.446448606,151961.322299724,294.617154795377
58695,"02215","MA","Boston",2019-03-31,596291.202242385,151961.322299724,292.396692275602
58695,"02215","MA","Boston",2019-04-30,595037.024541399,151961.322299724,291.571365355563
58695,"02215","MA","Boston",2019-05-31,595782.036836979,151961.322299724,292.061629775684
58695,"02215","MA","Boston",2019-06-30,598754.706336617,151961.322299724,294.017831166045
58695,"02215","MA","Boston",2019-07-31,600310.857573342,151961.322299724,295.041875451245
58695,"02215","MA","Boston",2019-08-31,600179.103641759,151961.322299724,294.955173170961
58695,"02215","MA","Boston",2019-09-30,598745.123049264,151961.322299724,294.011524767017
58695,"02215","MA","Boston",2019-10-31,598543.414680814,151961.322299724,293.87878811706
58695,"02215","MA","Boston",2019-11-30,599675.9286,151961.322299724,294.624052702842
58695,"02215","MA","Boston",2019-12-31,600301.740381609,151961.322299724,295.035875772119
58695,"02215","MA","Boston",2020-01-31,602924.253853091,151961.322299724,296.761652721013
58695,"02215","MA","Boston",2020-02-29,607049.96549694,151961.322299724,299.476627545799
58695,"02215","MA","Boston",2020-03-31,612724.794385748,151961.322299724,303.211017851783
58695,"02215","MA","Boston",2020-04-30,616082.688575414,151961.322299724,305.420721043918
58695,"02215","MA","Boston",2020-05-31,618921.261388161,151961.322299724,307.288678475314
58695,"02215","MA","Boston",2020-06-30,620211.654227858,151961.322299724,308.137837208714
58695,"02215","MA","Boston",2020-07-31,620538.39,151961.322299724,308.352849665303
58695,"02215","MA","Boston",2020-08-31,619382.693553592,151961.322299724,307.592329534971
58695,"02215","MA","Boston",2020-09-30,619768.97376338,151961.322299724,307.846525934385
58695,"02215","MA","Boston",2020-10-31,621174.458816065,151961.322299724,308.7714225011
58695,"02215","MA","Boston",2020-11-30,624142.68888972,151961.322299724,310.724702473093
58695,"02215","MA","Boston",2020-12-31,627214.523040764,151961.322299724,312.74616037077
58695,"02215","MA","Boston",2021-01-31,629206.550339762,151961.322299724,314.057038210507
58695,"02215","MA","Boston",2021-02-28,630504.818864311,151961.322299724,314.9113796343
58695,"02215","MA","Boston",2021-03-31,630769.330900443,151961.322299724,315.085445003125
58695,"02215","MA","Boston",2021-04-30,631356.146606184,151961.322299724,315.471606229455
58695,"02215","MA","Boston",2021-05-31,631891.1482,151961.322299724,315.823670548006
58695,"02215","MA","Boston",2021-06-30,632238.699198109,151961.322299724,316.052380717706
58695,"02215","MA","Boston",2021-07-31,633719.628603383,151961.322299724,317.026924360036
58695,"02215","MA","Boston",2021-08-31,636795.465969194,151961.322299724,319.051016621977
58695,"02215","MA","Boston",2021-09-30,641151.037,151961.322299724,321.917253217507
58695,"02215","MA","Boston",2021-10-31,646305.319518435,151961.322299724,325.309091640885
58695,"02215","MA","Boston",2021-11-30,653003.536844169,151961.322299724,329.716935179205
58695,"02215","MA","Boston",2021-12-31,658637.807694588,151961.322299724,333.424635773772
58695,"02215","MA","Boston",2022-01-31,661208.755924883,151961.322299724,335.116479587308
58695,"02215","MA","Boston",2022-02-28,662512.655397446,151961.322299724,335.974526525061
58695,"02215","MA","Boston",2022-03-31,664758.090008398,151961.322299724,337.452162134551
58695,"02215","MA","Boston",2022-04-30,668879.733238007,151961.322299724,340.164459689767
58695,"02215","MA","Boston",2022-05-31,672710.938522219,151961.322299724,342.685631015622
58695,"02215","MA","Boston",2022-06-30,675746.306310972,151961.322299724,344.683091779202
58695,"02215","MA","Boston",2022-07-31,675733.584742662,151961.322299724,344.674720196146
58695,"02215","MA","Boston",2022-08-31,672845.196838512,151961.322299724,342.773981336784
58695,"02215","MA","Boston",2022-09-30,666790.0923,151961.322299724,338.789346005322
58695,"02215","MA","Boston",2022-10-31,661230.932707018,151961.322299724,335.131073289047
58695,"02215","MA","Boston",2022-11-30,656941.563671259,151961.322299724,332.308401723121
58695,"02215","MA","Boston",2022-12-31,654680.365188643,151961.322299724,330.820392505778
58695,"02215","MA","Boston",2023-01-31,652819.80809845,151961.322299724,329.596030239093
58695,"02215","MA","Boston",2023-02-28,649896.637504719,151961.322299724,327.672402206978
58695,"02215","MA","Boston",2023-03-31,647312.342423975,151961.322299724,325.971775335854
58695,"02215","MA","Boston",2023-04-30,646603.623410838,151961.322299724,325.50539415253
58695,"02215","MA","Boston",2023-05-31,646900.141477331,151961.322299724,325.700521479671
58695,"02215","MA","Boston",2023-06-30,647979.656132959,151961.322299724,326.410909254199
58695,"02215","MA","Boston",2023-07-31,649353.478483906,151961.322299724,327.314969794182
58695,"02215","MA","Boston",2023-08-31,652705.943735714,151961.322299724,329.521100407599
58695,"02215","MA","Boston",2023-09-30,654541.912614073,151961.322299724,330.729282101844
58695,"02215","MA","Boston",2023-10-31,652736.097320043,151961.322299724,329.54094334123
58695,"02215","MA","Boston",2023-11-30,648729.177027482,151961.322299724,326.904140612798
58695,"02215","MA","Boston",2023-12-31,645652.803799454,151961.322299724,324.879695720195
58695,"02215","MA","Boston",2024-01-31,646265.443962062,151961.322299724,325.282851045074
58695,"02215","MA","Boston",2024-02-29,648539.128731898,151961.322299724,326.779077015885
58695,"02215","MA","Boston",2024-03-31,653387.698768428,151961.322299724,329.969737615012
58695,"02215","MA","Boston",2024-04-30,659062.392086711,151961.322299724,333.704038707161
58695,"02215","MA","Boston",2024-05-31,664532.068,151961.322299724,337.303425597531
58695,"02215","MA","Boston",2024-06-30,667452.404635041,151961.322299724,339.225188708595
58695,"02215","MA","Boston",2024-07-31,669603.358500597,151961.322299724,340.640650112198
58695,"02215","MA","Boston",2024-08-31,671359.799808856,151961.322299724,341.796497719785
58695,"02215","MA","Boston",2024-09-30,673772.930503696,151961.322299724,343.384487780887
58695,"02215","MA","Boston",2024-10-31,675002.5915,151961.322299724,344.193681184639
58695,"02215","MA","Boston",2024-11-30,675662.139043161,151961.322299724,344.627704482923
58695,"02215","MA","Boston",2024-12-31,676962.858948458,151961.322299724,345.48365906769
58695,"02215","MA","Boston",2025-01-31,679185.099811038,151961.322299724,346.946031748415
58695,"02215","MA","Boston",2025-02-28,683367.084930239,151961.322299724,349.698038019427
58695,"02215","MA","Boston",2025-03-31,686952.3292,151961.322299724,352.057351702346
58695,"02215","MA","Boston",2025-04-30,691577.3417,151961.322299724,355.100897540199
58695,"02215","MA","Boston",2025-05-31,692152.956608889,151961.322299724,355.479687945663
58695,"02215","MA","Boston",2025-06-30,691674.726111317,151961.322299724,355.164982538831
58695,"02215","MA","Boston",2025-07-31,687421.589722127,151961.322299724,352.366154307525
58695,"02215","MA","Boston",2025-08-31,683832.702169098,151961.322299724,350.004443117654
58695,"02215","MA","Boston",2025-09-30,680128.809049773,151961.322299724,347.567051113379
61791,"10451","NY","New York",2000-01-31,NA,NA,NA
61791,"10451","NY","New York",2000-02-29,NA,NA,NA
61791,"10451","NY","New York",2000-03-31,NA,NA,NA
61791,"10451","NY","New York",2000-04-30,NA,NA,NA
61791,"10451","NY","New York",2000-05-31,NA,NA,NA
61791,"10451","NY","New York",2000-06-30,NA,NA,NA
61791,"10451","NY","New York",2000-07-31,NA,NA,NA
61791,"10451","NY","New York",2000-08-31,NA,NA,NA
61791,"10451","NY","New York",2000-09-30,NA,NA,NA
61791,"10451","NY","New York",2000-10-31,NA,NA,NA
61791,"10451","NY","New York",2000-11-30,NA,NA,NA
61791,"10451","NY","New York",2000-12-31,NA,NA,NA
61791,"10451","NY","New York",2001-01-31,NA,NA,NA
61791,"10451","NY","New York",2001-02-28,NA,NA,NA
61791,"10451","NY","New York",2001-03-31,NA,NA,NA
61791,"10451","NY","New York",2001-04-30,NA,NA,NA
61791,"10451","NY","New York",2001-05-31,NA,NA,NA
61791,"10451","NY","New York",2001-06-30,NA,NA,NA
61791,"10451","NY","New York",2001-07-31,NA,NA,NA
61791,"10451","NY","New York",2001-08-31,NA,NA,NA
61791,"10451","NY","New York",2001-09-30,NA,NA,NA
61791,"10451","NY","New York",2001-10-31,NA,NA,NA
61791,"10451","NY","New York",2001-11-30,NA,NA,NA
61791,"10451","NY","New York",2001-12-31,NA,NA,NA
61791,"10451","NY","New York",2002-01-31,NA,NA,NA
61791,"10451","NY","New York",2002-02-28,NA,NA,NA
61791,"10451","NY","New York",2002-03-31,NA,NA,NA
61791,"10451","NY","New York",2002-04-30,NA,NA,NA
61791,"10451","NY","New York",2002-05-31,NA,NA,NA
61791,"10451","NY","New York",2002-06-30,NA,NA,NA
61791,"10451","NY","New York",2002-07-31,NA,NA,NA
61791,"10451","NY","New York",2002-08-31,NA,NA,NA
61791,"10451","NY","New York",2002-09-30,NA,NA,NA
61791,"10451","NY","New York",2002-10-31,NA,NA,NA
61791,"10451","NY","New York",2002-11-30,NA,NA,NA
61791,"10451","NY","New York",2002-12-31,NA,NA,NA
61791,"10451","NY","New York",2003-01-31,NA,NA,NA
61791,"10451","NY","New York",2003-02-28,NA,NA,NA
61791,"10451","NY","New York",2003-03-31,NA,NA,NA
61791,"10451","NY","New York",2003-04-30,NA,NA,NA
61791,"10451","NY","New York",2003-05-31,NA,NA,NA
61791,"10451","NY","New York",2003-06-30,NA,NA,NA
61791,"10451","NY","New York",2003-07-31,NA,NA,NA
61791,"10451","NY","New York",2003-08-31,NA,NA,NA
61791,"10451","NY","New York",2003-09-30,NA,NA,NA
61791,"10451","NY","New York",2003-10-31,NA,NA,NA
61791,"10451","NY","New York",2003-11-30,NA,NA,NA
61791,"10451","NY","New York",2003-12-31,NA,NA,NA
61791,"10451","NY","New York",2004-01-31,NA,NA,NA
61791,"10451","NY","New York",2004-02-29,NA,NA,NA
61791,"10451","NY","New York",2004-03-31,NA,NA,NA
61791,"10451","NY","New York",2004-04-30,NA,NA,NA
61791,"10451","NY","New York",2004-05-31,NA,NA,NA
61791,"10451","NY","New York",2004-06-30,NA,NA,NA
61791,"10451","NY","New York",2004-07-31,NA,NA,NA
61791,"10451","NY","New York",2004-08-31,NA,NA,NA
61791,"10451","NY","New York",2004-09-30,NA,NA,NA
61791,"10451","NY","New York",2004-10-31,NA,NA,NA
61791,"10451","NY","New York",2004-11-30,NA,NA,NA
61791,"10451","NY","New York",2004-12-31,NA,NA,NA
61791,"10451","NY","New York",2005-01-31,NA,NA,NA
61791,"10451","NY","New York",2005-02-28,NA,NA,NA
61791,"10451","NY","New York",2005-03-31,NA,NA,NA
61791,"10451","NY","New York",2005-04-30,NA,NA,NA
61791,"10451","NY","New York",2005-05-31,NA,NA,NA
61791,"10451","NY","New York",2005-06-30,NA,NA,NA
61791,"10451","NY","New York",2005-07-31,NA,NA,NA
61791,"10451","NY","New York",2005-08-31,NA,NA,NA
61791,"10451","NY","New York",2005-09-30,NA,NA,NA
61791,"10451","NY","New York",2005-10-31,NA,NA,NA
61791,"10451","NY","New York",2005-11-30,NA,NA,NA
61791,"10451","NY","New York",2005-12-31,NA,NA,NA
61791,"10451","NY","New York",2006-01-31,NA,NA,NA
61791,"10451","NY","New York",2006-02-28,NA,NA,NA
61791,"10451","NY","New York",2006-03-31,NA,NA,NA
61791,"10451","NY","New York",2006-04-30,NA,NA,NA
61791,"10451","NY","New York",2006-05-31,NA,NA,NA
61791,"10451","NY","New York",2006-06-30,NA,NA,NA
61791,"10451","NY","New York",2006-07-31,NA,NA,NA
61791,"10451","NY","New York",2006-08-31,NA,NA,NA
61791,"10451","NY","New York",2006-09-30,NA,NA,NA
61791,"10451","NY","New York",2006-10-31,NA,NA,NA
61791,"10451","NY","New York",2006-11-30,NA,NA,NA
61791,"10451","NY","New York",2006-12-31,NA,NA,NA
61791,"10451","NY","New York",2007-01-31,NA,NA,NA
61791,"10451","NY","New York",2007-02-28,NA,NA,NA
61791,"10451","NY","New York",2007-03-31,NA,NA,NA
61791,"10451","NY","New York",2007-04-30,NA,NA,NA
61791,"10451","NY","New York",2007-05-31,NA,NA,NA
61791,"10451","NY","New York",2007-06-30,NA,NA,NA
61791,"10451","NY","New York",2007-07-31,NA,NA,NA
61791,"10451","NY","New York",2007-08-31,NA,NA,NA
61791,"10451","NY","New York",2007-09-30,NA,NA,NA
61791,"10451","NY","New York",2007-10-31,NA,NA,NA
61791,"10451","NY","New York",2007-11-30,NA,NA,NA
61791,"10451","NY","New York",2007-12-31,NA,NA,NA
61791,"10451","NY","New York",2008-01-31,NA,NA,NA
61791,"10451","NY","New York",2008-02-29,NA,NA,NA
61791,"10451","NY","New York",2008-03-31,NA,NA,NA
61791,"10451","NY","New York",2008-04-30,NA,NA,NA
61791,"10451","NY","New York",2008-05-31,NA,NA,NA
61791,"10451","NY","New York",2008-06-30,NA,NA,NA
61791,"10451","NY","New York",2008-07-31,NA,NA,NA
61791,"10451","NY","New York",2008-08-31,NA,NA,NA
61791,"10451","NY","New York",2008-09-30,NA,NA,NA
61791,"10451","NY","New York",2008-10-31,NA,NA,NA
61791,"10451","NY","New York",2008-11-30,NA,NA,NA
61791,"10451","NY","New York",2008-12-31,NA,NA,NA
61791,"10451","NY","New York",2009-01-31,NA,NA,NA
61791,"10451","NY","New York",2009-02-28,NA,NA,NA
61791,"10451","NY","New York",2009-03-31,NA,NA,NA
61791,"10451","NY","New York",2009-04-30,NA,NA,NA
61791,"10451","NY","New York",2009-05-31,NA,NA,NA
61791,"10451","NY","New York",2009-06-30,NA,NA,NA
61791,"10451","NY","New York",2009-07-31,NA,NA,NA
61791,"10451","NY","New York",2009-08-31,NA,NA,NA
61791,"10451","NY","New York",2009-09-30,NA,NA,NA
61791,"10451","NY","New York",2009-10-31,NA,NA,NA
61791,"10451","NY","New York",2009-11-30,NA,NA,NA
61791,"10451","NY","New York",2009-12-31,NA,NA,NA
61791,"10451","NY","New York",2010-01-31,NA,NA,NA
61791,"10451","NY","New York",2010-02-28,NA,NA,NA
61791,"10451","NY","New York",2010-03-31,NA,NA,NA
61791,"10451","NY","New York",2010-04-30,NA,NA,NA
61791,"10451","NY","New York",2010-05-31,NA,NA,NA
61791,"10451","NY","New York",2010-06-30,NA,NA,NA
61791,"10451","NY","New York",2010-07-31,NA,NA,NA
61791,"10451","NY","New York",2010-08-31,NA,NA,NA
61791,"10451","NY","New York",2010-09-30,NA,NA,NA
61791,"10451","NY","New York",2010-10-31,NA,NA,NA
61791,"10451","NY","New York",2010-11-30,NA,NA,NA
61791,"10451","NY","New York",2010-12-31,NA,NA,NA
61791,"10451","NY","New York",2011-01-31,NA,NA,NA
61791,"10451","NY","New York",2011-02-28,NA,NA,NA
61791,"10451","NY","New York",2011-03-31,NA,NA,NA
61791,"10451","NY","New York",2011-04-30,NA,NA,NA
61791,"10451","NY","New York",2011-05-31,NA,NA,NA
61791,"10451","NY","New York",2011-06-30,NA,NA,NA
61791,"10451","NY","New York",2011-07-31,NA,NA,NA
61791,"10451","NY","New York",2011-08-31,NA,NA,NA
61791,"10451","NY","New York",2011-09-30,NA,NA,NA
61791,"10451","NY","New York",2011-10-31,NA,NA,NA
61791,"10451","NY","New York",2011-11-30,NA,NA,NA
61791,"10451","NY","New York",2011-12-31,NA,NA,NA
61791,"10451","NY","New York",2012-01-31,NA,NA,NA
61791,"10451","NY","New York",2012-02-29,NA,NA,NA
61791,"10451","NY","New York",2012-03-31,NA,NA,NA
61791,"10451","NY","New York",2012-04-30,NA,NA,NA
61791,"10451","NY","New York",2012-05-31,NA,NA,NA
61791,"10451","NY","New York",2012-06-30,NA,NA,NA
61791,"10451","NY","New York",2012-07-31,NA,NA,NA
61791,"10451","NY","New York",2012-08-31,NA,NA,NA
61791,"10451","NY","New York",2012-09-30,NA,NA,NA
61791,"10451","NY","New York",2012-10-31,NA,NA,NA
61791,"10451","NY","New York",2012-11-30,NA,NA,NA
61791,"10451","NY","New York",2012-12-31,NA,NA,NA
61791,"10451","NY","New York",2013-01-31,NA,NA,NA
61791,"10451","NY","New York",2013-02-28,NA,NA,NA
61791,"10451","NY","New York",2013-03-31,NA,NA,NA
61791,"10451","NY","New York",2013-04-30,NA,NA,NA
61791,"10451","NY","New York",2013-05-31,NA,NA,NA
61791,"10451","NY","New York",2013-06-30,NA,NA,NA
61791,"10451","NY","New York",2013-07-31,NA,NA,NA
61791,"10451","NY","New York",2013-08-31,NA,NA,NA
61791,"10451","NY","New York",2013-09-30,NA,NA,NA
61791,"10451","NY","New York",2013-10-31,NA,NA,NA
61791,"10451","NY","New York",2013-11-30,NA,NA,NA
61791,"10451","NY","New York",2013-12-31,NA,NA,NA
61791,"10451","NY","New York",2014-01-31,NA,NA,NA
61791,"10451","NY","New York",2014-02-28,NA,NA,NA
61791,"10451","NY","New York",2014-03-31,NA,NA,NA
61791,"10451","NY","New York",2014-04-30,NA,NA,NA
61791,"10451","NY","New York",2014-05-31,NA,NA,NA
61791,"10451","NY","New York",2014-06-30,NA,NA,NA
61791,"10451","NY","New York",2014-07-31,NA,NA,NA
61791,"10451","NY","New York",2014-08-31,NA,NA,NA
61791,"10451","NY","New York",2014-09-30,NA,NA,NA
61791,"10451","NY","New York",2014-10-31,NA,NA,NA
61791,"10451","NY","New York",2014-11-30,NA,NA,NA
61791,"10451","NY","New York",2014-12-31,NA,NA,NA
61791,"10451","NY","New York",2015-01-31,NA,NA,NA
61791,"10451","NY","New York",2015-02-28,NA,NA,NA
61791,"10451","NY","New York",2015-03-31,NA,NA,NA
61791,"10451","NY","New York",2015-04-30,NA,NA,NA
61791,"10451","NY","New York",2015-05-31,NA,NA,NA
61791,"10451","NY","New York",2015-06-30,NA,NA,NA
61791,"10451","NY","New York",2015-07-31,NA,NA,NA
61791,"10451","NY","New York",2015-08-31,NA,NA,NA
61791,"10451","NY","New York",2015-09-30,NA,NA,NA
61791,"10451","NY","New York",2015-10-31,NA,NA,NA
61791,"10451","NY","New York",2015-11-30,NA,NA,NA
61791,"10451","NY","New York",2015-12-31,NA,NA,NA
61791,"10451","NY","New York",2016-01-31,NA,NA,NA
61791,"10451","NY","New York",2016-02-29,NA,NA,NA
61791,"10451","NY","New York",2016-03-31,NA,NA,NA
61791,"10451","NY","New York",2016-04-30,NA,NA,NA
61791,"10451","NY","New York",2016-05-31,NA,NA,NA
61791,"10451","NY","New York",2016-06-30,NA,NA,NA
61791,"10451","NY","New York",2016-07-31,NA,NA,NA
61791,"10451","NY","New York",2016-08-31,NA,NA,NA
61791,"10451","NY","New York",2016-09-30,NA,NA,NA
61791,"10451","NY","New York",2016-10-31,NA,NA,NA
61791,"10451","NY","New York",2016-11-30,NA,NA,NA
61791,"10451","NY","New York",2016-12-31,NA,NA,NA
61791,"10451","NY","New York",2017-01-31,NA,NA,NA
61791,"10451","NY","New York",2017-02-28,NA,NA,NA
61791,"10451","NY","New York",2017-03-31,NA,NA,NA
61791,"10451","NY","New York",2017-04-30,NA,NA,NA
61791,"10451","NY","New York",2017-05-31,NA,NA,NA
61791,"10451","NY","New York",2017-06-30,NA,NA,NA
61791,"10451","NY","New York",2017-07-31,NA,NA,NA
61791,"10451","NY","New York",2017-08-31,NA,NA,NA
61791,"10451","NY","New York",2017-09-30,NA,NA,NA
61791,"10451","NY","New York",2017-10-31,NA,NA,NA
61791,"10451","NY","New York",2017-11-30,NA,NA,NA
61791,"10451","NY","New York",2017-12-31,NA,NA,NA
61791,"10451","NY","New York",2018-01-31,NA,NA,NA
61791,"10451","NY","New York",2018-02-28,NA,NA,NA
61791,"10451","NY","New York",2018-03-31,NA,NA,NA
61791,"10451","NY","New York",2018-04-30,NA,NA,NA
61791,"10451","NY","New York",2018-05-31,NA,NA,NA
61791,"10451","NY","New York",2018-06-30,NA,NA,NA
61791,"10451","NY","New York",2018-07-31,NA,NA,NA
61791,"10451","NY","New York",2018-08-31,NA,NA,NA
61791,"10451","NY","New York",2018-09-30,NA,NA,NA
61791,"10451","NY","New York",2018-10-31,NA,NA,NA
61791,"10451","NY","New York",2018-11-30,NA,NA,NA
61791,"10451","NY","New York",2018-12-31,NA,NA,NA
61791,"10451","NY","New York",2019-01-31,NA,NA,NA
61791,"10451","NY","New York",2019-02-28,NA,NA,NA
61791,"10451","NY","New York",2019-03-31,NA,NA,NA
61791,"10451","NY","New York",2019-04-30,NA,NA,NA
61791,"10451","NY","New York",2019-05-31,NA,NA,NA
61791,"10451","NY","New York",2019-06-30,NA,NA,NA
61791,"10451","NY","New York",2019-07-31,NA,NA,NA
61791,"10451","NY","New York",2019-08-31,NA,NA,NA
61791,"10451","NY","New York",2019-09-30,NA,NA,NA
61791,"10451","NY","New York",2019-10-31,NA,NA,NA
61791,"10451","NY","New York",2019-11-30,NA,NA,NA
61791,"10451","NY","New York",2019-12-31,NA,NA,NA
61791,"10451","NY","New York",2020-01-31,NA,NA,NA
61791,"10451","NY","New York",2020-02-29,NA,NA,NA
61791,"10451","NY","New York",2020-03-31,NA,NA,NA
61791,"10451","NY","New York",2020-04-30,NA,NA,NA
61791,"10451","NY","New York",2020-05-31,NA,NA,NA
61791,"10451","NY","New York",2020-06-30,NA,NA,NA
61791,"10451","NY","New York",2020-07-31,NA,NA,NA
61791,"10451","NY","New York",2020-08-31,NA,NA,NA
61791,"10451","NY","New York",2020-09-30,NA,NA,NA
61791,"10451","NY","New York",2020-10-31,NA,NA,NA
61791,"10451","NY","New York",2020-11-30,NA,NA,NA
61791,"10451","NY","New York",2020-12-31,NA,NA,NA
61791,"10451","NY","New York",2021-01-31,NA,NA,NA
61791,"10451","NY","New York",2021-02-28,NA,NA,NA
61791,"10451","NY","New York",2021-03-31,NA,NA,NA
61791,"10451","NY","New York",2021-04-30,NA,NA,NA
61791,"10451","NY","New York",2021-05-31,NA,NA,NA
61791,"10451","NY","New York",2021-06-30,NA,NA,NA
61791,"10451","NY","New York",2021-07-31,NA,NA,NA
61791,"10451","NY","New York",2021-08-31,NA,NA,NA
61791,"10451","NY","New York",2021-09-30,NA,NA,NA
61791,"10451","NY","New York",2021-10-31,NA,NA,NA
61791,"10451","NY","New York",2021-11-30,NA,NA,NA
61791,"10451","NY","New York",2021-12-31,NA,NA,NA
61791,"10451","NY","New York",2022-01-31,NA,NA,NA
61791,"10451","NY","New York",2022-02-28,NA,NA,NA
61791,"10451","NY","New York",2022-03-31,NA,NA,NA
61791,"10451","NY","New York",2022-04-30,NA,NA,NA
61791,"10451","NY","New York",2022-05-31,NA,NA,NA
61791,"10451","NY","New York",2022-06-30,NA,NA,NA
61791,"10451","NY","New York",2022-07-31,NA,NA,NA
61791,"10451","NY","New York",2022-08-31,NA,NA,NA
61791,"10451","NY","New York",2022-09-30,NA,NA,NA
61791,"10451","NY","New York",2022-10-31,NA,NA,NA
61791,"10451","NY","New York",2022-11-30,NA,NA,NA
61791,"10451","NY","New York",2022-12-31,NA,NA,NA
61791,"10451","NY","New York",2023-01-31,NA,NA,NA
61791,"10451","NY","New York",2023-02-28,NA,NA,NA
61791,"10451","NY","New York",2023-03-31,NA,NA,NA
61791,"10451","NY","New York",2023-04-30,NA,NA,NA
61791,"10451","NY","New York",2023-05-31,NA,NA,NA
61791,"10451","NY","New York",2023-06-30,NA,NA,NA
61791,"10451","NY","New York",2023-07-31,347843.798455097,NA,NA
61791,"10451","NY","New York",2023-08-31,348080.69050868,NA,NA
61791,"10451","NY","New York",2023-09-30,348289.049410117,NA,NA
61791,"10451","NY","New York",2023-10-31,347088.945931,NA,NA
61791,"10451","NY","New York",2023-11-30,343738.217124359,NA,NA
61791,"10451","NY","New York",2023-12-31,340276.066995865,NA,NA
61791,"10451","NY","New York",2024-01-31,339361.880607106,NA,NA
61791,"10451","NY","New York",2024-02-29,340253.358124043,NA,NA
61791,"10451","NY","New York",2024-03-31,341918.191632741,NA,NA
61791,"10451","NY","New York",2024-04-30,340786.199140036,NA,NA
61791,"10451","NY","New York",2024-05-31,339370.147787225,NA,NA
61791,"10451","NY","New York",2024-06-30,335375.295559828,NA,NA
61791,"10451","NY","New York",2024-07-31,333679.321544509,NA,NA
61791,"10451","NY","New York",2024-08-31,331992.25505749,NA,NA
61791,"10451","NY","New York",2024-09-30,329081.069009937,NA,NA
61791,"10451","NY","New York",2024-10-31,324246.890944674,NA,NA
61791,"10451","NY","New York",2024-11-30,319499.003352048,NA,NA
61791,"10451","NY","New York",2024-12-31,317874.473794968,NA,NA
61791,"10451","NY","New York",2025-01-31,317125.973823638,NA,NA
61791,"10451","NY","New York",2025-02-28,318938.966500193,NA,NA
61791,"10451","NY","New York",2025-03-31,322909.056673887,NA,NA
61791,"10451","NY","New York",2025-04-30,328439.350988007,NA,NA
61791,"10451","NY","New York",2025-05-31,331825.513195063,NA,NA
61791,"10451","NY","New York",2025-06-30,333624.065608908,NA,NA
61791,"10451","NY","New York",2025-07-31,334662.333899894,NA,NA
61791,"10451","NY","New York",2025-08-31,336059.193009378,NA,NA
61791,"10451","NY","New York",2025-09-30,337620.50830927,NA,NA
62080,"11368","NY","New York",2000-01-31,174013.827521492,174013.827521492,0
62080,"11368","NY","New York",2000-02-29,175743.348157609,174013.827521492,0.993898393449954
62080,"11368","NY","New York",2000-03-31,177042.424681623,174013.827521492,1.7404347707696
62080,"11368","NY","New York",2000-04-30,179210.851058891,174013.827521492,2.98655779912515
62080,"11368","NY","New York",2000-05-31,180765.991944412,174013.827521492,3.88024590866835
62080,"11368","NY","New York",2000-06-30,182457.371931098,174013.827521492,4.8522261304572
62080,"11368","NY","New York",2000-07-31,184569.439781711,174013.827521492,6.06596177474209
62080,"11368","NY","New York",2000-08-31,186709.859237466,174013.827521492,7.29599015021141
62080,"11368","NY","New York",2000-09-30,188987.832294888,174013.827521492,8.60506603795422
62080,"11368","NY","New York",2000-10-31,191848.919251805,174013.827521492,10.2492382268361
62080,"11368","NY","New York",2000-11-30,195091.323039708,174013.827521492,12.112540605782
62080,"11368","NY","New York",2000-12-31,198027.811731549,174013.827521492,13.8000436816388
62080,"11368","NY","New York",2001-01-31,200577.005235379,174013.827521492,15.2649810030793
62080,"11368","NY","New York",2001-02-28,202988.200923701,174013.827521492,16.6506155372223
62080,"11368","NY","New York",2001-03-31,205725.84558507,174013.827521492,18.2238495154427
62080,"11368","NY","New York",2001-04-30,208636.769522267,174013.827521492,19.8966613710619
62080,"11368","NY","New York",2001-05-31,211422.200467711,174013.827521492,21.4973565486332
62080,"11368","NY","New York",2001-06-30,213878.782117336,174013.827521492,22.9090728958997
62080,"11368","NY","New York",2001-07-31,216184.015445776,174013.827521492,24.2338143611467
62080,"11368","NY","New York",2001-08-31,218365.504281368,174013.827521492,25.4874439529231
62080,"11368","NY","New York",2001-09-30,220345.08463908,174013.827521492,26.6250434103383
62080,"11368","NY","New York",2001-10-31,221765.217353581,174013.827521492,27.4411467825404
62080,"11368","NY","New York",2001-11-30,224256.835244188,174013.827521492,28.8729973004533
62080,"11368","NY","New York",2001-12-31,227807.608326123,174013.827521492,30.913509329014
62080,"11368","NY","New York",2002-01-31,231912.326049421,174013.827521492,33.2723550493588
62080,"11368","NY","New York",2002-02-28,235245.376207925,174013.827521492,35.18774890396
62080,"11368","NY","New York",2002-03-31,237721.427918367,174013.827521492,36.6106540521939
62080,"11368","NY","New York",2002-04-30,239915.202006151,174013.827521492,37.8713435726941
62080,"11368","NY","New York",2002-05-31,241739.98942939,174013.827521492,38.9199886425886
62080,"11368","NY","New York",2002-06-30,243826.023111278,174013.827521492,40.118763309866
62080,"11368","NY","New York",2002-07-31,246015.046204935,174013.827521492,41.3767225909392
62080,"11368","NY","New York",2002-08-31,248402.98312731,174013.827521492,42.7489910803962
62080,"11368","NY","New York",2002-09-30,250707.818089411,174013.827521492,44.0735036176635
62080,"11368","NY","New York",2002-10-31,252897.997569313,174013.827521492,45.3321274357225
62080,"11368","NY","New York",2002-11-30,254821.306088418,174013.827521492,46.4373893258257
62080,"11368","NY","New York",2002-12-31,256473.14455828,174013.827521492,47.3866463437242
62080,"11368","NY","New York",2003-01-31,258052.338692042,174013.827521492,48.2941570606915
62080,"11368","NY","New York",2003-02-28,259778.661447104,174013.827521492,49.2862177375071
62080,"11368","NY","New York",2003-03-31,261401.812647903,174013.827521492,50.2189891292508
62080,"11368","NY","New York",2003-04-30,263006.642545974,174013.827521492,51.1412318733642
62080,"11368","NY","New York",2003-05-31,264498.650732864,174013.827521492,51.9986397059144
62080,"11368","NY","New York",2003-06-30,265058.09872914,174013.827521492,52.3201359940222
62080,"11368","NY","New York",2003-07-31,263826.791134918,174013.827521492,51.6125441826363
62080,"11368","NY","New York",2003-08-31,261706.294681794,174013.827521492,50.3939648988361
62080,"11368","NY","New York",2003-09-30,261145.311015831,174013.827521492,50.0715861120738
62080,"11368","NY","New York",2003-10-31,262488.775344223,174013.827521492,50.8436306946952
62080,"11368","NY","New York",2003-11-30,265314.026748156,174013.827521492,52.4672093747191
62080,"11368","NY","New York",2003-12-31,267397.385128267,174013.827521492,53.6644466344159
62080,"11368","NY","New York",2004-01-31,269161.128461007,174013.827521492,54.6780116814359
62080,"11368","NY","New York",2004-02-29,270187.490134086,174013.827521492,55.2678278401271
62080,"11368","NY","New York",2004-03-31,271173.7157,174013.827521492,55.8345791034958
62080,"11368","NY","New York",2004-04-30,272464.770799946,174013.827521492,56.5765058333052
62080,"11368","NY","New York",2004-05-31,274580.709150708,174013.827521492,57.792465726205
62080,"11368","NY","New York",2004-06-30,278009.489259444,174013.827521492,59.7628724217953
62080,"11368","NY","New York",2004-07-31,282284.49227047,174013.827521492,62.2195754734527
62080,"11368","NY","New York",2004-08-31,286455.72649922,174013.827521492,64.6166460328223
62080,"11368","NY","New York",2004-09-30,290735.527498503,174013.827521492,67.0761063298808
62080,"11368","NY","New York",2004-10-31,294939.061962126,174013.827521492,69.4917387675405
62080,"11368","NY","New York",2004-11-30,299706.313784031,174013.827521492,72.2313209546612
62080,"11368","NY","New York",2004-12-31,304046.464904975,174013.827521492,74.7254624736202
62080,"11368","NY","New York",2005-01-31,308373.675855256,174013.827521492,77.2121677038392
62080,"11368","NY","New York",2005-02-28,312866.980350957,174013.827521492,79.7943214094962
62080,"11368","NY","New York",2005-03-31,317923.4243,174013.827521492,82.7000927617286
62080,"11368","NY","New York",2005-04-30,323946.060502459,174013.827521492,86.1611028942223
62080,"11368","NY","New York",2005-05-31,330628.588561453,174013.827521492,90.0013310842312
62080,"11368","NY","New York",2005-06-30,335473.312209495,174013.827521492,92.7854337713832
62080,"11368","NY","New York",2005-07-31,341428.901326876,174013.827521492,96.2079141582626
62080,"11368","NY","New York",2005-08-31,347324.175299134,174013.827521492,99.5957334231025
62080,"11368","NY","New York",2005-09-30,354637.89875525,174013.827521492,103.798688763081
62080,"11368","NY","New York",2005-10-31,361000.965444577,174013.827521492,107.455333053915
62080,"11368","NY","New York",2005-11-30,366472.534337351,174013.827521492,110.599663002119
62080,"11368","NY","New York",2005-12-31,372897.170676203,174013.827521492,114.291689337244
62080,"11368","NY","New York",2006-01-31,378624.701887584,174013.827521492,117.583112376987
62080,"11368","NY","New York",2006-02-28,384563.252271244,174013.827521492,120.995801166288
62080,"11368","NY","New York",2006-03-31,390241.4445,174013.827521492,124.2588707221
62080,"11368","NY","New York",2006-04-30,394618.077576122,174013.827521492,126.77397721591
62080,"11368","NY","New York",2006-05-31,399024.447194757,174013.827521492,129.306172318676
62080,"11368","NY","New York",2006-06-30,401772.13226661,174013.827521492,130.885176189225
62080,"11368","NY","New York",2006-07-31,404229.181487319,174013.827521492,132.297161234152
62080,"11368","NY","New York",2006-08-31,407788.129767989,174013.827521492,134.342371279446
62080,"11368","NY","New York",2006-09-30,411159.100586724,174013.827521492,136.279556885181
62080,"11368","NY","New York",2006-10-31,411830.445972948,174013.827521492,136.665356907964
62080,"11368","NY","New York",2006-11-30,407487.989201186,174013.827521492,134.169890407622
62080,"11368","NY","New York",2006-12-31,403644.811652971,174013.827521492,131.961343188729
62080,"11368","NY","New York",2007-01-31,402003.045423506,174013.827521492,131.017874354758
62080,"11368","NY","New York",2007-02-28,403264.650461742,174013.827521492,131.742877106669
62080,"11368","NY","New York",2007-03-31,407797.742962708,174013.827521492,134.347895664983
62080,"11368","NY","New York",2007-04-30,411083.906374188,174013.827521492,136.236345254469
62080,"11368","NY","New York",2007-05-31,414559.01270157,174013.827521492,138.233374098026
62080,"11368","NY","New York",2007-06-30,413017.951547171,174013.827521492,137.347777144986
62080,"11368","NY","New York",2007-07-31,411735.870898799,174013.827521492,136.611007736122
62080,"11368","NY","New York",2007-08-31,410595.525158343,174013.827521492,135.955688698148
62080,"11368","NY","New York",2007-09-30,410892.281423578,174013.827521492,136.126224723624
62080,"11368","NY","New York",2007-10-31,413700.608350304,174013.827521492,137.740077465516
62080,"11368","NY","New York",2007-11-30,415139.189723762,174013.827521492,138.566782672767
62080,"11368","NY","New York",2007-12-31,416677.32485723,174013.827521492,139.450698138208
62080,"11368","NY","New York",2008-01-31,415431.096123441,174013.827521492,138.734531640673
62080,"11368","NY","New York",2008-02-29,412999.330507497,174013.827521492,137.337076248431
62080,"11368","NY","New York",2008-03-31,408139.05995564,174013.827521492,134.544039269082
62080,"11368","NY","New York",2008-04-30,404447.806459637,174013.827521492,132.422797785817
62080,"11368","NY","New York",2008-05-31,402022.151384346,174013.827521492,131.028853919493
62080,"11368","NY","New York",2008-06-30,401184.062676948,174013.827521492,130.547232016605
62080,"11368","NY","New York",2008-07-31,400169.369092354,174013.827521492,129.964121123036
62080,"11368","NY","New York",2008-08-31,398505.576932219,174013.827521492,129.007994714099
62080,"11368","NY","New York",2008-09-30,394640.720754355,174013.827521492,126.786989502667
62080,"11368","NY","New York",2008-10-31,391179.8628984,174013.827521492,124.798148785094
62080,"11368","NY","New York",2008-11-30,387202.698354172,174013.827521492,122.512603664413
62080,"11368","NY","New York",2008-12-31,378729.825972048,174013.827521492,117.643523716684
62080,"11368","NY","New York",2009-01-31,366163.752846923,174013.827521492,110.422216476848
62080,"11368","NY","New York",2009-02-28,352872.410270243,174013.827521492,102.784120834685
62080,"11368","NY","New York",2009-03-31,345111.992591526,174013.827521492,98.3244650767206
62080,"11368","NY","New York",2009-04-30,341490.212545042,174013.827521492,96.2431476905857
62080,"11368","NY","New York",2009-05-31,339002.779605416,174013.827521492,94.8137021257962
62080,"11368","NY","New York",2009-06-30,337095.729952886,174013.827521492,93.7177836693767
62080,"11368","NY","New York",2009-07-31,334122.861617524,174013.827521492,92.0093744137993
62080,"11368","NY","New York",2009-08-31,331217.475031085,174013.827521492,90.3397446907931
62080,"11368","NY","New York",2009-09-30,328715.3370671,174013.827521492,88.9018486341274
62080,"11368","NY","New York",2009-10-31,326599.281551862,174013.827521492,87.6858214106718
62080,"11368","NY","New York",2009-11-30,325803.00049321,174013.827521492,87.2282249828514
62080,"11368","NY","New York",2009-12-31,325236.209684308,174013.827521492,86.9025090228184
62080,"11368","NY","New York",2010-01-31,325073.817369638,174013.827521492,86.8091875224622
62080,"11368","NY","New York",2010-02-28,323825.031725942,174013.827521492,86.0915516532431
62080,"11368","NY","New York",2010-03-31,321892.431690339,174013.827521492,84.9809502354535
62080,"11368","NY","New York",2010-04-30,320460.002411544,174013.827521492,84.1577804338363
62080,"11368","NY","New York",2010-05-31,319985.760531437,174013.827521492,83.8852492868225
62080,"11368","NY","New York",2010-06-30,321192.381949318,174013.827521492,84.5786547679084
62080,"11368","NY","New York",2010-07-31,321925.610669303,174013.827521492,85.000017098953
62080,"11368","NY","New York",2010-08-31,322880.373654586,174013.827521492,85.5486878562613
62080,"11368","NY","New York",2010-09-30,324282.116721906,174013.827521492,86.3542233055329
62080,"11368","NY","New York",2010-10-31,326671.268261652,174013.827521492,87.7271897954812
62080,"11368","NY","New York",2010-11-30,327796.236347072,174013.827521492,88.3736718029417
62080,"11368","NY","New York",2010-12-31,327490.137802394,174013.827521492,88.1977670779906
62080,"11368","NY","New York",2011-01-31,327419.841664791,174013.827521492,88.1573702091881
62080,"11368","NY","New York",2011-02-28,328144.578077765,174013.827521492,88.5738522918455
62080,"11368","NY","New York",2011-03-31,328752.188711633,174013.827521492,88.9230260572426
62080,"11368","NY","New York",2011-04-30,328285.883672777,174013.827521492,88.6550559507872
62080,"11368","NY","New York",2011-05-31,327670.065443202,174013.827521492,88.3011655511872
62080,"11368","NY","New York",2011-06-30,327690.077949038,174013.827521492,88.3126660773935
62080,"11368","NY","New York",2011-07-31,328169.9398,174013.827521492,88.5884268360621
62080,"11368","NY","New York",2011-08-31,328941.867729441,174013.827521492,89.0320283247691
62080,"11368","NY","New York",2011-09-30,328504.487278187,174013.827521492,88.7806802235959
62080,"11368","NY","New York",2011-10-31,327308.251894357,174013.827521492,88.0932432532882
62080,"11368","NY","New York",2011-11-30,325710.32827235,174013.827521492,87.174969317954
62080,"11368","NY","New York",2011-12-31,325158.175345115,174013.827521492,86.8576652651097
62080,"11368","NY","New York",2012-01-31,324350.231811429,174013.827521492,86.3933667980317
62080,"11368","NY","New York",2012-02-29,323659.172084984,174013.827521492,85.996237594975
62080,"11368","NY","New York",2012-03-31,322992.713298633,174013.827521492,85.6132457397625
62080,"11368","NY","New York",2012-04-30,323496.8543,174013.827521492,85.9029589243682
62080,"11368","NY","New York",2012-05-31,324399.074219485,174013.827521492,86.4214349169575
62080,"11368","NY","New York",2012-06-30,326430.588101835,174013.827521492,87.5888788559166
62080,"11368","NY","New York",2012-07-31,330189.927000381,174013.827521492,89.7492467715536
62080,"11368","NY","New York",2012-08-31,333330.770140403,174013.827521492,91.5541856001265
62080,"11368","NY","New York",2012-09-30,334534.406583799,174013.827521492,92.2458757149523
62080,"11368","NY","New York",2012-10-31,333211.056314696,174013.827521492,91.4853900179527
62080,"11368","NY","New York",2012-11-30,332418.6139,174013.827521492,91.0299995320453
62080,"11368","NY","New York",2012-12-31,332412.218906426,174013.827521492,91.0263245404282
62080,"11368","NY","New York",2013-01-31,332937.245428846,174013.827521492,91.3280399442546
62080,"11368","NY","New York",2013-02-28,333079.767262366,174013.827521492,91.4099425353016
62080,"11368","NY","New York",2013-03-31,332472.653955789,174013.827521492,91.0610545674748
62080,"11368","NY","New York",2013-04-30,331341.929459639,174013.827521492,90.4112645408688
62080,"11368","NY","New York",2013-05-31,330849.644641853,174013.827521492,90.1283647134252
62080,"11368","NY","New York",2013-06-30,333540.608284005,174013.827521492,91.6747726515069
62080,"11368","NY","New York",2013-07-31,338740.925518614,174013.827521492,94.6632232296468
62080,"11368","NY","New York",2013-08-31,342888.465141405,174013.827521492,97.0466772814684
62080,"11368","NY","New York",2013-09-30,346187.72614034,174013.827521492,98.9426536219273
62080,"11368","NY","New York",2013-10-31,348982.227475827,174013.827521492,100.548561253114
62080,"11368","NY","New York",2013-11-30,353442.093840083,174013.827521492,103.111499168898
62080,"11368","NY","New York",2013-12-31,356393.989039895,174013.827521492,104.807855856097
62080,"11368","NY","New York",2014-01-31,359324.188739481,174013.827521492,106.491744855794
62080,"11368","NY","New York",2014-02-28,362097.334281787,174013.827521492,108.085380017898
62080,"11368","NY","New York",2014-03-31,365123.094853845,174013.827521492,109.824184695179
62080,"11368","NY","New York",2014-04-30,367081.150407579,174013.827521492,110.949414558588
62080,"11368","NY","New York",2014-05-31,370342.911022065,174013.827521492,112.823840666527
62080,"11368","NY","New York",2014-06-30,375076.591977223,174013.827521492,115.54413078518
62080,"11368","NY","New York",2014-07-31,380999.270760512,174013.827521492,118.947698689896
62080,"11368","NY","New York",2014-08-31,384718.351073537,174013.827521492,121.084931325944
62080,"11368","NY","New York",2014-09-30,388002.070616949,174013.827521492,122.971976505159
62080,"11368","NY","New York",2014-10-31,391749.583958211,174013.827521492,125.125548663555
62080,"11368","NY","New York",2014-11-30,397159.967544428,174013.827521492,128.234717436679
62080,"11368","NY","New York",2014-12-31,400856.3713906,174013.827521492,130.3589186561
62080,"11368","NY","New York",2015-01-31,403668.749570238,174013.827521492,131.975099519251
62080,"11368","NY","New York",2015-02-28,405280.406401633,174013.827521492,132.901265476491
62080,"11368","NY","New York",2015-03-31,407940.88142872,174013.827521492,134.430152614358
62080,"11368","NY","New York",2015-04-30,410313.896275666,174013.827521492,135.793845879857
62080,"11368","NY","New York",2015-05-31,412714.750448626,174013.827521492,137.173537486642
62080,"11368","NY","New York",2015-06-30,414576.814550349,174013.827521492,138.243604232627
62080,"11368","NY","New York",2015-07-31,417847.141398914,174013.827521492,140.122953072397
62080,"11368","NY","New York",2015-08-31,422635.654988511,174013.827521492,142.874753695256
62080,"11368","NY","New York",2015-09-30,429049.346007079,174013.827521492,146.560490116274
62080,"11368","NY","New York",2015-10-31,434565.51010344,174013.827521492,149.730447455257
62080,"11368","NY","New York",2015-11-30,439249.480977696,174013.827521492,152.422170832054
62080,"11368","NY","New York",2015-12-31,445235.868810851,174013.827521492,155.862350223784
62080,"11368","NY","New York",2016-01-31,451665.835195001,174013.827521492,159.557439559921
62080,"11368","NY","New York",2016-02-29,458790.489499602,174013.827521492,163.651743102391
62080,"11368","NY","New York",2016-03-31,463395.66308476,174013.827521492,166.298184279366
62080,"11368","NY","New York",2016-04-30,467957.697098635,174013.827521492,168.919834569376
62080,"11368","NY","New York",2016-05-31,471550.705407403,174013.827521492,170.98461778801
62080,"11368","NY","New York",2016-06-30,475405.793052497,174013.827521492,173.200009346258
62080,"11368","NY","New York",2016-07-31,477698.883053359,174013.827521492,174.51777244217
62080,"11368","NY","New York",2016-08-31,480177.857057519,174013.827521492,175.942356936097
62080,"11368","NY","New York",2016-09-30,482935.030230502,174013.827521492,177.526813305027
62080,"11368","NY","New York",2016-10-31,485356.115630362,174013.827521492,178.91813112979
62080,"11368","NY","New York",2016-11-30,488473.892597731,174013.827521492,180.709814590683
62080,"11368","NY","New York",2016-12-31,492662.130768543,174013.827521492,183.116656754013
62080,"11368","NY","New York",2017-01-31,497716.2857,174013.827521492,186.021112683432
62080,"11368","NY","New York",2017-02-28,504199.01498245,174013.827521492,189.746523114767
62080,"11368","NY","New York",2017-03-31,510056.828509877,174013.827521492,193.112815099066
62080,"11368","NY","New York",2017-04-30,517811.607527757,174013.827521492,197.56923050486
62080,"11368","NY","New York",2017-05-31,521675.672849877,174013.827521492,199.789781237613
62080,"11368","NY","New York",2017-06-30,524128.431656238,174013.827521492,201.199300723102
62080,"11368","NY","New York",2017-07-31,524424.212018761,174013.827521492,201.369275929518
62080,"11368","NY","New York",2017-08-31,526863.943734167,174013.827521492,202.771309176046
62080,"11368","NY","New York",2017-09-30,527037.827970162,174013.827521492,202.871234704075
62080,"11368","NY","New York",2017-10-31,529423.6692,174013.827521492,204.242298868239
62080,"11368","NY","New York",2017-11-30,532388.295478592,174013.827521492,205.945971685979
62080,"11368","NY","New York",2017-12-31,539757.473864415,174013.827521492,210.180795142703
62080,"11368","NY","New York",2018-01-31,547534.06600015,174013.827521492,214.649745826966
62080,"11368","NY","New York",2018-02-28,554061.066107704,174013.827521492,218.400597239477
62080,"11368","NY","New York",2018-03-31,561150.492030399,174013.827521492,222.474656194258
62080,"11368","NY","New York",2018-04-30,566279.0004984,174013.827521492,225.421840645659
62080,"11368","NY","New York",2018-05-31,570901.703885162,174013.827521492,228.078355620706
62080,"11368","NY","New York",2018-06-30,572604.338595005,174013.827521492,229.056803560214
62080,"11368","NY","New York",2018-07-31,573623.405631535,174013.827521492,229.642427732181
62080,"11368","NY","New York",2018-08-31,575360.297768593,174013.827521492,230.640562283783
62080,"11368","NY","New York",2018-09-30,577654.011849324,174013.827521492,231.958684017786
62080,"11368","NY","New York",2018-10-31,578828.926430907,174013.827521492,232.633868627146
62080,"11368","NY","New York",2018-11-30,578159.822316707,174013.827521492,232.249356589378
62080,"11368","NY","New York",2018-12-31,577095.270988832,174013.827521492,231.637594097261
62080,"11368","NY","New York",2019-01-31,579730.085061727,174013.827521492,233.151734732187
62080,"11368","NY","New York",2019-02-28,585035.00794705,174013.827521492,236.200298723269
62080,"11368","NY","New York",2019-03-31,592002.840250664,174013.827521492,240.204481840702
62080,"11368","NY","New York",2019-04-30,596279.9322,174013.827521492,242.66238533622
62080,"11368","NY","New York",2019-05-31,600061.189474596,174013.827521492,244.835349018735
62080,"11368","NY","New York",2019-06-30,603060.354878366,174013.827521492,246.558870331086
62080,"11368","NY","New York",2019-07-31,606531.317352189,174013.827521492,248.55351783885
62080,"11368","NY","New York",2019-08-31,609118.5798,174013.827521492,250.040332125198
62080,"11368","NY","New York",2019-09-30,610344.065892378,174013.827521492,250.744578511726
62080,"11368","NY","New York",2019-10-31,610260.430072644,174013.827521492,250.696515768135
62080,"11368","NY","New York",2019-11-30,612265.2509,174013.827521492,251.848620089907
62080,"11368","NY","New York",2019-12-31,615260.3556773,174013.827521492,253.569807894325
62080,"11368","NY","New York",2020-01-31,617125.9304,174013.827521492,254.641892078249
62080,"11368","NY","New York",2020-02-29,616033.947761274,174013.827521492,254.014365717684
62080,"11368","NY","New York",2020-03-31,612539.290015603,174013.827521492,252.006101319707
62080,"11368","NY","New York",2020-04-30,610212.905354367,174013.827521492,250.669204882009
62080,"11368","NY","New York",2020-05-31,609173.218618525,174013.827521492,250.071731249799
62080,"11368","NY","New York",2020-06-30,608004.3412,174013.827521492,249.400015998675
62080,"11368","NY","New York",2020-07-31,603684.393446215,174013.827521492,246.917484687621
62080,"11368","NY","New York",2020-08-31,596320.592270511,174013.827521492,242.685751335974
62080,"11368","NY","New York",2020-09-30,589966.5176,174013.827521492,239.034274461399
62080,"11368","NY","New York",2020-10-31,587816.083948251,174013.827521492,237.798491258203
62080,"11368","NY","New York",2020-11-30,588449.173168823,174013.827521492,238.162306725967
62080,"11368","NY","New York",2020-12-31,591506.357210888,174013.827521492,239.919169433724
62080,"11368","NY","New York",2021-01-31,594675.368769903,174013.827521492,241.740295722452
62080,"11368","NY","New York",2021-02-28,598362.119664928,174013.827521492,243.85894970963
62080,"11368","NY","New York",2021-03-31,600724.320749001,174013.827521492,245.216428662721
62080,"11368","NY","New York",2021-04-30,600012.86602291,174013.827521492,244.807579126897
62080,"11368","NY","New York",2021-05-31,599695.808439366,174013.827521492,244.625376604224
62080,"11368","NY","New York",2021-06-30,598405.319151062,174013.827521492,243.88377502768
62080,"11368","NY","New York",2021-07-31,600132.160149082,174013.827521492,244.876133521609
62080,"11368","NY","New York",2021-08-31,601952.639286956,174013.827521492,245.922302762182
62080,"11368","NY","New York",2021-09-30,604652.731403075,174013.827521492,247.473956532791
62080,"11368","NY","New York",2021-10-31,607750.127891869,174013.827521492,249.253928005697
62080,"11368","NY","New York",2021-11-30,609570.13061914,174013.827521492,250.29982346883
62080,"11368","NY","New York",2021-12-31,609758.1669,174013.827521492,250.407881709682
62080,"11368","NY","New York",2022-01-31,607216.051168717,174013.827521492,248.947011750386
62080,"11368","NY","New York",2022-02-28,604673.01518013,174013.827521492,247.485612949608
62080,"11368","NY","New York",2022-03-31,603428.659722728,174013.827521492,246.770522962148
62080,"11368","NY","New York",2022-04-30,603884.903449252,174013.827521492,247.032711164674
62080,"11368","NY","New York",2022-05-31,603146.708796578,174013.827521492,246.608495076108
62080,"11368","NY","New York",2022-06-30,603293.068113052,174013.827521492,246.692602941879
62080,"11368","NY","New York",2022-07-31,603314.566679143,174013.827521492,246.704957457838
62080,"11368","NY","New York",2022-08-31,601508.421949446,174013.827521492,245.66702572826
62080,"11368","NY","New York",2022-09-30,597741.9906,174013.827521492,243.502582015314
62080,"11368","NY","New York",2022-10-31,593647.107440887,174013.827521492,241.149387894228
62080,"11368","NY","New York",2022-11-30,591874.99763301,174013.827521492,240.131014910243
62080,"11368","NY","New York",2022-12-31,588029.405819919,174013.827521492,237.921080293055
62080,"11368","NY","New York",2023-01-31,581528.214534446,174013.827521492,234.185060358277
62080,"11368","NY","New York",2023-02-28,573455.516777797,174013.827521492,229.545947552341
62080,"11368","NY","New York",2023-03-31,566022.559928486,174013.827521492,225.274472718887
62080,"11368","NY","New York",2023-04-30,558233.533885442,174013.827521492,220.798376678713
62080,"11368","NY","New York",2023-05-31,549882.503697105,174013.827521492,215.999315416006
62080,"11368","NY","New York",2023-06-30,543539.887161616,174013.827521492,212.354423153232
62080,"11368","NY","New York",2023-07-31,541397.4888,174013.827521492,211.123257565916
62080,"11368","NY","New York",2023-08-31,541390.497891339,174013.827521492,211.119240121578
62080,"11368","NY","New York",2023-09-30,540735.398964017,174013.827521492,210.742776402198
62080,"11368","NY","New York",2023-10-31,538353.454727756,174013.827521492,209.373951711547
62080,"11368","NY","New York",2023-11-30,534411.30731048,174013.827521492,207.108529777311
62080,"11368","NY","New York",2023-12-31,529373.6791,174013.827521492,204.213571208655
62080,"11368","NY","New York",2024-01-31,526049.106925328,174013.827521492,202.303049371383
62080,"11368","NY","New York",2024-02-29,524163.918693635,174013.827521492,201.219693951561
62080,"11368","NY","New York",2024-03-31,527760.6403,174013.827521492,203.286611079696
62080,"11368","NY","New York",2024-04-30,533062.107866457,174013.827521492,206.333189413135
62080,"11368","NY","New York",2024-05-31,538495.490128314,174013.827521492,209.455574765636
62080,"11368","NY","New York",2024-06-30,539321.416303254,174013.827521492,209.930207262778
62080,"11368","NY","New York",2024-07-31,538723.141200667,174013.827521492,209.58639831891
62080,"11368","NY","New York",2024-08-31,537979.412242795,174013.827521492,209.159001847914
62080,"11368","NY","New York",2024-09-30,539107.40409442,174013.827521492,209.807221513955
62080,"11368","NY","New York",2024-10-31,538815.8592,174013.827521492,209.639680291184
62080,"11368","NY","New York",2024-11-30,537374.770288765,174013.827521492,208.811534084782
62080,"11368","NY","New York",2024-12-31,534715.303771359,174013.827521492,207.283226504123
62080,"11368","NY","New York",2025-01-31,532223.576797841,174013.827521492,205.851313299863
62080,"11368","NY","New York",2025-02-28,532092.170856119,174013.827521492,205.775798644738
62080,"11368","NY","New York",2025-03-31,531746.686451041,174013.827521492,205.577260166504
62080,"11368","NY","New York",2025-04-30,531633.596409567,174013.827521492,205.512271054383
62080,"11368","NY","New York",2025-05-31,532026.401149472,174013.827521492,205.738002966323
62080,"11368","NY","New York",2025-06-30,534097.682017227,174013.827521492,206.92829967852
62080,"11368","NY","New York",2025-07-31,536855.532133918,174013.827521492,208.513145064643
62080,"11368","NY","New York",2025-08-31,538527.597607901,174013.827521492,209.474025873829
62080,"11368","NY","New York",2025-09-30,539769.173343311,174013.827521492,210.187518446858
63943,"15212","PA","Pittsburgh",2000-01-31,59535.0747324938,59535.0747324938,0
63943,"15212","PA","Pittsburgh",2000-02-29,59574.471380735,59535.0747324938,0.0661738452805399
63943,"15212","PA","Pittsburgh",2000-03-31,59768.400375748,59535.0747324938,0.391912908991155
63943,"15212","PA","Pittsburgh",2000-04-30,60155.8963180536,59535.0747324938,1.04278291133301
63943,"15212","PA","Pittsburgh",2000-05-31,60721.818602349,59535.0747324938,1.99335244843064
63943,"15212","PA","Pittsburgh",2000-06-30,61305.7796602233,59535.0747324938,2.97422139081161
63943,"15212","PA","Pittsburgh",2000-07-31,61861.5260301344,59535.0747324938,3.90769862655566
63943,"15212","PA","Pittsburgh",2000-08-31,62398.7577956302,59535.0747324938,4.81007721247297
63943,"15212","PA","Pittsburgh",2000-09-30,62818.865711776,59535.0747324938,5.51572496387558
63943,"15212","PA","Pittsburgh",2000-10-31,63146.1386617312,59535.0747324938,6.06543948330098
63943,"15212","PA","Pittsburgh",2000-11-30,63355.6060321287,59535.0747324938,6.4172780781774
63943,"15212","PA","Pittsburgh",2000-12-31,63532.7740380593,59535.0747324938,6.71486400836501
63943,"15212","PA","Pittsburgh",2001-01-31,63811.2711374052,59535.0747324938,7.18265060407741
63943,"15212","PA","Pittsburgh",2001-02-28,64318.7473728117,59535.0747324938,8.03504935840276
63943,"15212","PA","Pittsburgh",2001-03-31,64681.4542911827,59535.0747324938,8.64428168069482
63943,"15212","PA","Pittsburgh",2001-04-30,64934.7432486311,59535.0747324938,9.06972661141251
63943,"15212","PA","Pittsburgh",2001-05-31,64956.5383570281,59535.0747324938,9.10633546509224
63943,"15212","PA","Pittsburgh",2001-06-30,64994.70967,59535.0747324938,9.17045113664123
63943,"15212","PA","Pittsburgh",2001-07-31,65014.0354796218,59535.0747324938,9.20291235334191
63943,"15212","PA","Pittsburgh",2001-08-31,64970.1497993049,59535.0747324938,9.12919836118836
63943,"15212","PA","Pittsburgh",2001-09-30,65007.3327164078,59535.0747324938,9.19165384187756
63943,"15212","PA","Pittsburgh",2001-10-31,65086.8346206485,59535.0747324938,9.32519176821417
63943,"15212","PA","Pittsburgh",2001-11-30,65156.006916296,59535.0747324938,9.44137923578396
63943,"15212","PA","Pittsburgh",2001-12-31,65500.1230469476,59535.0747324938,10.019384944516
63943,"15212","PA","Pittsburgh",2002-01-31,65828.671033329,59535.0747324938,10.5712411198171
63943,"15212","PA","Pittsburgh",2002-02-28,66189.1421019839,59535.0747324938,11.1767179253382
63943,"15212","PA","Pittsburgh",2002-03-31,66501.5286213689,59535.0747324938,11.7014279736393
63943,"15212","PA","Pittsburgh",2002-04-30,66675.8866459107,59535.0747324938,11.9942940283561
63943,"15212","PA","Pittsburgh",2002-05-31,66961.4979669987,59535.0747324938,12.4740302550617
63943,"15212","PA","Pittsburgh",2002-06-30,67071.8210862204,59535.0747324938,12.6593380248385
63943,"15212","PA","Pittsburgh",2002-07-31,67467.5384818512,59535.0747324938,13.3240174552564
63943,"15212","PA","Pittsburgh",2002-08-31,68161.1685912985,59535.0747324938,14.4890955416851
63943,"15212","PA","Pittsburgh",2002-09-30,68865.7111220682,59535.0747324938,15.6725030269959
63943,"15212","PA","Pittsburgh",2002-10-31,69487.93107,59535.0747324938,16.7176347425898
63943,"15212","PA","Pittsburgh",2002-11-30,69746.8980850266,59535.0747324938,17.1526170050463
63943,"15212","PA","Pittsburgh",2002-12-31,69713.4059648343,59535.0747324938,17.0963608899027
63943,"15212","PA","Pittsburgh",2003-01-31,69705.0451787299,59535.0747324938,17.08231742705
63943,"15212","PA","Pittsburgh",2003-02-28,69681.576605476,59535.0747324938,17.0428976843869
63943,"15212","PA","Pittsburgh",2003-03-31,69939.529382925,59535.0747324938,17.4761763501281
63943,"15212","PA","Pittsburgh",2003-04-30,70414.9159901424,59535.0747324938,18.2746747300385
63943,"15212","PA","Pittsburgh",2003-05-31,71019.4415603736,59535.0747324938,19.290085515945
63943,"15212","PA","Pittsburgh",2003-06-30,71965.1839449529,59535.0747324938,20.8786320808544
63943,"15212","PA","Pittsburgh",2003-07-31,72541.3350317507,59535.0747324938,21.8463827545313
63943,"15212","PA","Pittsburgh",2003-08-31,72830.81382,59535.0747324938,22.3326150966423
63943,"15212","PA","Pittsburgh",2003-09-30,72451.6679658439,59535.0747324938,21.6957705879897
63943,"15212","PA","Pittsburgh",2003-10-31,72134.015859318,59535.0747324938,21.1622160271646
63943,"15212","PA","Pittsburgh",2003-11-30,71845.4029383441,59535.0747324938,20.6774380668266
63943,"15212","PA","Pittsburgh",2003-12-31,71883.8068673462,59535.0747324938,20.7419444593601
63943,"15212","PA","Pittsburgh",2004-01-31,71638.861378976,59535.0747324938,20.3305139043959
63943,"15212","PA","Pittsburgh",2004-02-29,71395.82735,59535.0747324938,19.922293993582
63943,"15212","PA","Pittsburgh",2004-03-31,71109.1277128596,59535.0747324938,19.4407297418723
63943,"15212","PA","Pittsburgh",2004-04-30,70900.7193331102,59535.0747324938,19.090669914643
63943,"15212","PA","Pittsburgh",2004-05-31,70874.5228321188,59535.0747324938,19.0466681205591
63943,"15212","PA","Pittsburgh",2004-06-30,71056.9926067009,59535.0747324938,19.353159336707
63943,"15212","PA","Pittsburgh",2004-07-31,71424.8305127172,59535.0747324938,19.9710100871579
63943,"15212","PA","Pittsburgh",2004-08-31,71691.8114766367,59535.0747324938,20.4194532362077
63943,"15212","PA","Pittsburgh",2004-09-30,72001.7337056892,59535.0747324938,20.9400240601213
63943,"15212","PA","Pittsburgh",2004-10-31,72476.29233,59535.0747324938,21.7371316919553
63943,"15212","PA","Pittsburgh",2004-11-30,72861.7029650321,59535.0747324938,22.3844990409742
63943,"15212","PA","Pittsburgh",2004-12-31,72979.892579197,59535.0747324938,22.5830200215826
63943,"15212","PA","Pittsburgh",2005-01-31,73002.3705667352,59535.0747324938,22.6207758951398
63943,"15212","PA","Pittsburgh",2005-02-28,72779.4999172546,59535.0747324938,22.2464240521598
63943,"15212","PA","Pittsburgh",2005-03-31,72679.10334,59535.0747324938,22.0777897173484
63943,"15212","PA","Pittsburgh",2005-04-30,72770.4220101921,59535.0747324938,22.2311760540624
63943,"15212","PA","Pittsburgh",2005-05-31,73121.0286629854,59535.0747324938,22.820083776726
63943,"15212","PA","Pittsburgh",2005-06-30,73386.21753,59535.0747324938,23.2655167726636
63943,"15212","PA","Pittsburgh",2005-07-31,73312.804548461,59535.0747324938,23.1422063008638
63943,"15212","PA","Pittsburgh",2005-08-31,73156.2013026767,59535.0747324938,22.8791626304091
63943,"15212","PA","Pittsburgh",2005-09-30,72716.4383151709,59535.0747324938,22.1405006072542
63943,"15212","PA","Pittsburgh",2005-10-31,72168.7755343305,59535.0747324938,21.2206012314642
63943,"15212","PA","Pittsburgh",2005-11-30,71747.5401562914,59535.0747324938,20.5130597024884
63943,"15212","PA","Pittsburgh",2005-12-31,71576.4709358757,59535.0747324938,20.2257177932284
63943,"15212","PA","Pittsburgh",2006-01-31,71521.9511266397,59535.0747324938,20.1341418449644
63943,"15212","PA","Pittsburgh",2006-02-28,71655.6556140462,59535.0747324938,20.3587228806099
63943,"15212","PA","Pittsburgh",2006-03-31,72109.8272598081,59535.0747324938,21.1215868692797
63943,"15212","PA","Pittsburgh",2006-04-30,72742.36949,59535.0747324938,22.1840567377297
63943,"15212","PA","Pittsburgh",2006-05-31,73699.0003783424,59535.0747324938,23.7908925276247
63943,"15212","PA","Pittsburgh",2006-06-30,74594.87201,59535.0747324938,25.2956720809937
63943,"15212","PA","Pittsburgh",2006-07-31,75317.0417649245,59535.0747324938,26.5086876993824
63943,"15212","PA","Pittsburgh",2006-08-31,75778.61764,59535.0747324938,27.2839884395754
63943,"15212","PA","Pittsburgh",2006-09-30,76055.2036950849,59535.0747324938,27.7485650884293
63943,"15212","PA","Pittsburgh",2006-10-31,76865.43144,59535.0747324938,29.1094901373281
63943,"15212","PA","Pittsburgh",2006-11-30,77182.33619,59535.0747324938,29.6417893767662
63943,"15212","PA","Pittsburgh",2006-12-31,77396.624900579,59535.0747324938,30.0017262904962
63943,"15212","PA","Pittsburgh",2007-01-31,77169.0860379344,59535.0747324938,29.6195333333747
63943,"15212","PA","Pittsburgh",2007-02-28,77098.77486,59535.0747324938,29.5014329056012
63943,"15212","PA","Pittsburgh",2007-03-31,77019.8691082359,59535.0747324938,29.368896325915
63943,"15212","PA","Pittsburgh",2007-04-30,76877.4447810864,59535.0747324938,29.1296687314432
63943,"15212","PA","Pittsburgh",2007-05-31,76983.2849,59535.0747324938,29.3074464857992
63943,"15212","PA","Pittsburgh",2007-06-30,77189.8147872599,59535.0747324938,29.6543510427984
63943,"15212","PA","Pittsburgh",2007-07-31,77284.191791602,59535.0747324938,29.8128744086733
63943,"15212","PA","Pittsburgh",2007-08-31,77149.4142404885,59535.0747324938,29.5864909671154
63943,"15212","PA","Pittsburgh",2007-09-30,76947.65343599,59535.0747324938,29.2475969531159
63943,"15212","PA","Pittsburgh",2007-10-31,76951.120925608,59535.0747324938,29.2534212333971
63943,"15212","PA","Pittsburgh",2007-11-30,77147.6760573653,59535.0747324938,29.5835713720179
63943,"15212","PA","Pittsburgh",2007-12-31,77538.6800819753,59535.0747324938,30.2403338374501
63943,"15212","PA","Pittsburgh",2008-01-31,77887.0496916658,59535.0747324938,30.8254840388326
63943,"15212","PA","Pittsburgh",2008-02-29,78034.2251931377,59535.0747324938,31.0726920958195
63943,"15212","PA","Pittsburgh",2008-03-31,77830.2996593981,59535.0747324938,30.7301620248389
63943,"15212","PA","Pittsburgh",2008-04-30,77771.07781,59535.0747324938,30.6306881438298
63943,"15212","PA","Pittsburgh",2008-05-31,77456.9260562468,59535.0747324938,30.1030130629389
63943,"15212","PA","Pittsburgh",2008-06-30,76734.9002593855,59535.0747324938,28.8902392483336
63943,"15212","PA","Pittsburgh",2008-07-31,75753.6949532052,59535.0747324938,27.2421262484103
63943,"15212","PA","Pittsburgh",2008-08-31,75039.3189838284,59535.0747324938,26.0422017121825
63943,"15212","PA","Pittsburgh",2008-09-30,74855.85105,59535.0747324938,25.7340339058048
63943,"15212","PA","Pittsburgh",2008-10-31,74594.8974481902,59535.0747324938,25.2957148090667
63943,"15212","PA","Pittsburgh",2008-11-30,74095.4132121751,59535.0747324938,24.4567400731495
63943,"15212","PA","Pittsburgh",2008-12-31,73291.3101554968,59535.0747324938,23.106102553517
63943,"15212","PA","Pittsburgh",2009-01-31,72468.494638999,59535.0747324938,21.7240340498744
63943,"15212","PA","Pittsburgh",2009-02-28,72050.2131446417,59535.0747324938,21.0214541064768
63943,"15212","PA","Pittsburgh",2009-03-31,71783.0769552837,59535.0747324938,20.5727502280349
63943,"15212","PA","Pittsburgh",2009-04-30,71672.0278666374,59535.0747324938,20.3862230604026
63943,"15212","PA","Pittsburgh",2009-05-31,71797.2051330962,59535.0747324938,20.5964810755664
63943,"15212","PA","Pittsburgh",2009-06-30,72285.3043008802,59535.0747324938,21.4163325160444
63943,"15212","PA","Pittsburgh",2009-07-31,73162.9509856693,59535.0747324938,22.8904999521862
63943,"15212","PA","Pittsburgh",2009-08-31,73865.1814433205,59535.0747324938,24.0700238896407
63943,"15212","PA","Pittsburgh",2009-09-30,74381.257150911,59535.0747324938,24.9368670235568
63943,"15212","PA","Pittsburgh",2009-10-31,74627.92449,59535.0747324938,25.351189740371
63943,"15212","PA","Pittsburgh",2009-11-30,75271.2122974684,59535.0747324938,26.4317087627438
63943,"15212","PA","Pittsburgh",2009-12-31,75921.39656,59535.0747324938,27.5238116373148
63943,"15212","PA","Pittsburgh",2010-01-31,76809.6321454599,59535.0747324938,29.0157650604875
63943,"15212","PA","Pittsburgh",2010-02-28,77628.9161319526,59535.0747324938,30.3919017163562
63943,"15212","PA","Pittsburgh",2010-03-31,78627.841143679,59535.0747324938,32.069778188696
63943,"15212","PA","Pittsburgh",2010-04-30,79259.8359444417,59535.0747324938,33.1313285497267
63943,"15212","PA","Pittsburgh",2010-05-31,79372.4236879402,59535.0747324938,33.3204401683893
63943,"15212","PA","Pittsburgh",2010-06-30,79520.4404699032,59535.0747324938,33.5690613091673
63943,"15212","PA","Pittsburgh",2010-07-31,79477.4357921556,59535.0747324938,33.4968271212691
63943,"15212","PA","Pittsburgh",2010-08-31,79241.71428,59535.0747324938,33.1008899141441
63943,"15212","PA","Pittsburgh",2010-09-30,78696.8814065337,59535.0747324938,32.1857438831458
63943,"15212","PA","Pittsburgh",2010-10-31,78183.2100344844,59535.0747324938,31.3229392686268
63943,"15212","PA","Pittsburgh",2010-11-30,77793.88907,59535.0747324938,30.6690038091792
63943,"15212","PA","Pittsburgh",2010-12-31,77286.9920745316,59535.0747324938,29.8175779938156
63943,"15212","PA","Pittsburgh",2011-01-31,76563.6862236844,59535.0747324938,28.6026540954295
63943,"15212","PA","Pittsburgh",2011-02-28,75695.6776734796,59535.0747324938,27.1446756615314
63943,"15212","PA","Pittsburgh",2011-03-31,75237.1282538711,59535.0747324938,26.3744584044458
63943,"15212","PA","Pittsburgh",2011-04-30,75263.0978082552,59535.0747324938,26.4180790003731
63943,"15212","PA","Pittsburgh",2011-05-31,75387.2462606282,59535.0747324938,26.6266089349216
63943,"15212","PA","Pittsburgh",2011-06-30,75330.6504500157,59535.0747324938,26.5315459642831
63943,"15212","PA","Pittsburgh",2011-07-31,75370.4131425594,59535.0747324938,26.5983346476305
63943,"15212","PA","Pittsburgh",2011-08-31,75569.9648124483,59535.0747324938,26.9335180177455
63943,"15212","PA","Pittsburgh",2011-09-30,75894.7860331485,59535.0747324938,27.4791144114004
63943,"15212","PA","Pittsburgh",2011-10-31,75875.4030876684,59535.0747324938,27.4465572246207
63943,"15212","PA","Pittsburgh",2011-11-30,75708.6846506641,59535.0747324938,27.1665232484252
63943,"15212","PA","Pittsburgh",2011-12-31,75459.5940679181,59535.0747324938,26.7481302525901
63943,"15212","PA","Pittsburgh",2012-01-31,75488.14279082,59535.0747324938,26.7960830317377
63943,"15212","PA","Pittsburgh",2012-02-29,75780.7257549486,59535.0747324938,27.2875294025424
63943,"15212","PA","Pittsburgh",2012-03-31,76140.60716,59535.0747324938,27.8920157606572
63943,"15212","PA","Pittsburgh",2012-04-30,76036.7182100545,59535.0747324938,27.7175153499123
63943,"15212","PA","Pittsburgh",2012-05-31,75962.5481985449,59535.0747324938,27.5929333084134
63943,"15212","PA","Pittsburgh",2012-06-30,75707.1881878528,59535.0747324938,27.1640096666115
63943,"15212","PA","Pittsburgh",2012-07-31,76206.9656584432,59535.0747324938,28.0034769433993
63943,"15212","PA","Pittsburgh",2012-08-31,76589.6237458559,59535.0747324938,28.6462208874222
63943,"15212","PA","Pittsburgh",2012-09-30,76948.6588890201,59535.0747324938,29.2492857945841
63943,"15212","PA","Pittsburgh",2012-10-31,76675.4157728402,59535.0747324938,28.7903242204066
63943,"15212","PA","Pittsburgh",2012-11-30,76503.6106468937,59535.0747324938,28.5017462237913
63943,"15212","PA","Pittsburgh",2012-12-31,76473.69017,59535.0747324938,28.451489334003
63943,"15212","PA","Pittsburgh",2013-01-31,76810.548603776,59535.0747324938,29.0173044191264
63943,"15212","PA","Pittsburgh",2013-02-28,76960.3747466537,59535.0747324938,29.2689647110651
63943,"15212","PA","Pittsburgh",2013-03-31,77247.386433585,59535.0747324938,29.7510531072264
63943,"15212","PA","Pittsburgh",2013-04-30,77525.4063039627,59535.0747324938,30.218038109978
63943,"15212","PA","Pittsburgh",2013-05-31,77817.6943150025,59535.0747324938,30.7089890533558
63943,"15212","PA","Pittsburgh",2013-06-30,77883.6972152001,59535.0747324938,30.8198529440859
63943,"15212","PA","Pittsburgh",2013-07-31,77351.3915965361,59535.0747324938,29.925748718878
63943,"15212","PA","Pittsburgh",2013-08-31,76712.5779918812,59535.0747324938,28.8527449349317
63943,"15212","PA","Pittsburgh",2013-09-30,76281.65305,59535.0747324938,28.1289280189078
63943,"15212","PA","Pittsburgh",2013-10-31,76475.6945046514,59535.0747324938,28.4548559790612
63943,"15212","PA","Pittsburgh",2013-11-30,76980.5630218838,59535.0747324938,29.3028745958194
63943,"15212","PA","Pittsburgh",2013-12-31,77360.7261852791,59535.0747324938,29.9414278606022
63943,"15212","PA","Pittsburgh",2014-01-31,77472.0621184494,59535.0747324938,30.1284368358501
63943,"15212","PA","Pittsburgh",2014-02-28,77568.78181,59535.0747324938,30.2908951715207
63943,"15212","PA","Pittsburgh",2014-03-31,77806.2111299322,59535.0747324938,30.6897009528169
63943,"15212","PA","Pittsburgh",2014-04-30,78502.8108805273,59535.0747324938,31.8597670923575
63943,"15212","PA","Pittsburgh",2014-05-31,79231.8792621177,59535.0747324938,33.0843702105466
63943,"15212","PA","Pittsburgh",2014-06-30,80141.4023016046,59535.0747324938,34.6120797894354
63943,"15212","PA","Pittsburgh",2014-07-31,81004.89946,59535.0747324938,36.0624805192159
63943,"15212","PA","Pittsburgh",2014-08-31,81489.7678534309,59535.0747324938,36.8769052858086
63943,"15212","PA","Pittsburgh",2014-09-30,81838.6880204085,59535.0747324938,37.4629802484174
63943,"15212","PA","Pittsburgh",2014-10-31,81927.8375633632,59535.0747324938,37.6127231409145
63943,"15212","PA","Pittsburgh",2014-11-30,82329.4977530702,59535.0747324938,38.2873845762309
63943,"15212","PA","Pittsburgh",2014-12-31,82662.00154,59535.0747324938,38.8458852389475
63943,"15212","PA","Pittsburgh",2015-01-31,82777.5940614419,59535.0747324938,39.0400439293686
63943,"15212","PA","Pittsburgh",2015-02-28,82782.5189919632,59535.0747324938,39.0483162470628
63943,"15212","PA","Pittsburgh",2015-03-31,82867.0665916784,59535.0747324938,39.190329337825
63943,"15212","PA","Pittsburgh",2015-04-30,83484.80763,59535.0747324938,40.2279379090702
63943,"15212","PA","Pittsburgh",2015-05-31,84340.577766808,59535.0747324938,41.6653596989197
63943,"15212","PA","Pittsburgh",2015-06-30,85172.05837,59535.0747324938,43.0619827936719
63943,"15212","PA","Pittsburgh",2015-07-31,86098.4291003365,59535.0747324938,44.6179911374909
63943,"15212","PA","Pittsburgh",2015-08-31,86908.9132049584,59535.0747324938,45.9793467892031
63943,"15212","PA","Pittsburgh",2015-09-30,87728.2195,59535.0747324938,47.3555209163424
63943,"15212","PA","Pittsburgh",2015-10-31,88320.6276413709,59535.0747324938,48.3505782737619
63943,"15212","PA","Pittsburgh",2015-11-30,88847.6799858998,59535.0747324938,49.2358586683816
63943,"15212","PA","Pittsburgh",2015-12-31,89217.0035524297,59535.0747324938,49.8562048562201
63943,"15212","PA","Pittsburgh",2016-01-31,89527.6759152357,59535.0747324938,50.3780356663802
63943,"15212","PA","Pittsburgh",2016-02-29,89967.075338989,59535.0747324938,51.116087018004
63943,"15212","PA","Pittsburgh",2016-03-31,90444.7832300552,59535.0747324938,51.9184844168694
63943,"15212","PA","Pittsburgh",2016-04-30,90894.8211427499,59535.0747324938,52.6744050480551
63943,"15212","PA","Pittsburgh",2016-05-31,91067.465971425,59535.0747324938,52.9643934783223
63943,"15212","PA","Pittsburgh",2016-06-30,91379.3576777262,59535.0747324938,53.4882723979382
63943,"15212","PA","Pittsburgh",2016-07-31,91480.1668299824,59535.0747324938,53.6575997275993
63943,"15212","PA","Pittsburgh",2016-08-31,92240.8382454137,59535.0747324938,54.9352858963815
63943,"15212","PA","Pittsburgh",2016-09-30,93121.6315378196,59535.0747324938,56.4147386330473
63943,"15212","PA","Pittsburgh",2016-10-31,94360.8469274556,59535.0747324938,58.4962265545861
63943,"15212","PA","Pittsburgh",2016-11-30,95454.57259,59535.0747324938,60.3333379842078
63943,"15212","PA","Pittsburgh",2016-12-31,96457.1942772681,59535.0747324938,62.0174236963248
63943,"15212","PA","Pittsburgh",2017-01-31,97057.37507,59535.0747324938,63.0255366371897
63943,"15212","PA","Pittsburgh",2017-02-28,97240.0824643072,59535.0747324938,63.3324269789389
63943,"15212","PA","Pittsburgh",2017-03-31,97311.7090059693,59535.0747324938,63.4527367996353
63943,"15212","PA","Pittsburgh",2017-04-30,97678.4223789442,59535.0747324938,64.0686986920536
63943,"15212","PA","Pittsburgh",2017-05-31,98413.22941,59535.0747324938,65.3029409170906
63943,"15212","PA","Pittsburgh",2017-06-30,99348.2087919992,59535.0747324938,66.8734090591066
63943,"15212","PA","Pittsburgh",2017-07-31,100243.347486453,59535.0747324938,68.376957510966
63943,"15212","PA","Pittsburgh",2017-08-31,100818.478228583,59535.0747324938,69.3429943299571
63943,"15212","PA","Pittsburgh",2017-09-30,101280.520162057,59535.0747324938,70.1190779001048
63943,"15212","PA","Pittsburgh",2017-10-31,101686.174964738,59535.0747324938,70.8004490153739
63943,"15212","PA","Pittsburgh",2017-11-30,101882.726582538,59535.0747324938,71.130593251663
63943,"15212","PA","Pittsburgh",2017-12-31,102048.98413225,59535.0747324938,71.4098530837197
63943,"15212","PA","Pittsburgh",2018-01-31,102668.69996842,59535.0747324938,72.4507786875836
63943,"15212","PA","Pittsburgh",2018-02-28,104154.564861588,59535.0747324938,74.9465593678696
63943,"15212","PA","Pittsburgh",2018-03-31,105894.805027662,59535.0747324938,77.8696096435164
63943,"15212","PA","Pittsburgh",2018-04-30,107774.549763736,59535.0747324938,81.0269832497803
63943,"15212","PA","Pittsburgh",2018-05-31,109185.6834,59535.0747324938,83.39723917472
63943,"15212","PA","Pittsburgh",2018-06-30,110531.705013952,59535.0747324938,85.658127600576
63943,"15212","PA","Pittsburgh",2018-07-31,111989.519256619,59535.0747324938,88.1067921050177
63943,"15212","PA","Pittsburgh",2018-08-31,113859.73558242,59535.0747324938,91.2481610110017
63943,"15212","PA","Pittsburgh",2018-09-30,115477.827956578,59535.0747324938,93.9660418256781
63943,"15212","PA","Pittsburgh",2018-10-31,116498.473536978,59535.0747324938,95.6804019486585
63943,"15212","PA","Pittsburgh",2018-11-30,117059.774670527,59535.0747324938,96.6232094215157
63943,"15212","PA","Pittsburgh",2018-12-31,117712.203498557,59535.0747324938,97.7190824526015
63943,"15212","PA","Pittsburgh",2019-01-31,118442.799543336,59535.0747324938,98.9462515593192
63943,"15212","PA","Pittsburgh",2019-02-28,119109.395259988,59535.0747324938,100.065920459791
63943,"15212","PA","Pittsburgh",2019-03-31,119885.030301808,59535.0747324938,101.368740764132
63943,"15212","PA","Pittsburgh",2019-04-30,120627.323250148,59535.0747324938,102.615556950515
63943,"15212","PA","Pittsburgh",2019-05-31,121847.786262016,59535.0747324938,104.665546838581
63943,"15212","PA","Pittsburgh",2019-06-30,123041.964371908,59535.0747324938,106.671386447009
63943,"15212","PA","Pittsburgh",2019-07-31,123635.94000923,59535.0747324938,107.669076699337
63943,"15212","PA","Pittsburgh",2019-08-31,123513.389423034,59535.0747324938,107.463230672021
63943,"15212","PA","Pittsburgh",2019-09-30,123366.498170656,59535.0747324938,107.216500063153
63943,"15212","PA","Pittsburgh",2019-10-31,124086.142343237,59535.0747324938,108.425273506059
63943,"15212","PA","Pittsburgh",2019-11-30,125303.275192915,59535.0747324938,110.469669780266
63943,"15212","PA","Pittsburgh",2019-12-31,126657.616348702,59535.0747324938,112.744532391716
63943,"15212","PA","Pittsburgh",2020-01-31,127406.63846846,59535.0747324938,114.00265144695
63943,"15212","PA","Pittsburgh",2020-02-29,128200.907360776,59535.0747324938,115.336770696628
63943,"15212","PA","Pittsburgh",2020-03-31,129298.087551795,59535.0747324938,117.17968463593
63943,"15212","PA","Pittsburgh",2020-04-30,131280.238461921,59535.0747324938,120.509068060796
63943,"15212","PA","Pittsburgh",2020-05-31,132606.267958917,59535.0747324938,122.736376085442
63943,"15212","PA","Pittsburgh",2020-06-30,132639.083665778,59535.0747324938,122.791496041214
63943,"15212","PA","Pittsburgh",2020-07-31,132224.509892862,59535.0747324938,122.095143891194
63943,"15212","PA","Pittsburgh",2020-08-31,132602.3289,59535.0747324938,122.729759718646
63943,"15212","PA","Pittsburgh",2020-09-30,135268.559808214,59535.0747324938,127.208180078735
63943,"15212","PA","Pittsburgh",2020-10-31,139189.451451071,59535.0747324938,133.794031630068
63943,"15212","PA","Pittsburgh",2020-11-30,144175.822051076,59535.0747324938,142.169549125276
63943,"15212","PA","Pittsburgh",2020-12-31,148668.749418901,59535.0747324938,149.71623885064
63943,"15212","PA","Pittsburgh",2021-01-31,152479.226488836,59535.0747324938,156.116629019051
63943,"15212","PA","Pittsburgh",2021-02-28,155919.61010403,59535.0747324938,161.895379832168
63943,"15212","PA","Pittsburgh",2021-03-31,159530.838740542,59535.0747324938,167.961095971332
63943,"15212","PA","Pittsburgh",2021-04-30,162907.284729659,59535.0747324938,173.632451897714
63943,"15212","PA","Pittsburgh",2021-05-31,166129.656373144,59535.0747324938,179.045011901987
63943,"15212","PA","Pittsburgh",2021-06-30,168656.665801445,59535.0747324938,183.289584432811
63943,"15212","PA","Pittsburgh",2021-07-31,169596.2201,59535.0747324938,184.867736980324
63943,"15212","PA","Pittsburgh",2021-08-31,168463.064604568,59535.0747324938,182.964395965766
63943,"15212","PA","Pittsburgh",2021-09-30,165235.639353259,59535.0747324938,177.543347506835
63943,"15212","PA","Pittsburgh",2021-10-31,162807.628362936,59535.0747324938,173.465060881291
63943,"15212","PA","Pittsburgh",2021-11-30,161380.287205025,59535.0747324938,171.067581472179
63943,"15212","PA","Pittsburgh",2021-12-31,161438.434215867,59535.0747324938,171.165249966094
63943,"15212","PA","Pittsburgh",2022-01-31,163214.174511271,59535.0747324938,174.147929173909
63943,"15212","PA","Pittsburgh",2022-02-28,166567.584300361,59535.0747324938,179.780591607201
63943,"15212","PA","Pittsburgh",2022-03-31,170518.930870424,59535.0747324938,186.417597754951
63943,"15212","PA","Pittsburgh",2022-04-30,172860.514645653,59535.0747324938,190.350714133406
63943,"15212","PA","Pittsburgh",2022-05-31,173975.4316693,59535.0747324938,192.223420313177
63943,"15212","PA","Pittsburgh",2022-06-30,174343.816954563,59535.0747324938,192.842190486758
63943,"15212","PA","Pittsburgh",2022-07-31,173469.266094705,59535.0747324938,191.37322305237
63943,"15212","PA","Pittsburgh",2022-08-31,171033.670370289,59535.0747324938,187.282196484655
63943,"15212","PA","Pittsburgh",2022-09-30,168094.561298135,59535.0747324938,182.345427554138
63943,"15212","PA","Pittsburgh",2022-10-31,166519.94734792,59535.0747324938,179.700576670368
63943,"15212","PA","Pittsburgh",2022-11-30,166271.451540983,59535.0747324938,179.28318270882
63943,"15212","PA","Pittsburgh",2022-12-31,165991.70883831,59535.0747324938,178.813303895482
63943,"15212","PA","Pittsburgh",2023-01-31,165151.588626249,59535.0747324938,177.402169004267
63943,"15212","PA","Pittsburgh",2023-02-28,164284.052789002,59535.0747324938,175.944984577868
63943,"15212","PA","Pittsburgh",2023-03-31,164174.028839731,59535.0747324938,175.760179318505
63943,"15212","PA","Pittsburgh",2023-04-30,164600.243797751,59535.0747324938,176.476084958895
63943,"15212","PA","Pittsburgh",2023-05-31,165311.360075444,59535.0747324938,177.670534249314
63943,"15212","PA","Pittsburgh",2023-06-30,166021.365188856,59535.0747324938,178.863117136968
63943,"15212","PA","Pittsburgh",2023-07-31,167055.475025352,59535.0747324938,180.600092930049
63943,"15212","PA","Pittsburgh",2023-08-31,167970.748485563,59535.0747324938,182.137461387759
63943,"15212","PA","Pittsburgh",2023-09-30,168429.322245135,59535.0747324938,182.907719528245
63943,"15212","PA","Pittsburgh",2023-10-31,168482.539580012,59535.0747324938,182.997107733628
63943,"15212","PA","Pittsburgh",2023-11-30,168388.832339725,59535.0747324938,182.839709358455
63943,"15212","PA","Pittsburgh",2023-12-31,168243.890692609,59535.0747324938,182.596253466669
63943,"15212","PA","Pittsburgh",2024-01-31,168230.282337355,59535.0747324938,182.57339575579
63943,"15212","PA","Pittsburgh",2024-02-29,167832.739397437,59535.0747324938,181.905649991289
63943,"15212","PA","Pittsburgh",2024-03-31,168028.736823348,59535.0747324938,182.234863361377
63943,"15212","PA","Pittsburgh",2024-04-30,169094.767388922,59535.0747324938,184.025455832059
63943,"15212","PA","Pittsburgh",2024-05-31,171616.580888672,59535.0747324938,188.261300854645
63943,"15212","PA","Pittsburgh",2024-06-30,174690.593672019,59535.0747324938,193.42466513555
63943,"15212","PA","Pittsburgh",2024-07-31,176164.224489605,59535.0747324938,195.899896457938
63943,"15212","PA","Pittsburgh",2024-08-31,175430.204463667,59535.0747324938,194.666976151318
63943,"15212","PA","Pittsburgh",2024-09-30,173420.654865065,59535.0747324938,191.291571639555
63943,"15212","PA","Pittsburgh",2024-10-31,171660.158360509,59535.0747324938,188.334497154529
63943,"15212","PA","Pittsburgh",2024-11-30,170757.007326281,59535.0747324938,186.817490518884
63943,"15212","PA","Pittsburgh",2024-12-31,170913.060361682,59535.0747324938,187.0796100108
63943,"15212","PA","Pittsburgh",2025-01-31,171224.330909684,59535.0747324938,187.602445581933
63943,"15212","PA","Pittsburgh",2025-02-28,171382.671218768,59535.0747324938,187.868406966538
63943,"15212","PA","Pittsburgh",2025-03-31,170553.863199504,59535.0747324938,186.4762729632
63943,"15212","PA","Pittsburgh",2025-04-30,169801.633317425,59535.0747324938,185.212765886978
63943,"15212","PA","Pittsburgh",2025-05-31,169140.175085044,59535.0747324938,184.101726326931
63943,"15212","PA","Pittsburgh",2025-06-30,168934.329587756,59535.0747324938,183.755971327526
63943,"15212","PA","Pittsburgh",2025-07-31,168965.088239329,59535.0747324938,183.807636084329
63943,"15212","PA","Pittsburgh",2025-08-31,168897.46001724,59535.0747324938,183.694042169492
63943,"15212","PA","Pittsburgh",2025-09-30,168297.470257879,59535.0747324938,182.686250103964
65815,"19148","PA","Philadelphia",2000-01-31,51544.47185,51544.47185,0
65815,"19148","PA","Philadelphia",2000-02-29,51603.7741696071,51544.47185,0.115050785232034
65815,"19148","PA","Philadelphia",2000-03-31,51708.3780508267,51544.47185,0.317989873489646
65815,"19148","PA","Philadelphia",2000-04-30,51846.223212149,51544.47185,0.58541944716627
65815,"19148","PA","Philadelphia",2000-05-31,52076.930231283,51544.47185,1.03300773520885
65815,"19148","PA","Philadelphia",2000-06-30,52286.9046141768,51544.47185,1.44037321080199
65815,"19148","PA","Philadelphia",2000-07-31,52662.8130924373,51544.47185,2.16966282182858
65815,"19148","PA","Philadelphia",2000-08-31,52862.5208263536,51544.47185,2.55711025653579
65815,"19148","PA","Philadelphia",2000-09-30,53079.9746706127,51544.47185,2.97898642764489
65815,"19148","PA","Philadelphia",2000-10-31,53273.3395,51544.47185,3.35412816922675
65815,"19148","PA","Philadelphia",2000-11-30,53502.7211029141,51544.47185,3.79914505402796
65815,"19148","PA","Philadelphia",2000-12-31,53738.6727069908,51544.47185,4.25690821583387
65815,"19148","PA","Philadelphia",2001-01-31,53878.8590749949,51544.47185,4.52887989964899
65815,"19148","PA","Philadelphia",2001-02-28,54118.8615094236,51544.47185,4.99450196505144
65815,"19148","PA","Philadelphia",2001-03-31,54502.9303405089,51544.47185,5.73962325022613
65815,"19148","PA","Philadelphia",2001-04-30,55044.404969327,51544.47185,6.79012315716832
65815,"19148","PA","Philadelphia",2001-05-31,55577.9549200469,51544.47185,7.82524861596162
65815,"19148","PA","Philadelphia",2001-06-30,55812.0285896685,51544.47185,8.27936844922489
65815,"19148","PA","Philadelphia",2001-07-31,55897.394500237,51544.47185,8.44498448428075
65815,"19148","PA","Philadelphia",2001-08-31,56126.724428384,51544.47185,8.88990111629975
65815,"19148","PA","Philadelphia",2001-09-30,56603.2272092922,51544.47185,9.81435094342171
65815,"19148","PA","Philadelphia",2001-10-31,57157.4506203309,51544.47185,10.8895844091008
65815,"19148","PA","Philadelphia",2001-11-30,57598.9709810902,51544.47185,11.7461658132989
65815,"19148","PA","Philadelphia",2001-12-31,57967.4227466943,51544.47185,12.4609888629489
65815,"19148","PA","Philadelphia",2002-01-31,58353.3693873872,51544.47185,13.2097532344532
65815,"19148","PA","Philadelphia",2002-02-28,58840.5869587314,51544.47185,14.1549905292732
65815,"19148","PA","Philadelphia",2002-03-31,59426.4713972587,51544.47185,15.2916486761105
65815,"19148","PA","Philadelphia",2002-04-30,60107.3198969082,51544.47185,16.6125439636418
65815,"19148","PA","Philadelphia",2002-05-31,60827.2409972909,51544.47185,18.0092429199871
65815,"19148","PA","Philadelphia",2002-06-30,61772.7144046828,51544.47185,19.8435296503729
65815,"19148","PA","Philadelphia",2002-07-31,62813.4593057466,51544.47185,21.8626499628139
65815,"19148","PA","Philadelphia",2002-08-31,63783.5207520495,51544.47185,23.744639265422
65815,"19148","PA","Philadelphia",2002-09-30,64739.8500212407,51544.47185,25.5999871521443
65815,"19148","PA","Philadelphia",2002-10-31,65833.2735145732,51544.47185,27.7213077401494
65815,"19148","PA","Philadelphia",2002-11-30,67105.21467,51544.47185,30.1889654923295
65815,"19148","PA","Philadelphia",2002-12-31,68328.1907497027,51544.47185,32.5616274593813
65815,"19148","PA","Philadelphia",2003-01-31,69456.6069529383,51544.47185,34.7508364331766
65815,"19148","PA","Philadelphia",2003-02-28,70644.9400516676,51544.47185,37.0562885138334
65815,"19148","PA","Philadelphia",2003-03-31,71818.01963,51544.47185,39.3321476626984
65815,"19148","PA","Philadelphia",2003-04-30,72963.7657907,51544.47185,41.5549780062399
65815,"19148","PA","Philadelphia",2003-05-31,74026.7779259691,51544.47185,43.6172983620728
65815,"19148","PA","Philadelphia",2003-06-30,75104.3202544476,51544.47185,45.7078083426858
65815,"19148","PA","Philadelphia",2003-07-31,76379.21928,51544.47185,48.1812045766456
65815,"19148","PA","Philadelphia",2003-08-31,77689.1878752929,51544.47185,50.7226383100343
65815,"19148","PA","Philadelphia",2003-09-30,78991.91845,51544.47185,53.250029760466
65815,"19148","PA","Philadelphia",2003-10-31,79932.7023202244,51544.47185,55.0752184498801
65815,"19148","PA","Philadelphia",2003-11-30,80853.9521067331,51544.47185,56.8625096053499
65815,"19148","PA","Philadelphia",2003-12-31,81813.2946200093,51544.47185,58.7237034033345
65815,"19148","PA","Philadelphia",2004-01-31,82960.3633645349,51544.47185,60.9490996550679
65815,"19148","PA","Philadelphia",2004-02-29,84017.6519,51544.47185,63.0003158136928
65815,"19148","PA","Philadelphia",2004-03-31,84940.6707547763,51544.47185,64.791039089435
65815,"19148","PA","Philadelphia",2004-04-30,85784.1115305244,51544.47185,66.4273751415389
65815,"19148","PA","Philadelphia",2004-05-31,86968.815033352,51544.47185,68.725785543871
65815,"19148","PA","Philadelphia",2004-06-30,88676.730200126,51544.47185,72.03926438161
65815,"19148","PA","Philadelphia",2004-07-31,91198.30955,51544.47185,76.9313105300544
65815,"19148","PA","Philadelphia",2004-08-31,94141.719222379,51544.47185,82.6417379856789
65815,"19148","PA","Philadelphia",2004-09-30,97003.1071757478,51544.47185,88.1930373795221
65815,"19148","PA","Philadelphia",2004-10-31,99356.78092,51544.47185,92.7593345201771
65815,"19148","PA","Philadelphia",2004-11-30,101384.855465044,51544.47185,96.6939456865229
65815,"19148","PA","Philadelphia",2004-12-31,103558.291770156,51544.47185,100.910569171262
65815,"19148","PA","Philadelphia",2005-01-31,105842.276920074,51544.47185,105.3416654032
65815,"19148","PA","Philadelphia",2005-02-28,107963.704593916,51544.47185,109.457388385125
65815,"19148","PA","Philadelphia",2005-03-31,110330.339974012,51544.47185,114.048832035926
65815,"19148","PA","Philadelphia",2005-04-30,112917.421296676,51544.47185,119.067956744766
65815,"19148","PA","Philadelphia",2005-05-31,115971.11838531,51544.47185,124.99234975731
65815,"19148","PA","Philadelphia",2005-06-30,118843.578572303,51544.47185,130.565130084466
65815,"19148","PA","Philadelphia",2005-07-31,121781.064375354,51544.47185,136.264064805534
65815,"19148","PA","Philadelphia",2005-08-31,124898.972647843,51544.47185,142.313032154666
65815,"19148","PA","Philadelphia",2005-09-30,128000.352166569,51544.47185,148.329932527127
65815,"19148","PA","Philadelphia",2005-10-31,130758.368720872,51544.47185,153.68068393715
65815,"19148","PA","Philadelphia",2005-11-30,133216.360276892,51544.47185,158.449365170654
65815,"19148","PA","Philadelphia",2005-12-31,135438.476388957,51544.47185,162.760430998493
65815,"19148","PA","Philadelphia",2006-01-31,137612.237014626,51544.47185,166.977683688549
65815,"19148","PA","Philadelphia",2006-02-28,139536.567055218,51544.47185,170.711023019664
65815,"19148","PA","Philadelphia",2006-03-31,141169.52843207,51544.47185,173.879086088784
65815,"19148","PA","Philadelphia",2006-04-30,143141.662764651,51544.47185,177.705169200702
65815,"19148","PA","Philadelphia",2006-05-31,145397.663652201,51544.47185,182.081973941501
65815,"19148","PA","Philadelphia",2006-06-30,148142.224694422,51544.47185,187.406620685788
65815,"19148","PA","Philadelphia",2006-07-31,150630.165119195,51544.47185,192.233404888782
65815,"19148","PA","Philadelphia",2006-08-31,152259.166206717,51544.47185,195.393784710429
65815,"19148","PA","Philadelphia",2006-09-30,153134.449844274,51544.47185,197.091898215413
65815,"19148","PA","Philadelphia",2006-10-31,153005.318382499,51544.47185,196.84137384851
65815,"19148","PA","Philadelphia",2006-11-30,152778.095694631,51544.47185,196.400545414902
65815,"19148","PA","Philadelphia",2006-12-31,152897.533203155,51544.47185,196.63226281201
65815,"19148","PA","Philadelphia",2007-01-31,153526.965935979,51544.47185,197.853407796589
65815,"19148","PA","Philadelphia",2007-02-28,154225.960080073,51544.47185,199.20950694555
65815,"19148","PA","Philadelphia",2007-03-31,154733.918231638,51544.47185,200.194982464715
65815,"19148","PA","Philadelphia",2007-04-30,154817.179695216,51544.47185,200.356515720542
65815,"19148","PA","Philadelphia",2007-05-31,155196.880843363,51544.47185,201.093163385208
65815,"19148","PA","Philadelphia",2007-06-30,155585.648325499,51544.47185,201.847400392946
65815,"19148","PA","Philadelphia",2007-07-31,156115.500434944,51544.47185,202.875351772459
65815,"19148","PA","Philadelphia",2007-08-31,156027.324688283,51544.47185,202.704284452345
65815,"19148","PA","Philadelphia",2007-09-30,155364.241136686,51544.47185,201.417854447734
65815,"19148","PA","Philadelphia",2007-10-31,154908.912029442,51544.47185,200.534483077533
65815,"19148","PA","Philadelphia",2007-11-30,154756.83498678,51544.47185,200.23944262566
65815,"19148","PA","Philadelphia",2007-12-31,154661.167399395,51544.47185,200.053840593178
65815,"19148","PA","Philadelphia",2008-01-31,154327.148058536,51544.47185,199.405818935626
65815,"19148","PA","Philadelphia",2008-02-29,154306.080697512,51544.47185,199.364946732909
65815,"19148","PA","Philadelphia",2008-03-31,154571.578799826,51544.47185,199.880032236329
65815,"19148","PA","Philadelphia",2008-04-30,155267.058337353,51544.47185,201.229312794584
65815,"19148","PA","Philadelphia",2008-05-31,155832.8144,51544.47185,202.326920437735
65815,"19148","PA","Philadelphia",2008-06-30,156266.521915253,51544.47185,203.168344357093
65815,"19148","PA","Philadelphia",2008-07-31,156205.136007093,51544.47185,203.049251259509
65815,"19148","PA","Philadelphia",2008-08-31,155912.979103933,51544.47185,202.482445756078
65815,"19148","PA","Philadelphia",2008-09-30,155812.370832494,51544.47185,202.287258439518
65815,"19148","PA","Philadelphia",2008-10-31,156277.540262739,51544.47185,203.189720747403
65815,"19148","PA","Philadelphia",2008-11-30,156966.557069403,51544.47185,204.526463140787
65815,"19148","PA","Philadelphia",2008-12-31,157234.873645309,51544.47185,205.047016686639
65815,"19148","PA","Philadelphia",2009-01-31,156946.186345421,51544.47185,204.486942464269
65815,"19148","PA","Philadelphia",2009-02-28,156446.947537652,51544.47185,203.518383102129
65815,"19148","PA","Philadelphia",2009-03-31,156055.748873053,51544.47185,202.759429424736
65815,"19148","PA","Philadelphia",2009-04-30,156010.924263013,51544.47185,202.672466442225
65815,"19148","PA","Philadelphia",2009-05-31,156227.249838125,51544.47185,203.092153689658
65815,"19148","PA","Philadelphia",2009-06-30,156572.680477572,51544.47185,203.762314091054
65815,"19148","PA","Philadelphia",2009-07-31,156890.156393803,51544.47185,204.378240309397
65815,"19148","PA","Philadelphia",2009-08-31,157188.333513086,51544.47185,204.956725467129
65815,"19148","PA","Philadelphia",2009-09-30,157742.898726888,51544.47185,206.032622054868
65815,"19148","PA","Philadelphia",2009-10-31,158265.262054588,51544.47185,207.046044656655
65815,"19148","PA","Philadelphia",2009-11-30,158583.618402334,51544.47185,207.663678975758
65815,"19148","PA","Philadelphia",2009-12-31,158510.57529235,51544.47185,207.521970064284
65815,"19148","PA","Philadelphia",2010-01-31,158393.109972855,51544.47185,207.294078856403
65815,"19148","PA","Philadelphia",2010-02-28,158640.968599715,51544.47185,207.77494250281
65815,"19148","PA","Philadelphia",2010-03-31,159190.970747078,51544.47185,208.84198641193
65815,"19148","PA","Philadelphia",2010-04-30,159984.594450334,51544.47185,210.38167374361
65815,"19148","PA","Philadelphia",2010-05-31,160433.215011467,51544.47185,211.252030049595
65815,"19148","PA","Philadelphia",2010-06-30,160775.090715212,51544.47185,211.915293618848
65815,"19148","PA","Philadelphia",2010-07-31,160542.155059413,51544.47185,211.463381614633
65815,"19148","PA","Philadelphia",2010-08-31,159750.014511267,51544.47185,209.92657171104
65815,"19148","PA","Philadelphia",2010-09-30,157574.07452383,51544.47185,205.705090901673
65815,"19148","PA","Philadelphia",2010-10-31,155254.280915549,51544.47185,201.204523672986
65815,"19148","PA","Philadelphia",2010-11-30,153316.375354601,51544.47185,197.44484685141
65815,"19148","PA","Philadelphia",2010-12-31,152130.817385114,51544.47185,195.144778722016
65815,"19148","PA","Philadelphia",2011-01-31,151210.753217698,51544.47185,193.359787753258
65815,"19148","PA","Philadelphia",2011-02-28,150513.777658774,51544.47185,192.00760480539
65815,"19148","PA","Philadelphia",2011-03-31,150681.483180852,51544.47185,192.332965636648
65815,"19148","PA","Philadelphia",2011-04-30,150454.72972401,51544.47185,191.893047545137
65815,"19148","PA","Philadelphia",2011-05-31,149590.634002863,51544.47185,190.216639406429
65815,"19148","PA","Philadelphia",2011-06-30,147805.183338846,51544.47185,186.752736101313
65815,"19148","PA","Philadelphia",2011-07-31,146091.803926595,51544.47185,183.428656232501
65815,"19148","PA","Philadelphia",2011-08-31,144670.604153479,51544.47185,180.671425976555
65815,"19148","PA","Philadelphia",2011-09-30,144118.565063482,51544.47185,179.600430251537
65815,"19148","PA","Philadelphia",2011-10-31,144034.68234389,51544.47185,179.437691714151
65815,"19148","PA","Philadelphia",2011-11-30,144243.273213896,51544.47185,179.842373074768
65815,"19148","PA","Philadelphia",2011-12-31,144473.279800764,51544.47185,180.288602473602
65815,"19148","PA","Philadelphia",2012-01-31,143549.470220039,51544.47185,178.496345132382
65815,"19148","PA","Philadelphia",2012-02-29,141793.650279042,51544.47185,175.089927571043
65815,"19148","PA","Philadelphia",2012-03-31,139757.195729161,51544.47185,171.139058589773
65815,"19148","PA","Philadelphia",2012-04-30,138885.288672817,51544.47185,169.447495896336
65815,"19148","PA","Philadelphia",2012-05-31,138005.464077421,51544.47185,167.740572605016
65815,"19148","PA","Philadelphia",2012-06-30,137089.155545852,51544.47185,165.962867841184
65815,"19148","PA","Philadelphia",2012-07-31,136345.447627446,51544.47185,164.520020739035
65815,"19148","PA","Philadelphia",2012-08-31,136195.1884392,51544.47185,164.228507056088
65815,"19148","PA","Philadelphia",2012-09-30,136405.734827718,51544.47185,164.636982263924
65815,"19148","PA","Philadelphia",2012-10-31,136492.978216395,51544.47185,164.806240742178
65815,"19148","PA","Philadelphia",2012-11-30,136663.553720533,51544.47185,165.137169546015
65815,"19148","PA","Philadelphia",2012-12-31,136857.012398794,51544.47185,165.512493361194
65815,"19148","PA","Philadelphia",2013-01-31,137233.318808282,51544.47185,166.242554987557
65815,"19148","PA","Philadelphia",2013-02-28,137477.384705614,51544.47185,166.716060464617
65815,"19148","PA","Philadelphia",2013-03-31,138347.803986972,51544.47185,168.404736767076
65815,"19148","PA","Philadelphia",2013-04-30,139583.456979553,51544.47185,170.801992861147
65815,"19148","PA","Philadelphia",2013-05-31,141739.543621123,51544.47185,174.984956744925
65815,"19148","PA","Philadelphia",2013-06-30,143602.713702035,51544.47185,178.599641334835
65815,"19148","PA","Philadelphia",2013-07-31,144861.276716239,51544.47185,181.041344526336
65815,"19148","PA","Philadelphia",2013-08-31,145513.411336208,51544.47185,182.306532812419
65815,"19148","PA","Philadelphia",2013-09-30,146026.791862132,51544.47185,183.302528129663
65815,"19148","PA","Philadelphia",2013-10-31,147033.942091183,51544.47185,185.256472350842
65815,"19148","PA","Philadelphia",2013-11-30,147991.0794,51544.47185,187.113387892828
65815,"19148","PA","Philadelphia",2013-12-31,148868.401846853,51544.47185,188.81545683517
65815,"19148","PA","Philadelphia",2014-01-31,149010.920957349,51544.47185,189.091954207984
65815,"19148","PA","Philadelphia",2014-02-28,148504.335019937,51544.47185,188.109140883432
65815,"19148","PA","Philadelphia",2014-03-31,148214.236372419,51544.47185,187.546328544676
65815,"19148","PA","Philadelphia",2014-04-30,148407.254368184,51544.47185,187.920797403967
65815,"19148","PA","Philadelphia",2014-05-31,149477.742188995,51544.47185,189.997621129947
65815,"19148","PA","Philadelphia",2014-06-30,149810.537484418,51544.47185,190.643268050903
65815,"19148","PA","Philadelphia",2014-07-31,149707.235850769,51544.47185,190.442855417033
65815,"19148","PA","Philadelphia",2014-08-31,149027.448477966,51544.47185,189.124018792261
65815,"19148","PA","Philadelphia",2014-09-30,148574.986209753,51544.47185,188.24620929694
65815,"19148","PA","Philadelphia",2014-10-31,148396.186100642,51544.47185,187.899324165142
65815,"19148","PA","Philadelphia",2014-11-30,148856.42099773,51544.47185,188.792213122133
65815,"19148","PA","Philadelphia",2014-12-31,150253.600892986,51544.47185,191.502843079352
65815,"19148","PA","Philadelphia",2015-01-31,151712.248292362,51544.47185,194.332724436214
65815,"19148","PA","Philadelphia",2015-02-28,152816.031605962,51544.47185,196.47414382414
65815,"19148","PA","Philadelphia",2015-03-31,153960.085510614,51544.47185,198.693691068665
65815,"19148","PA","Philadelphia",2015-04-30,155847.662723789,51544.47185,202.355727258827
65815,"19148","PA","Philadelphia",2015-05-31,157955.818082792,51544.47185,206.445700990904
65815,"19148","PA","Philadelphia",2015-06-30,159042.619935713,51544.47185,208.554175118031
65815,"19148","PA","Philadelphia",2015-07-31,160069.068855345,51544.47185,210.545560193465
65815,"19148","PA","Philadelphia",2015-08-31,161982.588208437,51544.47185,214.257926009648
65815,"19148","PA","Philadelphia",2015-09-30,164290.648840939,51544.47185,218.735730417498
65815,"19148","PA","Philadelphia",2015-10-31,165902.494956651,51544.47185,221.862828354213
65815,"19148","PA","Philadelphia",2015-11-30,166702.071052125,51544.47185,223.414063756916
65815,"19148","PA","Philadelphia",2015-12-31,167742.249504627,51544.47185,225.432085118217
65815,"19148","PA","Philadelphia",2016-01-31,168821.6838,51544.47185,227.526265651318
65815,"19148","PA","Philadelphia",2016-02-29,170294.556481514,51544.47185,230.383745083449
65815,"19148","PA","Philadelphia",2016-03-31,171210.417444899,51544.47185,232.160581532661
65815,"19148","PA","Philadelphia",2016-04-30,172246.092970886,51544.47185,234.169866891139
65815,"19148","PA","Philadelphia",2016-05-31,173668.979031578,51544.47185,236.930368666835
65815,"19148","PA","Philadelphia",2016-06-30,175414.658474901,51544.47185,240.317112929931
65815,"19148","PA","Philadelphia",2016-07-31,177172.659726184,51544.47185,243.727762390845
65815,"19148","PA","Philadelphia",2016-08-31,178864.33572932,51544.47185,247.009736077683
65815,"19148","PA","Philadelphia",2016-09-30,180869.378438659,51544.47185,250.899663818476
65815,"19148","PA","Philadelphia",2016-10-31,183703.068518909,51544.47185,256.397227337017
65815,"19148","PA","Philadelphia",2016-11-30,186254.05060758,51544.47185,261.346316923374
65815,"19148","PA","Philadelphia",2016-12-31,188668.653309669,51544.47185,266.030820644968
65815,"19148","PA","Philadelphia",2017-01-31,190168.57645109,51544.47185,268.940779923987
65815,"19148","PA","Philadelphia",2017-02-28,191574.193451088,51544.47185,271.66777847407
65815,"19148","PA","Philadelphia",2017-03-31,193081.281764904,51544.47185,274.591638705294
65815,"19148","PA","Philadelphia",2017-04-30,194983.3539,51544.47185,278.281796091388
65815,"19148","PA","Philadelphia",2017-05-31,196778.762268239,51544.47185,281.76501806224
65815,"19148","PA","Philadelphia",2017-06-30,198384.248847637,51544.47185,284.879778038965
65815,"19148","PA","Philadelphia",2017-07-31,199398.491628308,51544.47185,286.847482322797
65815,"19148","PA","Philadelphia",2017-08-31,200407.096494125,51544.47185,288.804248644415
65815,"19148","PA","Philadelphia",2017-09-30,201250.237864902,51544.47185,290.44000382924
65815,"19148","PA","Philadelphia",2017-10-31,202747.320631067,51544.47185,293.344452575019
65815,"19148","PA","Philadelphia",2017-11-30,205038.673225792,51544.47185,297.789842182256
65815,"19148","PA","Philadelphia",2017-12-31,207710.697739896,51544.47185,302.973762820494
65815,"19148","PA","Philadelphia",2018-01-31,210209.46201888,51544.47185,307.821546082793
65815,"19148","PA","Philadelphia",2018-02-28,212138.356502243,51544.47185,311.563740762712
65815,"19148","PA","Philadelphia",2018-03-31,213794.150144423,51544.47185,314.776100076429
65815,"19148","PA","Philadelphia",2018-04-30,215266.328505703,51544.47185,317.632232477134
65815,"19148","PA","Philadelphia",2018-05-31,215967.109451314,51544.47185,318.991798150152
65815,"19148","PA","Philadelphia",2018-06-30,216151.798541871,51544.47185,319.350108331493
65815,"19148","PA","Philadelphia",2018-07-31,215624.999886891,51544.47185,318.328080874286
65815,"19148","PA","Philadelphia",2018-08-31,215362.382407235,51544.47185,317.818583986976
65815,"19148","PA","Philadelphia",2018-09-30,215740.887729385,51544.47185,318.552911662796
65815,"19148","PA","Philadelphia",2018-10-31,216744.384683115,51544.47185,320.499768265866
65815,"19148","PA","Philadelphia",2018-11-30,218285.587392641,51544.47185,323.489812889879
65815,"19148","PA","Philadelphia",2018-12-31,220296.329547434,51544.47185,327.390797966696
65815,"19148","PA","Philadelphia",2019-01-31,223074.598071256,51544.47185,332.780839660996
65815,"19148","PA","Philadelphia",2019-02-28,225768.85548073,51544.47185,338.007893722807
65815,"19148","PA","Philadelphia",2019-03-31,227553.424607278,51544.47185,341.470086781534
65815,"19148","PA","Philadelphia",2019-04-30,228333.606628225,51544.47185,342.983696278236
65815,"19148","PA","Philadelphia",2019-05-31,228275.852749062,51544.47185,342.871649579357
65815,"19148","PA","Philadelphia",2019-06-30,228507.021703889,51544.47185,343.320134056023
65815,"19148","PA","Philadelphia",2019-07-31,228613.081505241,51544.47185,343.525897734543
65815,"19148","PA","Philadelphia",2019-08-31,228810.44393515,51544.47185,343.908795110003
65815,"19148","PA","Philadelphia",2019-09-30,228962.843542455,51544.47185,344.204461360592
65815,"19148","PA","Philadelphia",2019-10-31,229505.210345322,51544.47185,345.256692149658
65815,"19148","PA","Philadelphia",2019-11-30,230859.654373097,51544.47185,347.884411435864
65815,"19148","PA","Philadelphia",2019-12-31,232367.793701137,51544.47185,350.810310710628
65815,"19148","PA","Philadelphia",2020-01-31,233700.239903032,51544.47185,353.39535262506
65815,"19148","PA","Philadelphia",2020-02-29,234931.391196199,51544.47185,355.783875096974
65815,"19148","PA","Philadelphia",2020-03-31,236488.984675967,51544.47185,358.805718999655
65815,"19148","PA","Philadelphia",2020-04-30,238559.677250534,51544.47185,362.823012222861
65815,"19148","PA","Philadelphia",2020-05-31,239877.436728839,51544.47185,365.379560832263
65815,"19148","PA","Philadelphia",2020-06-30,239734.958077402,51544.47185,365.103141952946
65815,"19148","PA","Philadelphia",2020-07-31,239181.103101146,51544.47185,364.028623277368
65815,"19148","PA","Philadelphia",2020-08-31,239151.408834376,51544.47185,363.971014254123
65815,"19148","PA","Philadelphia",2020-09-30,240569.107667756,51544.47185,366.721452434003
65815,"19148","PA","Philadelphia",2020-10-31,242499.064995047,51544.47185,370.465709107944
65815,"19148","PA","Philadelphia",2020-11-30,245103.632304797,51544.47185,375.518757895271
65815,"19148","PA","Philadelphia",2020-12-31,247347.370631754,51544.47185,379.871772382423
65815,"19148","PA","Philadelphia",2021-01-31,248896.297980278,51544.47185,382.876803364274
65815,"19148","PA","Philadelphia",2021-02-28,250110.011460202,51544.47185,385.231495218439
65815,"19148","PA","Philadelphia",2021-03-31,251569.425715561,51544.47185,388.06286433132
65815,"19148","PA","Philadelphia",2021-04-30,253325.362329729,51544.47185,391.469508247041
65815,"19148","PA","Philadelphia",2021-05-31,254635.641160933,51544.47185,394.011543860515
65815,"19148","PA","Philadelphia",2021-06-30,255177.103881522,51544.47185,395.062020664631
65815,"19148","PA","Philadelphia",2021-07-31,253511.269275472,51544.47185,391.830181155445
65815,"19148","PA","Philadelphia",2021-08-31,250034.81191826,51544.47185,385.08560267314
65815,"19148","PA","Philadelphia",2021-09-30,244413.68244396,51544.47185,374.180205309369
65815,"19148","PA","Philadelphia",2021-10-31,239819.325600152,51544.47185,365.26682104349
65815,"19148","PA","Philadelphia",2021-11-30,236412.552384328,51544.47185,358.657434830866
65815,"19148","PA","Philadelphia",2021-12-31,235340.47308866,51544.47185,356.577523528666
65815,"19148","PA","Philadelphia",2022-01-31,236553.013671615,51544.47185,358.929939877957
65815,"19148","PA","Philadelphia",2022-02-28,239935.348942412,51544.47185,365.491914711338
65815,"19148","PA","Philadelphia",2022-03-31,244232.893774759,51544.47185,373.829462227303
65815,"19148","PA","Philadelphia",2022-04-30,248184.72242476,51544.47185,381.496295368017
65815,"19148","PA","Philadelphia",2022-05-31,251233.495867731,51544.47185,387.411136152191
65815,"19148","PA","Philadelphia",2022-06-30,253934.122305933,51544.47185,392.65054658996
65815,"19148","PA","Philadelphia",2022-07-31,254748.0694,51544.47185,394.229662768385
65815,"19148","PA","Philadelphia",2022-08-31,254018.938803434,51544.47185,392.815096723964
65815,"19148","PA","Philadelphia",2022-09-30,252175.322653675,51544.47185,389.238348173461
65815,"19148","PA","Philadelphia",2022-10-31,250917.838657813,51544.47185,386.798738355514
65815,"19148","PA","Philadelphia",2022-11-30,250293.543057034,51544.47185,385.587559778312
65815,"19148","PA","Philadelphia",2022-12-31,248968.865538042,51544.47185,383.017589670078
65815,"19148","PA","Philadelphia",2023-01-31,246833.387403309,51544.47185,378.874607778737
65815,"19148","PA","Philadelphia",2023-02-28,244135.770553824,51544.47185,373.641036160553
65815,"19148","PA","Philadelphia",2023-03-31,242411.692277838,51544.47185,370.296199722993
65815,"19148","PA","Philadelphia",2023-04-30,241788.351717275,51544.47185,369.086873992821
65815,"19148","PA","Philadelphia",2023-05-31,242185.542984856,51544.47185,369.857453753028
65815,"19148","PA","Philadelphia",2023-06-30,243236.317803956,51544.47185,371.896032831221
65815,"19148","PA","Philadelphia",2023-07-31,244831.802241145,51544.47185,374.991387929305
65815,"19148","PA","Philadelphia",2023-08-31,246491.232613615,51544.47185,378.210802762577
65815,"19148","PA","Philadelphia",2023-09-30,247409.844331279,51544.47185,379.99297587386
65815,"19148","PA","Philadelphia",2023-10-31,247814.400009876,51544.47185,380.777843123591
65815,"19148","PA","Philadelphia",2023-11-30,247918.403690037,51544.47185,380.979617778424
65815,"19148","PA","Philadelphia",2023-12-31,248494.6780117,51544.47185,382.097631604116
65815,"19148","PA","Philadelphia",2024-01-31,248860.9326483,51544.47185,382.808192064733
65815,"19148","PA","Philadelphia",2024-02-29,249577.106209031,51544.47185,384.197620523355
65815,"19148","PA","Philadelphia",2024-03-31,250288.541796964,51544.47185,385.577856972384
65815,"19148","PA","Philadelphia",2024-04-30,251550.844110936,51544.47185,388.026814675638
65815,"19148","PA","Philadelphia",2024-05-31,252576.386887318,51544.47185,390.016441767688
65815,"19148","PA","Philadelphia",2024-06-30,253157.347165372,51544.47185,391.143546687387
65815,"19148","PA","Philadelphia",2024-07-31,253444.715306161,51544.47185,391.701061645782
65815,"19148","PA","Philadelphia",2024-08-31,253266.543071709,51544.47185,391.355394636194
65815,"19148","PA","Philadelphia",2024-09-30,253358.392487487,51544.47185,391.533589139854
65815,"19148","PA","Philadelphia",2024-10-31,253743.471863469,51544.47185,392.280670955152
65815,"19148","PA","Philadelphia",2024-11-30,254523.83498121,51544.47185,393.79463179272
65815,"19148","PA","Philadelphia",2024-12-31,256074.363699796,51544.47185,396.802769548207
65815,"19148","PA","Philadelphia",2025-01-31,257436.211061819,51544.47185,399.44485183782
65815,"19148","PA","Philadelphia",2025-02-28,258543.523893302,51544.47185,401.593118745482
65815,"19148","PA","Philadelphia",2025-03-31,258969.748416645,51544.47185,402.420025119813
65815,"19148","PA","Philadelphia",2025-04-30,259475.204619153,51544.47185,403.400646677016
65815,"19148","PA","Philadelphia",2025-05-31,259889.893694736,51544.47185,404.20517344914
65815,"19148","PA","Philadelphia",2025-06-30,259706.593581261,51544.47185,403.849557983707
65815,"19148","PA","Philadelphia",2025-07-31,259090.963091802,51544.47185,402.655190348607
65815,"19148","PA","Philadelphia",2025-08-31,258427.357072189,51544.47185,401.367746718292
65815,"19148","PA","Philadelphia",2025-09-30,258558.419113959,51544.47185,401.622016549887
66127,"20003","DC","Washington",2000-01-31,214757.789831261,214757.789831261,0
66127,"20003","DC","Washington",2000-02-29,216541.647568718,214757.789831261,0.830637034800293
66127,"20003","DC","Washington",2000-03-31,218126.347004136,214757.789831261,1.56853782837035
66127,"20003","DC","Washington",2000-04-30,221404.494568019,214757.789831261,3.0949772494777
66127,"20003","DC","Washington",2000-05-31,223495.83908712,214757.789831261,4.06879269093102
66127,"20003","DC","Washington",2000-06-30,224865.088077347,214757.789831261,4.70637095586968
66127,"20003","DC","Washington",2000-07-31,225289.362899202,214757.789831261,4.90393064494476
66127,"20003","DC","Washington",2000-08-31,225843.90583625,214757.789831261,5.16214849002694
66127,"20003","DC","Washington",2000-09-30,226540.466283596,214757.789831261,5.48649548945028
66127,"20003","DC","Washington",2000-10-31,227290.641800776,214757.789831261,5.83580785561354
66127,"20003","DC","Washington",2000-11-30,228194.314771043,214757.789831261,6.25659490644786
66127,"20003","DC","Washington",2000-12-31,229784.923617764,214757.789831261,6.99724736332532
66127,"20003","DC","Washington",2001-01-31,231809.657813915,214757.789831261,7.94004631731951
66127,"20003","DC","Washington",2001-02-28,235018.790348005,214757.789831261,9.43434952122763
66127,"20003","DC","Washington",2001-03-31,238725.244311081,214757.789831261,11.1602258985117
66127,"20003","DC","Washington",2001-04-30,242735.555603609,214757.789831261,13.0275906612423
66127,"20003","DC","Washington",2001-05-31,247417.013913464,214757.789831261,15.2074688922179
66127,"20003","DC","Washington",2001-06-30,251832.237492916,214757.789831261,17.263377356782
66127,"20003","DC","Washington",2001-07-31,256609.104443534,214757.789831261,19.4876817484277
66127,"20003","DC","Washington",2001-08-31,261553.594218863,214757.789831261,21.7900381748065
66127,"20003","DC","Washington",2001-09-30,267455.704403664,214757.789831261,24.5383017835155
66127,"20003","DC","Washington",2001-10-31,274528.048047257,214757.789831261,27.831473895759
66127,"20003","DC","Washington",2001-11-30,281414.445314996,214757.789831261,31.0380617793227
66127,"20003","DC","Washington",2001-12-31,287775.777952548,214757.789831261,34.0001581216955
66127,"20003","DC","Washington",2002-01-31,292591.36676467,214757.789831261,36.2424929938815
66127,"20003","DC","Washington",2002-02-28,296591.191542016,214757.789831261,38.1049748067596
66127,"20003","DC","Washington",2002-03-31,299451.231501727,214757.789831261,39.4367262472813
66127,"20003","DC","Washington",2002-04-30,303746.147318327,214757.789831261,41.4366145027784
66127,"20003","DC","Washington",2002-05-31,308747.615395388,214757.789831261,43.76550235406
66127,"20003","DC","Washington",2002-06-30,315343.400098521,214757.789831261,46.836769155751
66127,"20003","DC","Washington",2002-07-31,321882.871524869,214757.789831261,49.8818141953211
66127,"20003","DC","Washington",2002-08-31,328250.048971793,214757.789831261,52.8466321197036
66127,"20003","DC","Washington",2002-09-30,333582.464071445,214757.789831261,55.3296224241958
66127,"20003","DC","Washington",2002-10-31,338519.645258391,214757.789831261,57.6285756732606
66127,"20003","DC","Washington",2002-11-30,343493.072597087,214757.789831261,59.9444066112694
66127,"20003","DC","Washington",2002-12-31,348442.97346261,214757.789831261,62.2492826622906
66127,"20003","DC","Washington",2003-01-31,352838.125043671,214757.789831261,64.295844784444
66127,"20003","DC","Washington",2003-02-28,356762.422495265,214757.789831261,66.1231579890906
66127,"20003","DC","Washington",2003-03-31,360433.894,214757.789831261,67.8327451047059
66127,"20003","DC","Washington",2003-04-30,363059.102598684,214757.789831261,69.0551494704554
66127,"20003","DC","Washington",2003-05-31,364643.821493106,214757.789831261,69.7930593249322
66127,"20003","DC","Washington",2003-06-30,366806.228153297,214757.789831261,70.7999642022316
66127,"20003","DC","Washington",2003-07-31,369585.610836702,214757.789831261,72.0941583199811
66127,"20003","DC","Washington",2003-08-31,372404.273160295,214757.789831261,73.4066426428118
66127,"20003","DC","Washington",2003-09-30,374949.28675601,214757.789831261,74.5917049391383
66127,"20003","DC","Washington",2003-10-31,377847.840550923,214757.789831261,75.9413899946563
66127,"20003","DC","Washington",2003-11-30,381750.883343736,214757.789831261,77.758806161902
66127,"20003","DC","Washington",2003-12-31,385770.502220779,214757.789831261,79.6305049162064
66127,"20003","DC","Washington",2004-01-31,390610.116552004,214757.789831261,81.8840270515512
66127,"20003","DC","Washington",2004-02-29,395520.593619124,214757.789831261,84.1705457715372
66127,"20003","DC","Washington",2004-03-31,401789.946352519,214757.789831261,87.0898125130701
66127,"20003","DC","Washington",2004-04-30,408909.757193095,214757.789831261,90.4050872913075
66127,"20003","DC","Washington",2004-05-31,416374.791483154,214757.789831261,93.8811122103221
66127,"20003","DC","Washington",2004-06-30,423514.718590632,214757.789831261,97.2057539441971
66127,"20003","DC","Washington",2004-07-31,431822.969270111,214757.789831261,101.074414860295
66127,"20003","DC","Washington",2004-08-31,440165.98842428,214757.789831261,104.959265398534
66127,"20003","DC","Washington",2004-09-30,449139.050266419,214757.789831261,109.137489550119
66127,"20003","DC","Washington",2004-10-31,458355.079166687,214757.789831261,113.428849089397
66127,"20003","DC","Washington",2004-11-30,467353.315576348,214757.789831261,117.618795548025
66127,"20003","DC","Washington",2004-12-31,473379.242053713,214757.789831261,120.424713080562
66127,"20003","DC","Washington",2005-01-31,475465.4158,214757.789831261,121.396120798962
66127,"20003","DC","Washington",2005-02-28,479083.098768485,214757.789831261,123.080661774788
66127,"20003","DC","Washington",2005-03-31,485814.741106635,214757.789831261,126.215189441253
66127,"20003","DC","Washington",2005-04-30,495107.05244351,214757.789831261,130.542069199224
66127,"20003","DC","Washington",2005-05-31,503523.125577173,214757.789831261,134.460936654638
66127,"20003","DC","Washington",2005-06-30,511847.1113,214757.789831261,138.33692444971
66127,"20003","DC","Washington",2005-07-31,521789.2422,214757.789831261,142.966386742003
66127,"20003","DC","Washington",2005-08-31,531786.141495455,214757.789831261,147.62135143656
66127,"20003","DC","Washington",2005-09-30,540361.412837533,214757.789831261,151.614348081206
66127,"20003","DC","Washington",2005-10-31,545835.458276082,214757.789831261,154.163287257219
66127,"20003","DC","Washington",2005-11-30,550539.719128604,214757.789831261,156.353783283565
66127,"20003","DC","Washington",2005-12-31,555195.207010983,214757.789831261,158.521568622591
66127,"20003","DC","Washington",2006-01-31,560826.71046424,214757.789831261,161.143826682558
66127,"20003","DC","Washington",2006-02-28,565324.740109038,214757.789831261,163.238293033852
66127,"20003","DC","Washington",2006-03-31,570107.65239228,214757.789831261,165.465412379325
66127,"20003","DC","Washington",2006-04-30,573292.936984388,214757.789831261,166.948611007235
66127,"20003","DC","Washington",2006-05-31,576300.6025166,214757.789831261,168.349102944955
66127,"20003","DC","Washington",2006-06-30,576491.256688678,214757.789831261,168.437879315874
66127,"20003","DC","Washington",2006-07-31,575499.041158544,214757.789831261,167.97586323212
66127,"20003","DC","Washington",2006-08-31,574392.377067809,214757.789831261,167.460555223221
66127,"20003","DC","Washington",2006-09-30,573691.319280764,214757.789831261,167.134114078713
66127,"20003","DC","Washington",2006-10-31,571815.131585982,214757.789831261,166.260484444019
66127,"20003","DC","Washington",2006-11-30,568943.1611007,214757.789831261,164.923177663418
66127,"20003","DC","Washington",2006-12-31,565479.377083528,214757.789831261,163.310298326238
66127,"20003","DC","Washington",2007-01-31,563842.9242,214757.789831261,162.548299013052
66127,"20003","DC","Washington",2007-02-28,564369.800792483,214757.789831261,162.793634277909
66127,"20003","DC","Washington",2007-03-31,566250.48035234,214757.789831261,163.669355508479
66127,"20003","DC","Washington",2007-04-30,567376.20864427,214757.789831261,164.193540588245
66127,"20003","DC","Washington",2007-05-31,568123.295485398,214757.789831261,164.541414740663
66127,"20003","DC","Washington",2007-06-30,568536.701983813,214757.789831261,164.733913694364
66127,"20003","DC","Washington",2007-07-31,568998.375475548,214757.789831261,164.948887731905
66127,"20003","DC","Washington",2007-08-31,568893.680103157,214757.789831261,164.900137289617
66127,"20003","DC","Washington",2007-09-30,568900.387348828,214757.789831261,164.903260457199
66127,"20003","DC","Washington",2007-10-31,570069.032443615,214757.789831261,165.447429353566
66127,"20003","DC","Washington",2007-11-30,571585.737812386,214757.789831261,166.153669332084
66127,"20003","DC","Washington",2007-12-31,573144.854079294,214757.789831261,166.879657557299
66127,"20003","DC","Washington",2008-01-31,574248.663759897,214757.789831261,167.393636436236
66127,"20003","DC","Washington",2008-02-29,573922.836953727,214757.789831261,167.241918164956
66127,"20003","DC","Washington",2008-03-31,572201.613576269,214757.789831261,166.440446246843
66127,"20003","DC","Washington",2008-04-30,570373.760404538,214757.789831261,165.589323140591
66127,"20003","DC","Washington",2008-05-31,569100.191606076,214757.789831261,164.996297481562
66127,"20003","DC","Washington",2008-06-30,567422.9825,214757.789831261,164.215320406228
66127,"20003","DC","Washington",2008-07-31,564532.263219632,214757.789831261,162.86928342073
66127,"20003","DC","Washington",2008-08-31,559943.272014258,214757.789831261,160.732461650968
66127,"20003","DC","Washington",2008-09-30,557132.2167,214757.789831261,159.423519462437
66127,"20003","DC","Washington",2008-10-31,556042.202956513,214757.789831261,158.915964535399
66127,"20003","DC","Washington",2008-11-30,556108.736754261,214757.789831261,158.946945389597
66127,"20003","DC","Washington",2008-12-31,555119.344485017,214757.789831261,158.486243931447
66127,"20003","DC","Washington",2009-01-31,553417.782121108,214757.789831261,157.693926984413
66127,"20003","DC","Washington",2009-02-28,552616.279731481,214757.789831261,157.320714729688
66127,"20003","DC","Washington",2009-03-31,552123.961322521,214757.789831261,157.091471166813
66127,"20003","DC","Washington",2009-04-30,551548.04674664,214757.789831261,156.823301813639
66127,"20003","DC","Washington",2009-05-31,548839.501401033,214757.789831261,155.562092454139
66127,"20003","DC","Washington",2009-06-30,547606.536977663,214757.789831261,154.98797385088
66127,"20003","DC","Washington",2009-07-31,546412.6828,214757.789831261,154.432066575711
66127,"20003","DC","Washington",2009-08-31,547154.994267285,214757.789831261,154.77771711899
66127,"20003","DC","Washington",2009-09-30,546860.905661759,214757.789831261,154.640777450466
66127,"20003","DC","Washington",2009-10-31,545480.870915703,214757.789831261,153.998176897005
66127,"20003","DC","Washington",2009-11-30,545137.894284497,214757.789831261,153.838472966602
66127,"20003","DC","Washington",2009-12-31,546846.3653,214757.789831261,154.634006864043
66127,"20003","DC","Washington",2010-01-31,548969.822989129,214757.789831261,155.622775509314
66127,"20003","DC","Washington",2010-02-28,549582.691757131,214757.789831261,155.908152243953
66127,"20003","DC","Washington",2010-03-31,548809.690787047,214757.789831261,155.548211414476
66127,"20003","DC","Washington",2010-04-30,549371.9814,214757.789831261,155.810036893959
66127,"20003","DC","Washington",2010-05-31,553474.29936155,214757.789831261,157.720243720344
66127,"20003","DC","Washington",2010-06-30,558344.258835252,214757.789831261,159.987895793654
66127,"20003","DC","Washington",2010-07-31,561969.517470564,214757.789831261,161.675964309427
66127,"20003","DC","Washington",2010-08-31,562521.234386342,214757.789831261,161.93286624356
66127,"20003","DC","Washington",2010-09-30,560265.45104776,214757.789831261,160.882481370278
66127,"20003","DC","Washington",2010-10-31,556764.013968819,214757.789831261,159.252069229377
66127,"20003","DC","Washington",2010-11-30,553065.435693923,214757.789831261,157.529860094238
66127,"20003","DC","Washington",2010-12-31,551997.988086518,214757.789831261,157.032812882007
66127,"20003","DC","Washington",2011-01-31,549977.730231575,214757.789831261,156.092098295341
66127,"20003","DC","Washington",2011-02-28,548562.582373888,214757.789831261,155.433147642702
66127,"20003","DC","Washington",2011-03-31,546191.706573321,214757.789831261,154.329171017486
66127,"20003","DC","Washington",2011-04-30,546538.913691717,214757.789831261,154.490844835544
66127,"20003","DC","Washington",2011-05-31,547399.770613455,214757.789831261,154.891694985107
66127,"20003","DC","Washington",2011-06-30,548767.557396578,214757.789831261,155.528592386686
66127,"20003","DC","Washington",2011-07-31,550596.580956746,214757.789831261,156.380260473606
66127,"20003","DC","Washington",2011-08-31,551938.429899834,214757.789831261,157.005080157279
66127,"20003","DC","Washington",2011-09-30,553146.578569262,214757.789831261,157.567643531757
66127,"20003","DC","Washington",2011-10-31,553406.807716088,214757.789831261,157.688816853121
66127,"20003","DC","Washington",2011-11-30,553647.48556927,214757.789831261,157.800886293476
66127,"20003","DC","Washington",2011-12-31,553055.47951459,214757.789831261,157.525224090421
66127,"20003","DC","Washington",2012-01-31,552918.52047746,214757.789831261,157.46145036783
66127,"20003","DC","Washington",2012-02-29,552100.016954104,214757.789831261,157.080321690729
66127,"20003","DC","Washington",2012-03-31,550926.458555414,214757.789831261,156.533864959351
66127,"20003","DC","Washington",2012-04-30,549823.651522566,214757.789831261,156.020352954169
66127,"20003","DC","Washington",2012-05-31,550612.220889528,214757.789831261,156.387543065215
66127,"20003","DC","Washington",2012-06-30,554248.959141022,214757.789831261,158.080956959236
66127,"20003","DC","Washington",2012-07-31,559084.263171457,214757.789831261,160.332472042453
66127,"20003","DC","Washington",2012-08-31,564891.895835591,214757.789831261,163.036743058046
66127,"20003","DC","Washington",2012-09-30,571165.275827411,214757.789831261,165.957885055618
66127,"20003","DC","Washington",2012-10-31,579298.372354799,214757.789831261,169.744987043294
66127,"20003","DC","Washington",2012-11-30,587423.57892344,214757.789831261,173.528415143865
66127,"20003","DC","Washington",2012-12-31,595331.263719214,214757.789831261,177.210556221023
66127,"20003","DC","Washington",2013-01-31,601026.723735988,214757.789831261,179.862595069648
66127,"20003","DC","Washington",2013-02-28,604752.080955567,214757.789831261,181.597273575376
66127,"20003","DC","Washington",2013-03-31,606463.763234883,214757.789831261,182.394302768432
66127,"20003","DC","Washington",2013-04-30,608377.864839145,214757.789831261,183.285586668199
66127,"20003","DC","Washington",2013-05-31,612602.313915331,214757.789831261,185.252662730728
66127,"20003","DC","Washington",2013-06-30,619995.24471108,214757.789831261,188.695113317296
66127,"20003","DC","Washington",2013-07-31,627453.729394483,214757.789831261,192.168088471894
66127,"20003","DC","Washington",2013-08-31,633816.648854868,214757.789831261,195.130923703801
66127,"20003","DC","Washington",2013-09-30,640282.220010179,214757.789831261,198.141557758282
66127,"20003","DC","Washington",2013-10-31,647792.393406865,214757.789831261,201.638601289317
66127,"20003","DC","Washington",2013-11-30,654103.50678412,214757.789831261,204.577313492591
66127,"20003","DC","Washington",2013-12-31,657945.804523742,214757.789831261,206.36644428158
66127,"20003","DC","Washington",2014-01-31,660213.962961371,214757.789831261,207.422591506512
66127,"20003","DC","Washington",2014-02-28,664576.682904199,214757.789831261,209.454052133042
66127,"20003","DC","Washington",2014-03-31,667765.9767,214757.789831261,210.939117609972
66127,"20003","DC","Washington",2014-04-30,671370.22393909,214757.789831261,212.617402361329
66127,"20003","DC","Washington",2014-05-31,673330.826357981,214757.789831261,213.530338939989
66127,"20003","DC","Washington",2014-06-30,675745.621891351,214757.789831261,214.654766386959
66127,"20003","DC","Washington",2014-07-31,678100.764795479,214757.789831261,215.75141713289
66127,"20003","DC","Washington",2014-08-31,681266.9419,214757.789831261,217.225718534021
66127,"20003","DC","Washington",2014-09-30,685025.993330781,214757.789831261,218.976086440924
66127,"20003","DC","Washington",2014-10-31,688636.431584556,214757.789831261,220.657253981628
66127,"20003","DC","Washington",2014-11-30,691675.858016859,214757.789831261,222.072535091892
66127,"20003","DC","Washington",2014-12-31,694633.454197684,214757.789831261,223.449712694227
66127,"20003","DC","Washington",2015-01-31,697062.9544,214757.789831261,224.580987235758
66127,"20003","DC","Washington",2015-02-28,698294.867228777,214757.789831261,225.154616173616
66127,"20003","DC","Washington",2015-03-31,697718.973298062,214757.789831261,224.886456433675
66127,"20003","DC","Washington",2015-04-30,696498.674097748,214757.789831261,224.318235275656
66127,"20003","DC","Washington",2015-05-31,695593.816332655,214757.789831261,223.896896535952
66127,"20003","DC","Washington",2015-06-30,696592.681366083,214757.789831261,224.362008900077
66127,"20003","DC","Washington",2015-07-31,698891.516158737,214757.789831261,225.432440289067
66127,"20003","DC","Washington",2015-08-31,702275.558458881,214757.789831261,227.008188625275
66127,"20003","DC","Washington",2015-09-30,707088.163107165,214757.789831261,229.249133948872
66127,"20003","DC","Washington",2015-10-31,713020.707445554,214757.789831261,232.011568942756
66127,"20003","DC","Washington",2015-11-30,718272.924029834,214757.789831261,234.457215542307
66127,"20003","DC","Washington",2015-12-31,722107.445031497,214757.789831261,236.242725164415
66127,"20003","DC","Washington",2016-01-31,724658.002030602,214757.789831261,237.430368695813
66127,"20003","DC","Washington",2016-02-29,727330.616479537,214757.789831261,238.674847162012
66127,"20003","DC","Washington",2016-03-31,729221.125811566,214757.789831261,239.555145536061
66127,"20003","DC","Washington",2016-04-30,730048.103210702,214757.789831261,239.940219995891
66127,"20003","DC","Washington",2016-05-31,730064.873638987,214757.789831261,239.948028992388
66127,"20003","DC","Washington",2016-06-30,729066.57895484,214757.789831261,239.483182206188
66127,"20003","DC","Washington",2016-07-31,728369.0924,214757.789831261,239.158403973282
66127,"20003","DC","Washington",2016-08-31,728094.216301763,214757.789831261,239.030410433
66127,"20003","DC","Washington",2016-09-30,727899.633271694,214757.789831261,238.939804625303
66127,"20003","DC","Washington",2016-10-31,728811.076946199,214757.789831261,239.364210033471
66127,"20003","DC","Washington",2016-11-30,731113.108667085,214757.789831261,240.436130042842
66127,"20003","DC","Washington",2016-12-31,735523.189787951,214757.789831261,242.489643968615
66127,"20003","DC","Washington",2017-01-31,739211.704353498,214757.789831261,244.207167029569
66127,"20003","DC","Washington",2017-02-28,741984.947508831,214757.789831261,245.498502332243
66127,"20003","DC","Washington",2017-03-31,743390.915811226,214757.789831261,246.153178608945
66127,"20003","DC","Washington",2017-04-30,746065.652250691,214757.789831261,247.39864516062
66127,"20003","DC","Washington",2017-05-31,748507.776964498,214757.789831261,248.535798190424
66127,"20003","DC","Washington",2017-06-30,751896.99385269,214757.789831261,250.113956026214
66127,"20003","DC","Washington",2017-07-31,753734.117563321,214757.789831261,250.969395874089
66127,"20003","DC","Washington",2017-08-31,753923.19436359,214757.789831261,251.057437756256
66127,"20003","DC","Washington",2017-09-30,753563.20214541,214757.789831261,250.889810673456
66127,"20003","DC","Washington",2017-10-31,753236.298363976,214757.789831261,250.737590918498
66127,"20003","DC","Washington",2017-11-30,753788.732249834,214757.789831261,250.99482670319
66127,"20003","DC","Washington",2017-12-31,755881.711324889,214757.789831261,251.969403260668
66127,"20003","DC","Washington",2018-01-31,761390.549004906,214757.789831261,254.534543125604
66127,"20003","DC","Washington",2018-02-28,768283.174612909,214757.789831261,257.744031178829
66127,"20003","DC","Washington",2018-03-31,773984.793951284,214757.789831261,260.398938059205
66127,"20003","DC","Washington",2018-04-30,775251.274125778,214757.789831261,260.988662965338
66127,"20003","DC","Washington",2018-05-31,775372.341406023,214757.789831261,261.04503683673
66127,"20003","DC","Washington",2018-06-30,774711.542157758,214757.789831261,260.737341712477
66127,"20003","DC","Washington",2018-07-31,774982.882393598,214757.789831261,260.863688810784
66127,"20003","DC","Washington",2018-08-31,775558.935570778,214757.789831261,261.131922702385
66127,"20003","DC","Washington",2018-09-30,776853.638955911,214757.789831261,261.734789488334
66127,"20003","DC","Washington",2018-10-31,778395.716022207,214757.789831261,262.452843565678
66127,"20003","DC","Washington",2018-11-30,780791.67192396,214757.789831261,263.568498510551
66127,"20003","DC","Washington",2018-12-31,782913.985120495,214757.789831261,264.556734233317
66127,"20003","DC","Washington",2019-01-31,785688.078705346,214757.789831261,265.848465530715
66127,"20003","DC","Washington",2019-02-28,786549.874197333,214757.789831261,266.249752716928
66127,"20003","DC","Washington",2019-03-31,788789.540100106,214757.789831261,267.292632653685
66127,"20003","DC","Washington",2019-04-30,790708.6135,214757.789831261,268.186231624601
66127,"20003","DC","Washington",2019-05-31,792079.734493998,214757.789831261,268.824681570969
66127,"20003","DC","Washington",2019-06-30,791571.301213583,214757.789831261,268.587934265638
66127,"20003","DC","Washington",2019-07-31,791159.692129445,214757.789831261,268.396272261451
66127,"20003","DC","Washington",2019-08-31,791754.114884809,214757.789831261,268.673059779068
66127,"20003","DC","Washington",2019-09-30,792669.614612314,214757.789831261,269.099353851206
66127,"20003","DC","Washington",2019-10-31,794008.360358801,214757.789831261,269.722728559773
66127,"20003","DC","Washington",2019-11-30,796281.131751888,214757.789831261,270.78102376521
66127,"20003","DC","Washington",2019-12-31,799328.03893777,214757.789831261,272.199788219937
66127,"20003","DC","Washington",2020-01-31,804060.114950308,214757.789831261,274.403236121061
66127,"20003","DC","Washington",2020-02-29,810235.923123959,214757.789831261,277.278944694196
66127,"20003","DC","Washington",2020-03-31,818401.140046383,214757.789831261,281.081003249948
66127,"20003","DC","Washington",2020-04-30,826735.125764173,214757.789831261,284.961647451184
66127,"20003","DC","Washington",2020-05-31,832115.696732716,214757.789831261,287.467061095444
66127,"20003","DC","Washington",2020-06-30,833190.52044454,214757.789831261,287.967542923213
66127,"20003","DC","Washington",2020-07-31,832866.972124817,214757.789831261,287.816885608302
66127,"20003","DC","Washington",2020-08-31,834477.265213866,214757.789831261,288.566703852526
66127,"20003","DC","Washington",2020-09-30,838906.562779222,214757.789831261,290.629165739863
66127,"20003","DC","Washington",2020-10-31,842702.506584341,214757.789831261,292.396712243345
66127,"20003","DC","Washington",2020-11-30,846735.06473532,214757.789831261,294.274436052176
66127,"20003","DC","Washington",2020-12-31,850422.252739307,214757.789831261,295.991341411876
66127,"20003","DC","Washington",2021-01-31,853514.313979029,214757.789831261,297.431131438655
66127,"20003","DC","Washington",2021-02-28,856515.079531587,214757.789831261,298.828410463978
66127,"20003","DC","Washington",2021-03-31,861490.4065,214757.789831261,301.145125947184
66127,"20003","DC","Washington",2021-04-30,868513.929790555,214757.789831261,304.415565308696
66127,"20003","DC","Washington",2021-05-31,877400.629357727,214757.789831261,308.553575657077
66127,"20003","DC","Washington",2021-06-30,886433.575052483,214757.789831261,312.759684176751
66127,"20003","DC","Washington",2021-07-31,892514.28747574,214757.789831261,315.591112283753
66127,"20003","DC","Washington",2021-08-31,894207.483779323,214757.789831261,316.379533651337
66127,"20003","DC","Washington",2021-09-30,891959.195769251,214757.789831261,315.332638909201
66127,"20003","DC","Washington",2021-10-31,890588.206360964,214757.789831261,314.694250234516
66127,"20003","DC","Washington",2021-11-30,890341.347828576,214757.789831261,314.579302817436
66127,"20003","DC","Washington",2021-12-31,889982.817490505,214757.789831261,314.412356445734
66127,"20003","DC","Washington",2022-01-31,889668.939473891,214757.789831261,314.266202018991
66127,"20003","DC","Washington",2022-02-28,892105.104979826,214757.789831261,315.400580198171
66127,"20003","DC","Washington",2022-03-31,900705.986445877,214757.789831261,319.405501962736
66127,"20003","DC","Washington",2022-04-30,910365.53205513,214757.789831261,323.903380999787
66127,"20003","DC","Washington",2022-05-31,916409.274373502,214757.789831261,326.71759431569
66127,"20003","DC","Washington",2022-06-30,915868.888097251,214757.789831261,326.465968390188
66127,"20003","DC","Washington",2022-07-31,908896.051209562,214757.789831261,323.219130688437
66127,"20003","DC","Washington",2022-08-31,898288.541401039,214757.789831261,318.279840794991
66127,"20003","DC","Washington",2022-09-30,885261.994542463,214757.789831261,312.214148431137
66127,"20003","DC","Washington",2022-10-31,876306.122680172,214757.789831261,308.043928636397
66127,"20003","DC","Washington",2022-11-30,871066.059966134,214757.789831261,305.603941375327
66127,"20003","DC","Washington",2022-12-31,867757.406149817,214757.789831261,304.063296996877
66127,"20003","DC","Washington",2023-01-31,865375.916976572,214757.789831261,302.954378351777
66127,"20003","DC","Washington",2023-02-28,863549.738989589,214757.789831261,302.104035279976
66127,"20003","DC","Washington",2023-03-31,863453.444170643,214757.789831261,302.059196478542
66127,"20003","DC","Washington",2023-04-30,864131.465981404,214757.789831261,302.374911131451
66127,"20003","DC","Washington",2023-05-31,865445.710884677,214757.789831261,302.986877246536
66127,"20003","DC","Washington",2023-06-30,867311.935904486,214757.789831261,303.855867852779
66127,"20003","DC","Washington",2023-07-31,868974.471862071,214757.789831261,304.630012510764
66127,"20003","DC","Washington",2023-08-31,869990.004954588,214757.789831261,305.102886204107
66127,"20003","DC","Washington",2023-09-30,869014.562400438,214757.789831261,304.648680303164
66127,"20003","DC","Washington",2023-10-31,866865.31642713,214757.789831261,303.647903579303
66127,"20003","DC","Washington",2023-11-30,863371.566254753,214757.789831261,302.021070776115
66127,"20003","DC","Washington",2023-12-31,860024.406725378,214757.789831261,300.462496564672
66127,"20003","DC","Washington",2024-01-31,856181.709256401,214757.789831261,298.673179645367
66127,"20003","DC","Washington",2024-02-29,854301.097167351,214757.789831261,297.79748983196
66127,"20003","DC","Washington",2024-03-31,854489.378875302,214757.789831261,297.885161486664
66127,"20003","DC","Washington",2024-04-30,855842.384980905,214757.789831261,298.515176400985
66127,"20003","DC","Washington",2024-05-31,855697.742523993,214757.789831261,298.447824964268
66127,"20003","DC","Washington",2024-06-30,852469.714360047,214757.789831261,296.944723183196
66127,"20003","DC","Washington",2024-07-31,848586.009435174,214757.789831261,295.136311517233
66127,"20003","DC","Washington",2024-08-31,845518.949,214757.789831261,293.708162886357
66127,"20003","DC","Washington",2024-09-30,845797.392623957,214757.789831261,293.837817612351
66127,"20003","DC","Washington",2024-10-31,846153.12708126,214757.789831261,294.003462107753
66127,"20003","DC","Washington",2024-11-30,844797.537680565,214757.789831261,293.372244305708
66127,"20003","DC","Washington",2024-12-31,842134.823210535,214757.789831261,292.13237567411
66127,"20003","DC","Washington",2025-01-31,839725.440436593,214757.789831261,291.010468629045
66127,"20003","DC","Washington",2025-02-28,839213.356360084,214757.789831261,290.772021363914
66127,"20003","DC","Washington",2025-03-31,838180.1834,214757.789831261,290.290933827627
66127,"20003","DC","Washington",2025-04-30,836780.2656,214757.789831261,289.639074912009
66127,"20003","DC","Washington",2025-05-31,833377.287225615,214757.789831261,288.054509166077
66127,"20003","DC","Washington",2025-06-30,828443.795133767,214757.789831261,285.757273710393
66127,"20003","DC","Washington",2025-07-31,824294.820178878,214757.789831261,283.825341481928
66127,"20003","DC","Washington",2025-08-31,821773.297935488,214757.789831261,282.651217718887
66127,"20003","DC","Washington",2025-09-30,822478.960817472,214757.789831261,282.979803183721
66811,"21201","MD","Baltimore",2000-01-31,85806.083272762,85806.083272762,0
66811,"21201","MD","Baltimore",2000-02-29,85210.7790421343,85806.083272762,-0.69377858529595
66811,"21201","MD","Baltimore",2000-03-31,84910.8790176873,85806.083272762,-1.04328763291635
66811,"21201","MD","Baltimore",2000-04-30,84403.7059362731,85806.083272762,-1.63435654326622
66811,"21201","MD","Baltimore",2000-05-31,84702.83162,85806.083272762,-1.28574992667469
66811,"21201","MD","Baltimore",2000-06-30,85438.39646,85806.083272762,-0.428509027259924
66811,"21201","MD","Baltimore",2000-07-31,86601.534522939,85806.083272762,0.927033631926138
66811,"21201","MD","Baltimore",2000-08-31,87336.7285172549,85806.083272762,1.78384234090638
66811,"21201","MD","Baltimore",2000-09-30,87428.3322042313,85806.083272762,1.8905989757305
66811,"21201","MD","Baltimore",2000-10-31,87181.4322809736,85806.083272762,1.6028572284784
66811,"21201","MD","Baltimore",2000-11-30,86974.4912669992,85806.083272762,1.36168433480765
66811,"21201","MD","Baltimore",2000-12-31,87079.4129097541,85806.083272762,1.48396196216589
66811,"21201","MD","Baltimore",2001-01-31,87303.0515695185,85806.083272762,1.74459460175798
66811,"21201","MD","Baltimore",2001-02-28,87755.76087,85806.083272762,2.27219041223496
66811,"21201","MD","Baltimore",2001-03-31,88188.3089274595,85806.083272762,2.77628993637303
66811,"21201","MD","Baltimore",2001-04-30,88007.8147120025,85806.083272762,2.56593863192853
66811,"21201","MD","Baltimore",2001-05-31,87241.7198821445,85806.083272762,1.6731175164107
66811,"21201","MD","Baltimore",2001-06-30,86992.9509337093,85806.083272762,1.38319757257135
66811,"21201","MD","Baltimore",2001-07-31,87811.54592,85806.083272762,2.3372033435707
66811,"21201","MD","Baltimore",2001-08-31,89302.3009902115,85806.083272762,4.07455693594086
66811,"21201","MD","Baltimore",2001-09-30,90945.3307865994,85806.083272762,5.98937431685433
66811,"21201","MD","Baltimore",2001-10-31,91914.6263057744,85806.083272762,7.11900928235416
66811,"21201","MD","Baltimore",2001-11-30,92721.9096071302,85806.083272762,8.05983220605006
66811,"21201","MD","Baltimore",2001-12-31,92897.23822,85806.083272762,8.26416342148674
66811,"21201","MD","Baltimore",2002-01-31,93898.8598996058,85806.083272762,9.43147189357002
66811,"21201","MD","Baltimore",2002-02-28,95084.8628497597,85806.083272762,10.8136617161539
66811,"21201","MD","Baltimore",2002-03-31,96429.6141480092,85806.083272762,12.3808598062645
66811,"21201","MD","Baltimore",2002-04-30,97486.8872271515,85806.083272762,13.6130254509559
66811,"21201","MD","Baltimore",2002-05-31,98405.61545,85806.083272762,14.6837283519706
66811,"21201","MD","Baltimore",2002-06-30,99404.0111451056,85806.083272762,15.8472772019186
66811,"21201","MD","Baltimore",2002-07-31,100269.658432021,85806.083272762,16.8561185962562
66811,"21201","MD","Baltimore",2002-08-31,100995.031318139,85806.083272762,17.7014816036927
66811,"21201","MD","Baltimore",2002-09-30,101424.125619755,85806.083272762,18.2015560567502
66811,"21201","MD","Baltimore",2002-10-31,102355.937897073,85806.083272762,19.2875073573769
66811,"21201","MD","Baltimore",2002-11-30,103867.304854479,85806.083272762,21.0488824251588
66811,"21201","MD","Baltimore",2002-12-31,106246.139055785,85806.083272762,23.8212198988832
66811,"21201","MD","Baltimore",2003-01-31,108325.777017323,85806.083272762,26.2448685286979
66811,"21201","MD","Baltimore",2003-02-28,110163.763389827,85806.083272762,28.3868919172507
66811,"21201","MD","Baltimore",2003-03-31,111028.800115929,85806.083272762,29.3950217526985
66811,"21201","MD","Baltimore",2003-04-30,111363.504405558,85806.083272762,29.785092336115
66811,"21201","MD","Baltimore",2003-05-31,111274.598350986,85806.083272762,29.6814795721
66811,"21201","MD","Baltimore",2003-06-30,111966.378044363,85806.083272762,30.4876924500125
66811,"21201","MD","Baltimore",2003-07-31,113029.050389175,85806.083272762,31.7261504989998
66811,"21201","MD","Baltimore",2003-08-31,114178.748730149,85806.083272762,33.0660302570804
66811,"21201","MD","Baltimore",2003-09-30,115380.499234499,85806.083272762,34.4665725712301
66811,"21201","MD","Baltimore",2003-10-31,116310.6018757,85806.083272762,35.5505314302359
66811,"21201","MD","Baltimore",2003-11-30,117761.598988063,85806.083272762,37.2415503615526
66811,"21201","MD","Baltimore",2003-12-31,118679.905094034,85806.083272762,38.3117613197331
66811,"21201","MD","Baltimore",2004-01-31,119477.404379146,85806.083272762,39.2411817695364
66811,"21201","MD","Baltimore",2004-02-29,119793.451304604,85806.083272762,39.6095087149038
66811,"21201","MD","Baltimore",2004-03-31,119906.47784751,85806.083272762,39.7412319431347
66811,"21201","MD","Baltimore",2004-04-30,120314.825132363,85806.083272762,40.2171274382777
66811,"21201","MD","Baltimore",2004-05-31,121311.378318055,85806.083272762,41.3785289936004
66811,"21201","MD","Baltimore",2004-06-30,122903.805084139,85806.083272762,43.2343726649898
66811,"21201","MD","Baltimore",2004-07-31,124305.415001617,85806.083272762,44.8678348439149
66811,"21201","MD","Baltimore",2004-08-31,125579.485218661,85806.083272762,46.3526598918012
66811,"21201","MD","Baltimore",2004-09-30,127262.115107063,85806.083272762,48.3136279539989
66811,"21201","MD","Baltimore",2004-10-31,129293.327143292,85806.083272762,50.6808401128066
66811,"21201","MD","Baltimore",2004-11-30,131601.644836757,85806.083272762,53.3709963411562
66811,"21201","MD","Baltimore",2004-12-31,133932.720347797,85806.083272762,56.0876749519599
66811,"21201","MD","Baltimore",2005-01-31,136352.365568763,85806.083272762,58.9075743444947
66811,"21201","MD","Baltimore",2005-02-28,138023.916223997,85806.083272762,60.8556304629872
66811,"21201","MD","Baltimore",2005-03-31,139386.900085402,85806.083272762,62.4440771201691
66811,"21201","MD","Baltimore",2005-04-30,141229.849367817,85806.083272762,64.591884375928
66811,"21201","MD","Baltimore",2005-05-31,144508.000276487,85806.083272762,68.4123022106975
66811,"21201","MD","Baltimore",2005-06-30,147944.845267451,85806.083272762,72.4176650706234
66811,"21201","MD","Baltimore",2005-07-31,151946.146536975,85806.083272762,77.0808557406887
66811,"21201","MD","Baltimore",2005-08-31,156377.7398,85806.083272762,82.2455166761354
66811,"21201","MD","Baltimore",2005-09-30,160426.127589221,85806.083272762,86.9635828490803
66811,"21201","MD","Baltimore",2005-10-31,163477.300390547,85806.083272762,90.519476190147
66811,"21201","MD","Baltimore",2005-11-30,165729.446350796,85806.083272762,93.1441688393721
66811,"21201","MD","Baltimore",2005-12-31,168075.110957658,85806.083272762,95.87784985288
66811,"21201","MD","Baltimore",2006-01-31,170235.184176935,85806.083272762,98.3952392230612
66811,"21201","MD","Baltimore",2006-02-28,172213.929001712,85806.083272762,100.701305121078
66811,"21201","MD","Baltimore",2006-03-31,174485.5072,85806.083272762,103.348644460722
66811,"21201","MD","Baltimore",2006-04-30,177391.261665114,85806.083272762,106.735064577204
66811,"21201","MD","Baltimore",2006-05-31,180492.950911815,85806.083272762,110.349830720114
66811,"21201","MD","Baltimore",2006-06-30,183393.473747226,85806.083272762,113.730153798364
66811,"21201","MD","Baltimore",2006-07-31,186397.70246317,85806.083272762,117.231337632141
66811,"21201","MD","Baltimore",2006-08-31,188633.125705132,85806.083272762,119.836541315494
66811,"21201","MD","Baltimore",2006-09-30,190673.947976962,85806.083272762,122.214953421012
66811,"21201","MD","Baltimore",2006-10-31,192182.977591853,85806.083272762,123.973604506499
66811,"21201","MD","Baltimore",2006-11-30,192783.155937584,85806.083272762,124.673063475886
66811,"21201","MD","Baltimore",2006-12-31,193253.656515955,85806.083272762,125.221393571405
66811,"21201","MD","Baltimore",2007-01-31,193224.579843365,85806.083272762,125.187507078186
66811,"21201","MD","Baltimore",2007-02-28,194196.277097598,85806.083272762,126.319941070242
66811,"21201","MD","Baltimore",2007-03-31,195320.908892665,85806.083272762,127.630607811075
66811,"21201","MD","Baltimore",2007-04-30,195676.276077107,85806.083272762,128.044759315126
66811,"21201","MD","Baltimore",2007-05-31,195069.150486204,85806.083272762,127.337203897437
66811,"21201","MD","Baltimore",2007-06-30,194113.903982901,85806.083272762,126.223941915456
66811,"21201","MD","Baltimore",2007-07-31,193587.917168945,85806.083272762,125.610947132459
66811,"21201","MD","Baltimore",2007-08-31,192531.54020887,85806.083272762,124.379825841539
66811,"21201","MD","Baltimore",2007-09-30,191986.653484053,85806.083272762,123.744804752085
66811,"21201","MD","Baltimore",2007-10-31,191709.177666134,85806.083272762,123.421429290421
66811,"21201","MD","Baltimore",2007-11-30,192440.635683564,85806.083272762,124.273884022687
66811,"21201","MD","Baltimore",2007-12-31,191981.708596658,85806.083272762,123.739041888654
66811,"21201","MD","Baltimore",2008-01-31,191157.781814356,85806.083272762,122.77882234375
66811,"21201","MD","Baltimore",2008-02-29,190275.899246424,85806.083272762,121.751060051968
66811,"21201","MD","Baltimore",2008-03-31,191278.139031252,85806.083272762,122.919088875335
66811,"21201","MD","Baltimore",2008-04-30,194191.254413288,85806.083272762,126.314087540844
66811,"21201","MD","Baltimore",2008-05-31,195237.947517291,85806.083272762,127.533923086391
66811,"21201","MD","Baltimore",2008-06-30,193841.644059051,85806.083272762,125.906645153426
66811,"21201","MD","Baltimore",2008-07-31,190030.283448194,85806.083272762,121.464814847826
66811,"21201","MD","Baltimore",2008-08-31,188110.341817727,85806.083272762,119.227279282471
66811,"21201","MD","Baltimore",2008-09-30,187482.522898499,85806.083272762,118.495607476368
66811,"21201","MD","Baltimore",2008-10-31,187325.945749618,85806.083272762,118.313129564652
66811,"21201","MD","Baltimore",2008-11-30,187154.888523386,85806.083272762,118.11377630238
66811,"21201","MD","Baltimore",2008-12-31,186620.558347838,85806.083272762,117.491058011126
66811,"21201","MD","Baltimore",2009-01-31,185389.450492258,85806.083272762,116.056302095667
66811,"21201","MD","Baltimore",2009-02-28,183058.806233037,85806.083272762,113.340126073726
66811,"21201","MD","Baltimore",2009-03-31,179595.967080543,85806.083272762,109.30446913611
66811,"21201","MD","Baltimore",2009-04-30,176050.42966434,85806.083272762,105.172434109022
66811,"21201","MD","Baltimore",2009-05-31,173414.429320994,85806.083272762,102.100390446375
66811,"21201","MD","Baltimore",2009-06-30,172315.300872926,85806.083272762,100.819445778881
66811,"21201","MD","Baltimore",2009-07-31,171918.233759557,85806.083272762,100.356696404683
66811,"21201","MD","Baltimore",2009-08-31,170459.942252139,85806.083272762,98.6571764501561
66811,"21201","MD","Baltimore",2009-09-30,168091.106603971,85806.083272762,95.8964914755985
66811,"21201","MD","Baltimore",2009-10-31,165417.954015907,85806.083272762,92.7811498982807
66811,"21201","MD","Baltimore",2009-11-30,163130.555297286,85806.083272762,90.1153730309819
66811,"21201","MD","Baltimore",2009-12-31,160816.349255747,85806.083272762,87.418354412636
66811,"21201","MD","Baltimore",2010-01-31,159187.116816556,85806.083272762,85.5196167275564
66811,"21201","MD","Baltimore",2010-02-28,158211.461767848,85806.083272762,84.382570248455
66811,"21201","MD","Baltimore",2010-03-31,158493.989504639,85806.083272762,84.7118333100179
66811,"21201","MD","Baltimore",2010-04-30,159415.207387793,85806.083272762,85.7854377073019
66811,"21201","MD","Baltimore",2010-05-31,161494.603895677,85806.083272762,88.2088049425523
66811,"21201","MD","Baltimore",2010-06-30,162968.332011729,85806.083272762,89.9263150069234
66811,"21201","MD","Baltimore",2010-07-31,162766.890463141,85806.083272762,89.6915512921555
66811,"21201","MD","Baltimore",2010-08-31,160202.134549568,85806.083272762,86.7025372085973
66811,"21201","MD","Baltimore",2010-09-30,156242.924884797,85806.083272762,82.0884008749459
66811,"21201","MD","Baltimore",2010-10-31,152651.526992819,85806.083272762,77.9029191992923
66811,"21201","MD","Baltimore",2010-11-30,150138.516156519,85806.083272762,74.9742097879653
66811,"21201","MD","Baltimore",2010-12-31,148342.638206091,85806.083272762,72.8812603350468
66811,"21201","MD","Baltimore",2011-01-31,146001.623219094,85806.083272762,70.1529980747183
66811,"21201","MD","Baltimore",2011-02-28,142145.8818343,85806.083272762,65.6594455925046
66811,"21201","MD","Baltimore",2011-03-31,137756.539461608,85806.083272762,60.5440246278399
66811,"21201","MD","Baltimore",2011-04-30,134218.804458742,85806.083272762,56.4210826778853
66811,"21201","MD","Baltimore",2011-05-31,131293.843095093,85806.083272762,53.0122784858194
66811,"21201","MD","Baltimore",2011-06-30,128445.079022556,85806.083272762,49.6922760292556
66811,"21201","MD","Baltimore",2011-07-31,125511.230948161,85806.083272762,46.2731150997573
66811,"21201","MD","Baltimore",2011-08-31,123137.114226737,85806.083272762,43.506275464534
66811,"21201","MD","Baltimore",2011-09-30,122250.671613851,85806.083272762,42.4731988118352
66811,"21201","MD","Baltimore",2011-10-31,121584.221296439,85806.083272762,41.6965052581933
66811,"21201","MD","Baltimore",2011-11-30,120676.710986938,85806.083272762,40.6388759213363
66811,"21201","MD","Baltimore",2011-12-31,119019.651790198,85806.083272762,38.7077084171947
66811,"21201","MD","Baltimore",2012-01-31,118098.646509334,85806.083272762,37.6343517905596
66811,"21201","MD","Baltimore",2012-02-29,118437.014063729,85806.083272762,38.0286916106392
66811,"21201","MD","Baltimore",2012-03-31,119158.723935045,85806.083272762,38.8697856727254
66811,"21201","MD","Baltimore",2012-04-30,118497.405067616,85806.083272762,38.0990724060132
66811,"21201","MD","Baltimore",2012-05-31,117319.855331791,85806.083272762,36.7267341161033
66811,"21201","MD","Baltimore",2012-06-30,116642.997600052,85806.083272762,35.9379115688858
66811,"21201","MD","Baltimore",2012-07-31,117137.339880066,85806.083272762,36.5140272254444
66811,"21201","MD","Baltimore",2012-08-31,118498.87276608,85806.083272762,38.1007828890103
66811,"21201","MD","Baltimore",2012-09-30,120088.284124616,85806.083272762,39.9531123485461
66811,"21201","MD","Baltimore",2012-10-31,121633.739477547,85806.083272762,41.7542146643558
66811,"21201","MD","Baltimore",2012-11-30,122721.476232053,85806.083272762,43.0218832410097
66811,"21201","MD","Baltimore",2012-12-31,122761.710059038,85806.083272762,43.0687724887761
66811,"21201","MD","Baltimore",2013-01-31,123533.884963856,85806.083272762,43.9686794363562
66811,"21201","MD","Baltimore",2013-02-28,124702.093994829,85806.083272762,45.3301318956886
66811,"21201","MD","Baltimore",2013-03-31,126604.759781138,85806.083272762,47.5475338720265
66811,"21201","MD","Baltimore",2013-04-30,127924.005414549,85806.083272762,49.0850071875457
66811,"21201","MD","Baltimore",2013-05-31,129351.294605178,85806.083272762,50.7483964674088
66811,"21201","MD","Baltimore",2013-06-30,130824.820349599,85806.083272762,52.4656706841297
66811,"21201","MD","Baltimore",2013-07-31,131837.38240165,85806.083272762,53.6457292690574
66811,"21201","MD","Baltimore",2013-08-31,132850.227114006,85806.083272762,54.8261172715449
66811,"21201","MD","Baltimore",2013-09-30,133851.613126144,85806.083272762,55.993151092393
66811,"21201","MD","Baltimore",2013-10-31,135667.248015621,85806.083272762,58.1091256483056
66811,"21201","MD","Baltimore",2013-11-30,136861.708178181,85806.083272762,59.5011716629961
66811,"21201","MD","Baltimore",2013-12-31,137384.05909135,85806.083272762,60.1099290998179
66811,"21201","MD","Baltimore",2014-01-31,137140.588784708,85806.083272762,59.826184291343
66811,"21201","MD","Baltimore",2014-02-28,137337.499537064,85806.083272762,60.0556677321974
66811,"21201","MD","Baltimore",2014-03-31,138781.393475899,85806.083272762,61.7384084934141
66811,"21201","MD","Baltimore",2014-04-30,140295.156417655,85806.083272762,63.502575885771
66811,"21201","MD","Baltimore",2014-05-31,141944.687601559,85806.083272762,65.4249701042092
66811,"21201","MD","Baltimore",2014-06-30,142469.531813037,85806.083272762,66.0366332770982
66811,"21201","MD","Baltimore",2014-07-31,143161.840828426,85806.083272762,66.8434630366946
66811,"21201","MD","Baltimore",2014-08-31,142985.959527128,85806.083272762,66.6384877079191
66811,"21201","MD","Baltimore",2014-09-30,143077.555993984,85806.083272762,66.7452359282811
66811,"21201","MD","Baltimore",2014-10-31,143346.767587373,85806.083272762,67.0589801094873
66811,"21201","MD","Baltimore",2014-11-30,144294.084895563,85806.083272762,68.1630012605034
66811,"21201","MD","Baltimore",2014-12-31,145459.238727133,85806.083272762,69.5208931338172
66811,"21201","MD","Baltimore",2015-01-31,145896.103623243,85806.083272762,70.0300235817382
66811,"21201","MD","Baltimore",2015-02-28,145914.590489849,85806.083272762,70.0515685187649
66811,"21201","MD","Baltimore",2015-03-31,145694.874836395,85806.083272762,69.7955078234455
66811,"21201","MD","Baltimore",2015-04-30,145642.103303604,85806.083272762,69.7340069009263
66811,"21201","MD","Baltimore",2015-05-31,146242.700118507,85806.083272762,70.4339535620431
66811,"21201","MD","Baltimore",2015-06-30,146505.994850811,85806.083272762,70.7408021236622
66811,"21201","MD","Baltimore",2015-07-31,146733.784595784,85806.083272762,71.0062725149035
66811,"21201","MD","Baltimore",2015-08-31,146987.342561039,85806.083272762,71.3017736677167
66811,"21201","MD","Baltimore",2015-09-30,147572.941065126,85806.083272762,71.9842410193908
66811,"21201","MD","Baltimore",2015-10-31,148871.167452133,85806.083272762,73.4972181155249
66811,"21201","MD","Baltimore",2015-11-30,150196.552934945,85806.083272762,75.0418469253482
66811,"21201","MD","Baltimore",2015-12-31,151982.545456685,85806.083272762,77.1232757164315
66811,"21201","MD","Baltimore",2016-01-31,152964.900742421,85806.083272762,78.2681307759649
66811,"21201","MD","Baltimore",2016-02-29,153022.962503601,85806.083272762,78.3357970287131
66811,"21201","MD","Baltimore",2016-03-31,152476.23632327,85806.083272762,77.6986322037051
66811,"21201","MD","Baltimore",2016-04-30,152184.115847964,85806.083272762,77.3581895868601
66811,"21201","MD","Baltimore",2016-05-31,151841.201687937,85806.083272762,76.9585510682985
66811,"21201","MD","Baltimore",2016-06-30,151279.851939427,85806.083272762,76.3043436658635
66811,"21201","MD","Baltimore",2016-07-31,150505.406436785,85806.083272762,75.4017905214901
66811,"21201","MD","Baltimore",2016-08-31,149654.209115532,85806.083272762,74.4097893849884
66811,"21201","MD","Baltimore",2016-09-30,148345.546193325,85806.083272762,72.8846493572743
66811,"21201","MD","Baltimore",2016-10-31,147089.11696227,85806.083272762,71.4203834414634
66811,"21201","MD","Baltimore",2016-11-30,146289.010984263,85806.083272762,70.4879251034413
66811,"21201","MD","Baltimore",2016-12-31,145826.373528394,85806.083272762,69.948758836641
66811,"21201","MD","Baltimore",2017-01-31,145118.541209925,85806.083272762,69.1238379318863
66811,"21201","MD","Baltimore",2017-02-28,144805.096017992,85806.083272762,68.7585430949957
66811,"21201","MD","Baltimore",2017-03-31,145149.608229141,85806.083272762,69.1600440119574
66811,"21201","MD","Baltimore",2017-04-30,146074.82187144,85806.083272762,70.238305141017
66811,"21201","MD","Baltimore",2017-05-31,146341.798447687,85806.083272762,70.5494445918165
66811,"21201","MD","Baltimore",2017-06-30,146714.812699742,85806.083272762,70.9841623155815
66811,"21201","MD","Baltimore",2017-07-31,147386.901337882,85806.083272762,71.7674268727147
66811,"21201","MD","Baltimore",2017-08-31,148461.603890802,85806.083272762,73.0199051492296
66811,"21201","MD","Baltimore",2017-09-30,149123.587354732,85806.083272762,73.7913929490239
66811,"21201","MD","Baltimore",2017-10-31,149342.991169194,85806.083272762,74.0470902214006
66811,"21201","MD","Baltimore",2017-11-30,149416.057699411,85806.083272762,74.1322433101207
66811,"21201","MD","Baltimore",2017-12-31,150474.141279582,85806.083272762,75.365353527735
66811,"21201","MD","Baltimore",2018-01-31,152267.091057807,85806.083272762,77.4548904344895
66811,"21201","MD","Baltimore",2018-02-28,154598.828125477,85806.083272762,80.1723400356542
66811,"21201","MD","Baltimore",2018-03-31,156618.782471486,85806.083272762,82.5264322735991
66811,"21201","MD","Baltimore",2018-04-30,158537.7626,85806.083272762,84.7628472867562
66811,"21201","MD","Baltimore",2018-05-31,160600.173399736,85806.083272762,87.1664190628742
66811,"21201","MD","Baltimore",2018-06-30,162244.172892653,85806.083272762,89.0823665460968
66811,"21201","MD","Baltimore",2018-07-31,163585.255822338,85806.083272762,90.6452894514836
66811,"21201","MD","Baltimore",2018-08-31,163869.764362377,85806.083272762,90.9768609778689
66811,"21201","MD","Baltimore",2018-09-30,163803.085826504,85806.083272762,90.8991525761689
66811,"21201","MD","Baltimore",2018-10-31,163356.077725563,85806.083272762,90.3782010493165
66811,"21201","MD","Baltimore",2018-11-30,163009.417819425,85806.083272762,89.9741971688038
66811,"21201","MD","Baltimore",2018-12-31,162863.14287077,85806.083272762,89.8037256321999
66811,"21201","MD","Baltimore",2019-01-31,162731.532567821,85806.083272762,89.6503445455336
66811,"21201","MD","Baltimore",2019-02-28,162804.893660521,85806.083272762,89.7358409228332
66811,"21201","MD","Baltimore",2019-03-31,163047.679147223,85806.083272762,90.0187876294556
66811,"21201","MD","Baltimore",2019-04-30,163706.615640168,85806.083272762,90.7867244327819
66811,"21201","MD","Baltimore",2019-05-31,164670.40241638,85806.083272762,91.9099394071194
66811,"21201","MD","Baltimore",2019-06-30,165465.63810341,85806.083272762,92.8367218177578
66811,"21201","MD","Baltimore",2019-07-31,165471.289740784,85806.083272762,92.843308340716
66811,"21201","MD","Baltimore",2019-08-31,164647.501191049,85806.083272762,91.8832498946078
66811,"21201","MD","Baltimore",2019-09-30,163397.698040179,85806.083272762,90.4267061354702
66811,"21201","MD","Baltimore",2019-10-31,162544.304691108,85806.083272762,89.4321457074426
66811,"21201","MD","Baltimore",2019-11-30,162652.219411297,85806.083272762,89.5579115227237
66811,"21201","MD","Baltimore",2019-12-31,163954.089140376,85806.083272762,91.075134637244
66811,"21201","MD","Baltimore",2020-01-31,165400.266426054,85806.083272762,92.7605364531983
66811,"21201","MD","Baltimore",2020-02-29,166355.0241,85806.083272762,93.8732287443859
66811,"21201","MD","Baltimore",2020-03-31,166560.163453917,85806.083272762,94.1123019500284
66811,"21201","MD","Baltimore",2020-04-30,167037.806791564,85806.083272762,94.6689563496116
66811,"21201","MD","Baltimore",2020-05-31,167016.535419013,85806.083272762,94.6441662977415
66811,"21201","MD","Baltimore",2020-06-30,166343.711592915,85806.083272762,93.8600449389336
66811,"21201","MD","Baltimore",2020-07-31,165691.029199363,85806.083272762,93.0993967789687
66811,"21201","MD","Baltimore",2020-08-31,165478.988838976,85806.083272762,92.8522810124648
66811,"21201","MD","Baltimore",2020-09-30,166500.419621331,85806.083272762,94.0426753800856
66811,"21201","MD","Baltimore",2020-10-31,167758.684235265,85806.083272762,95.5090802851242
66811,"21201","MD","Baltimore",2020-11-30,170083.95739973,85806.083272762,98.2189967336744
66811,"21201","MD","Baltimore",2020-12-31,172698.234128888,85806.083272762,101.265723293664
66811,"21201","MD","Baltimore",2021-01-31,175339.789023197,85806.083272762,104.344240332965
66811,"21201","MD","Baltimore",2021-02-28,177475.51057636,85806.083272762,106.833249820059
66811,"21201","MD","Baltimore",2021-03-31,179006.020174166,85806.083272762,108.616934075802
66811,"21201","MD","Baltimore",2021-04-30,180785.263979396,85806.083272762,110.690497787566
66811,"21201","MD","Baltimore",2021-05-31,183200.922455899,85806.083272762,113.505750954203
66811,"21201","MD","Baltimore",2021-06-30,185830.132878637,85806.083272762,116.569881517511
66811,"21201","MD","Baltimore",2021-07-31,187938.14525155,85806.083272762,119.026598212307
66811,"21201","MD","Baltimore",2021-08-31,189271.982343166,85806.083272762,120.581076683695
66811,"21201","MD","Baltimore",2021-09-30,190167.708093406,85806.083272762,121.624972076743
66811,"21201","MD","Baltimore",2021-10-31,190782.806150327,85806.083272762,122.341818754112
66811,"21201","MD","Baltimore",2021-11-30,191390.7136,85806.083272762,123.050285364505
66811,"21201","MD","Baltimore",2021-12-31,192912.059719633,85806.083272762,124.823290332925
66811,"21201","MD","Baltimore",2022-01-31,194836.714263183,85806.083272762,127.06631841455
66811,"21201","MD","Baltimore",2022-02-28,196891.757607325,85806.083272762,129.46130402135
66811,"21201","MD","Baltimore",2022-03-31,197948.578555306,85806.083272762,130.692942744005
66811,"21201","MD","Baltimore",2022-04-30,198792.8307,85806.083272762,131.676849843004
66811,"21201","MD","Baltimore",2022-05-31,199386.509880536,85806.083272762,132.368734564801
66811,"21201","MD","Baltimore",2022-06-30,200443.639816981,85806.083272762,133.600733388339
66811,"21201","MD","Baltimore",2022-07-31,200888.360887266,85806.083272762,134.11901956727
66811,"21201","MD","Baltimore",2022-08-31,201022.344291049,85806.083272762,134.275166309638
66811,"21201","MD","Baltimore",2022-09-30,200868.99455341,85806.083272762,134.096449682809
66811,"21201","MD","Baltimore",2022-10-31,201226.158479777,85806.083272762,134.512695143205
66811,"21201","MD","Baltimore",2022-11-30,201150.989919377,85806.083272762,134.425092309544
66811,"21201","MD","Baltimore",2022-12-31,200688.818345167,85806.083272762,133.886468989866
66811,"21201","MD","Baltimore",2023-01-31,200046.472671822,85806.083272762,133.137867435238
66811,"21201","MD","Baltimore",2023-02-28,199240.328468014,85806.083272762,132.198372036939
66811,"21201","MD","Baltimore",2023-03-31,198561.966929047,85806.083272762,131.407796924904
66811,"21201","MD","Baltimore",2023-04-30,198166.548855109,85806.083272762,130.946969371826
66811,"21201","MD","Baltimore",2023-05-31,198490.421253447,85806.083272762,131.324416268346
66811,"21201","MD","Baltimore",2023-06-30,198956.292606112,85806.083272762,131.867351378417
66811,"21201","MD","Baltimore",2023-07-31,200025.745108768,85806.083272762,133.113711149036
66811,"21201","MD","Baltimore",2023-08-31,201735.318892086,85806.083272762,135.106080125818
66811,"21201","MD","Baltimore",2023-09-30,203982.710477145,85806.083272762,137.725231938068
66811,"21201","MD","Baltimore",2023-10-31,205918.181626693,85806.083272762,139.980865892826
66811,"21201","MD","Baltimore",2023-11-30,207751.49521748,85806.083272762,142.117443534948
66811,"21201","MD","Baltimore",2023-12-31,209337.760459973,85806.083272762,143.966106452531
66811,"21201","MD","Baltimore",2024-01-31,210990.51224083,85806.083272762,145.892254014356
66811,"21201","MD","Baltimore",2024-02-29,212224.089347748,85806.083272762,147.329887641097
66811,"21201","MD","Baltimore",2024-03-31,213495.814249177,85806.083272762,148.811979414691
66811,"21201","MD","Baltimore",2024-04-30,214222.869102125,85806.083272762,149.659302617449
66811,"21201","MD","Baltimore",2024-05-31,214811.15952343,85806.083272762,150.344907179349
66811,"21201","MD","Baltimore",2024-06-30,214296.108533821,85806.083272762,149.744657208758
66811,"21201","MD","Baltimore",2024-07-31,213326.555710253,85806.083272762,148.61472237595
66811,"21201","MD","Baltimore",2024-08-31,212344.498162142,85806.083272762,147.470214305363
66811,"21201","MD","Baltimore",2024-09-30,212272.630811139,85806.083272762,147.386458762327
66811,"21201","MD","Baltimore",2024-10-31,213200.256328842,85806.083272762,148.46753073569
66811,"21201","MD","Baltimore",2024-11-30,214821.714196308,85806.083272762,150.357207790768
66811,"21201","MD","Baltimore",2024-12-31,217330.645317835,85806.083272762,153.281162626873
66811,"21201","MD","Baltimore",2025-01-31,219760.773995095,85806.083272762,156.1132796337
66811,"21201","MD","Baltimore",2025-02-28,221249.260950555,85806.083272762,157.847989923097
66811,"21201","MD","Baltimore",2025-03-31,221873.3987,85806.083272762,158.575371625698
66811,"21201","MD","Baltimore",2025-04-30,221514.97088375,85806.083272762,158.157653204603
66811,"21201","MD","Baltimore",2025-05-31,221406.451916944,85806.083272762,158.031183189114
66811,"21201","MD","Baltimore",2025-06-30,221303.05491886,85806.083272762,157.910682410917
66811,"21201","MD","Baltimore",2025-07-31,221478.119942199,85806.083272762,158.114706434229
66811,"21201","MD","Baltimore",2025-08-31,221315.947095571,85806.083272762,157.925707192633
66811,"21201","MD","Baltimore",2025-09-30,221049.977652231,85806.083272762,157.615741473193
71057,"30339","GA","Atlanta",2000-01-31,226290.100019711,226290.100019711,0
71057,"30339","GA","Atlanta",2000-02-29,226114.321293306,226290.100019711,-0.0776784872117726
71057,"30339","GA","Atlanta",2000-03-31,226862.545489439,226290.100019711,0.252969736492148
71057,"30339","GA","Atlanta",2000-04-30,228314.372292134,226290.100019711,0.894547429271903
71057,"30339","GA","Atlanta",2000-05-31,230287.664023078,226290.100019711,1.76656601549019
71057,"30339","GA","Atlanta",2000-06-30,231556.321269002,226290.100019711,2.32719913457646
71057,"30339","GA","Atlanta",2000-07-31,232436.549665886,226290.100019711,2.71618141741066
71057,"30339","GA","Atlanta",2000-08-31,233463.506984967,226290.100019711,3.17000477026228
71057,"30339","GA","Atlanta",2000-09-30,235516.389096172,226290.100019711,4.07719519133056
71057,"30339","GA","Atlanta",2000-10-31,237922.10747707,226290.100019711,5.14030770959293
71057,"30339","GA","Atlanta",2000-11-30,240081.733720708,226290.100019711,6.09466949716129
71057,"30339","GA","Atlanta",2000-12-31,242276.471808402,226290.100019711,7.06454758175415
71057,"30339","GA","Atlanta",2001-01-31,244297.189559147,226290.100019711,7.957524230122
71057,"30339","GA","Atlanta",2001-02-28,246457.155894676,226290.100019711,8.91203630791093
71057,"30339","GA","Atlanta",2001-03-31,247611.117567952,226290.100019711,9.42198423456597
71057,"30339","GA","Atlanta",2001-04-30,248610.270768249,226290.100019711,9.86352065185076
71057,"30339","GA","Atlanta",2001-05-31,249497.23707886,226290.100019711,10.2554804903651
71057,"30339","GA","Atlanta",2001-06-30,250728.690997004,226290.100019711,10.7996730635431
71057,"30339","GA","Atlanta",2001-07-31,251880.421356921,226290.100019711,11.3086349491122
71057,"30339","GA","Atlanta",2001-08-31,253112.149960221,226290.100019711,11.8529489085798
71057,"30339","GA","Atlanta",2001-09-30,254024.639099266,226290.100019711,12.2561875562118
71057,"30339","GA","Atlanta",2001-10-31,254754.197265637,226290.100019711,12.5785870629988
71057,"30339","GA","Atlanta",2001-11-30,255679.272977737,226290.100019711,12.9873878510224
71057,"30339","GA","Atlanta",2001-12-31,256689.445705946,226290.100019711,13.4337939147966
71057,"30339","GA","Atlanta",2002-01-31,257925.755313668,226290.100019711,13.9801322688009
71057,"30339","GA","Atlanta",2002-02-28,258902.663820384,226290.100019711,14.4118385195961
71057,"30339","GA","Atlanta",2002-03-31,259723.768248306,226290.100019711,14.7746932922308
71057,"30339","GA","Atlanta",2002-04-30,260282.825106466,226290.100019711,15.0217464589898
71057,"30339","GA","Atlanta",2002-05-31,260580.624959019,226290.100019711,15.1533473785735
71057,"30339","GA","Atlanta",2002-06-30,260885.497001917,226290.100019711,15.2880735742273
71057,"30339","GA","Atlanta",2002-07-31,261262.931528236,226290.100019711,15.4548659024318
71057,"30339","GA","Atlanta",2002-08-31,261636.468406537,226290.100019711,15.6199358185565
71057,"30339","GA","Atlanta",2002-09-30,262083.831124248,226290.100019711,15.8176301576689
71057,"30339","GA","Atlanta",2002-10-31,262464.142535247,226290.100019711,15.9856938117864
71057,"30339","GA","Atlanta",2002-11-30,263226.802754114,226290.100019711,16.3227214673492
71057,"30339","GA","Atlanta",2002-12-31,263750.735308498,226290.100019711,16.5542528310006
71057,"30339","GA","Atlanta",2003-01-31,264463.603286643,226290.100019711,16.8692767662424
71057,"30339","GA","Atlanta",2003-02-28,264633.629336203,226290.100019711,16.9444130844221
71057,"30339","GA","Atlanta",2003-03-31,264860.841471169,226290.100019711,17.0448205414635
71057,"30339","GA","Atlanta",2003-04-30,264960.5424543,226290.100019711,17.0888794654388
71057,"30339","GA","Atlanta",2003-05-31,265322.299567154,226290.100019711,17.2487437780279
71057,"30339","GA","Atlanta",2003-06-30,265899.0317,226290.100019711,17.5036078365067
71057,"30339","GA","Atlanta",2003-07-31,266256.86789727,226290.100019711,17.6617394548315
71057,"30339","GA","Atlanta",2003-08-31,266575.027708323,226290.100019711,17.8023376564432
71057,"30339","GA","Atlanta",2003-09-30,266819.70652263,226290.100019711,17.9104638247052
71057,"30339","GA","Atlanta",2003-10-31,267185.243421321,226290.100019711,18.0719984648238
71057,"30339","GA","Atlanta",2003-11-30,267800.247960139,226290.100019711,18.3437755062252
71057,"30339","GA","Atlanta",2003-12-31,268557.793613005,226290.100019711,18.6785429807191
71057,"30339","GA","Atlanta",2004-01-31,269249.59905361,226290.100019711,18.984259156789
71057,"30339","GA","Atlanta",2004-02-29,269658.013834074,226290.100019711,19.1647419885294
71057,"30339","GA","Atlanta",2004-03-31,270040.125924161,226290.100019711,19.333601381872
71057,"30339","GA","Atlanta",2004-04-30,270901.978367268,226290.100019711,19.7144631354493
71057,"30339","GA","Atlanta",2004-05-31,272035.357033733,226290.100019711,20.2153152126575
71057,"30339","GA","Atlanta",2004-06-30,273393.791419337,226290.100019711,20.8156218038362
71057,"30339","GA","Atlanta",2004-07-31,274777.405873098,226290.100019711,21.4270557347244
71057,"30339","GA","Atlanta",2004-08-31,276068.310591567,226290.100019711,21.9975202483537
71057,"30339","GA","Atlanta",2004-09-30,276912.8326,226290.100019711,22.370723498677
71057,"30339","GA","Atlanta",2004-10-31,277495.731556841,226290.100019711,22.6283127422142
71057,"30339","GA","Atlanta",2004-11-30,278110.827536139,226290.100019711,22.900130192136
71057,"30339","GA","Atlanta",2004-12-31,279056.662715863,226290.100019711,23.3181048095147
71057,"30339","GA","Atlanta",2005-01-31,280096.436210507,226290.100019711,23.7775917665463
71057,"30339","GA","Atlanta",2005-02-28,281285.249411365,226290.100019711,24.3029409536096
71057,"30339","GA","Atlanta",2005-03-31,282121.659133913,226290.100019711,24.6725592985899
71057,"30339","GA","Atlanta",2005-04-30,283064.97127469,226290.100019711,25.0894189582457
71057,"30339","GA","Atlanta",2005-05-31,284454.180402148,226290.100019711,25.7033252348958
71057,"30339","GA","Atlanta",2005-06-30,286230.184763317,226290.100019711,26.4881604358232
71057,"30339","GA","Atlanta",2005-07-31,287630.787988416,226290.100019711,27.1071018853067
71057,"30339","GA","Atlanta",2005-08-31,288341.561619449,226290.100019711,27.4212003063027
71057,"30339","GA","Atlanta",2005-09-30,288722.225790038,226290.100019711,27.5894198486321
71057,"30339","GA","Atlanta",2005-10-31,289080.494178152,226290.100019711,27.7477424566838
71057,"30339","GA","Atlanta",2005-11-30,289527.317414271,226290.100019711,27.9451983931474
71057,"30339","GA","Atlanta",2005-12-31,290360.706076638,226290.100019711,28.3134816995293
71057,"30339","GA","Atlanta",2006-01-31,291709.603943725,226290.100019711,28.9095740018303
71057,"30339","GA","Atlanta",2006-02-28,293119.531692453,226290.100019711,29.5326360573977
71057,"30339","GA","Atlanta",2006-03-31,294121.219569999,226290.100019711,29.9752925754947
71057,"30339","GA","Atlanta",2006-04-30,294806.49603319,226290.100019711,30.2781235270617
71057,"30339","GA","Atlanta",2006-05-31,295461.216000185,226290.100019711,30.5674512382329
71057,"30339","GA","Atlanta",2006-06-30,296382.950304565,226290.100019711,30.974775422676
71057,"30339","GA","Atlanta",2006-07-31,297504.409017202,226290.100019711,31.470359945613
71057,"30339","GA","Atlanta",2006-08-31,298394.632098084,226290.100019711,31.8637589855199
71057,"30339","GA","Atlanta",2006-09-30,298729.618260799,226290.100019711,32.0117929307462
71057,"30339","GA","Atlanta",2006-10-31,298546.294172224,226290.100019711,31.9307800678064
71057,"30339","GA","Atlanta",2006-11-30,298049.923372644,226290.100019711,31.7114285365036
71057,"30339","GA","Atlanta",2006-12-31,297897.916468032,226290.100019711,31.6442550699671
71057,"30339","GA","Atlanta",2007-01-31,297431.013069453,226290.100019711,31.437925496319
71057,"30339","GA","Atlanta",2007-02-28,297338.583799372,226290.100019711,31.3970800196177
71057,"30339","GA","Atlanta",2007-03-31,297596.59736875,226290.100019711,31.5110989578544
71057,"30339","GA","Atlanta",2007-04-30,298580.039270019,226290.100019711,31.9456923851337
71057,"30339","GA","Atlanta",2007-05-31,299851.575207755,226290.100019711,32.5075976287236
71057,"30339","GA","Atlanta",2007-06-30,300857.44025887,226290.100019711,32.9521000842124
71057,"30339","GA","Atlanta",2007-07-31,301623.436139732,226290.100019711,33.290601804259
71057,"30339","GA","Atlanta",2007-08-31,301458.978336816,226290.100019711,33.2179261534451
71057,"30339","GA","Atlanta",2007-09-30,300453.554474393,226290.100019711,32.7736186639284
71057,"30339","GA","Atlanta",2007-10-31,298572.494511125,226290.100019711,31.9423582759998
71057,"30339","GA","Atlanta",2007-11-30,295915.660429908,226290.100019711,30.7682750611415
71057,"30339","GA","Atlanta",2007-12-31,294505.92830735,226290.100019711,30.1452994548579
71057,"30339","GA","Atlanta",2008-01-31,293339.432327446,226290.100019711,29.6298124849009
71057,"30339","GA","Atlanta",2008-02-29,293048.460989421,226290.100019711,29.5012291584542
71057,"30339","GA","Atlanta",2008-03-31,291898.379012276,226290.100019711,28.9929957107491
71057,"30339","GA","Atlanta",2008-04-30,290994.972944404,226290.100019711,28.5937709687949
71057,"30339","GA","Atlanta",2008-05-31,289848.308677017,226290.100019711,28.0870478433521
71057,"30339","GA","Atlanta",2008-06-30,288581.041468767,226290.100019711,27.527028996686
71057,"30339","GA","Atlanta",2008-07-31,287297.952359326,226290.100019711,26.9600182837432
71057,"30339","GA","Atlanta",2008-08-31,285885.789798335,226290.100019711,26.3359686408874
71057,"30339","GA","Atlanta",2008-09-30,284475.634891166,226290.100019711,25.7128062015912
71057,"30339","GA","Atlanta",2008-10-31,283222.743770025,226290.100019711,25.1591403005944
71057,"30339","GA","Atlanta",2008-11-30,281702.720416689,226290.100019711,24.4874258273568
71057,"30339","GA","Atlanta",2008-12-31,278215.192859689,226290.100019711,22.9462503377103
71057,"30339","GA","Atlanta",2009-01-31,275140.406323025,226290.100019711,21.5874694911792
71057,"30339","GA","Atlanta",2009-02-28,273581.242706422,226290.100019711,20.8984585196578
71057,"30339","GA","Atlanta",2009-03-31,273439.897045161,226290.100019711,20.8359963698556
71057,"30339","GA","Atlanta",2009-04-30,271652.946096378,226290.100019711,20.0463237555314
71057,"30339","GA","Atlanta",2009-05-31,269041.613340581,226290.100019711,18.8923480599225
71057,"30339","GA","Atlanta",2009-06-30,267185.235307225,226290.100019711,18.0719948791184
71057,"30339","GA","Atlanta",2009-07-31,267044.192896334,226290.100019711,18.0096667388779
71057,"30339","GA","Atlanta",2009-08-31,265966.899156447,226290.100019711,17.533599186743
71057,"30339","GA","Atlanta",2009-09-30,263907.517807136,226290.100019711,16.6235366832879
71057,"30339","GA","Atlanta",2009-10-31,260691.462375957,226290.100019711,15.2023276109958
71057,"30339","GA","Atlanta",2009-11-30,258318.337909807,226290.100019711,14.1536186900382
71057,"30339","GA","Atlanta",2009-12-31,257518.151964927,226290.100019711,13.8000080173618
71057,"30339","GA","Atlanta",2010-01-31,256560.69858939,226290.100019711,13.3768991957856
71057,"30339","GA","Atlanta",2010-02-28,256254.628572579,226290.100019711,13.2416436027287
71057,"30339","GA","Atlanta",2010-03-31,256408.356405915,226290.100019711,13.3095775659567
71057,"30339","GA","Atlanta",2010-04-30,257896.408698291,226290.100019711,13.9671636875971
71057,"30339","GA","Atlanta",2010-05-31,258224.282710233,226290.100019711,14.1120546978151
71057,"30339","GA","Atlanta",2010-06-30,256781.878180591,226290.100019711,13.4746408076287
71057,"30339","GA","Atlanta",2010-07-31,253091.948025579,226290.100019711,11.8440214589741
71057,"30339","GA","Atlanta",2010-08-31,249165.673305006,226290.100019711,10.1089589351466
71057,"30339","GA","Atlanta",2010-09-30,244554.11810068,226290.100019711,8.07106368302397
71057,"30339","GA","Atlanta",2010-10-31,241514.174060418,226290.100019711,6.72768010592647
71057,"30339","GA","Atlanta",2010-11-30,238794.385084669,226290.100019711,5.52577645414857
71057,"30339","GA","Atlanta",2010-12-31,237511.788252952,226290.100019711,4.95898328396312
71057,"30339","GA","Atlanta",2011-01-31,235912.496519118,226290.100019711,4.25223927099291
71057,"30339","GA","Atlanta",2011-02-28,234576.326974214,226290.100019711,3.66177174952931
71057,"30339","GA","Atlanta",2011-03-31,232194.067088161,226290.100019711,2.60902578943398
71057,"30339","GA","Atlanta",2011-04-30,229595.189402195,226290.100019711,1.46055412154424
71057,"30339","GA","Atlanta",2011-05-31,226686.185590192,226290.100019711,0.175034422825738
71057,"30339","GA","Atlanta",2011-06-30,224638.228874908,226290.100019711,-0.729979413442619
71057,"30339","GA","Atlanta",2011-07-31,223527.289405615,226290.100019711,-1.22091537095744
71057,"30339","GA","Atlanta",2011-08-31,224604.276692716,226290.100019711,-0.744983243565695
71057,"30339","GA","Atlanta",2011-09-30,225759.332186368,226290.100019711,-0.234551946062319
71057,"30339","GA","Atlanta",2011-10-31,225854.453635361,226290.100019711,-0.192516766889866
71057,"30339","GA","Atlanta",2011-11-30,225322.273257096,226290.100019711,-0.427692931564628
71057,"30339","GA","Atlanta",2011-12-31,223797.69030469,226290.100019711,-1.10142234008632
71057,"30339","GA","Atlanta",2012-01-31,224658.51085604,226290.100019711,-0.721016590442372
71057,"30339","GA","Atlanta",2012-02-29,225522.048998479,226290.100019711,-0.339409908416382
71057,"30339","GA","Atlanta",2012-03-31,227999.496534137,226290.100019711,0.755400485605644
71057,"30339","GA","Atlanta",2012-04-30,229247.618837626,226290.100019711,1.30695899540327
71057,"30339","GA","Atlanta",2012-05-31,229926.864087904,226290.100019711,1.6071246898899
71057,"30339","GA","Atlanta",2012-06-30,230658.869909827,226290.100019711,1.93060584167628
71057,"30339","GA","Atlanta",2012-07-31,231464.182100162,226290.100019711,2.28648185669632
71057,"30339","GA","Atlanta",2012-08-31,232254.158534056,226290.100019711,2.63558083797113
71057,"30339","GA","Atlanta",2012-09-30,232976.030544866,226290.100019711,2.95458375093426
71057,"30339","GA","Atlanta",2012-10-31,233753.118293987,226290.100019711,3.29798708543872
71057,"30339","GA","Atlanta",2012-11-30,235050.5555,226290.100019711,3.8713383747349
71057,"30339","GA","Atlanta",2012-12-31,236287.704807456,226290.100019711,4.4180478009752
71057,"30339","GA","Atlanta",2013-01-31,237546.76574218,226290.100019711,4.97444020816153
71057,"30339","GA","Atlanta",2013-02-28,238664.120246799,226290.100019711,5.46821103795966
71057,"30339","GA","Atlanta",2013-03-31,240444.471430816,226290.100019711,6.25496714609781
71057,"30339","GA","Atlanta",2013-04-30,242613.971665313,226290.100019711,7.2136923551585
71057,"30339","GA","Atlanta",2013-05-31,245239.695046383,226290.100019711,8.37402742100599
71057,"30339","GA","Atlanta",2013-06-30,247810.862514696,226290.100019711,9.51025364923637
71057,"30339","GA","Atlanta",2013-07-31,250191.299164144,226290.100019711,10.5621939017002
71057,"30339","GA","Atlanta",2013-08-31,252408.6219,226290.100019711,11.5420523823243
71057,"30339","GA","Atlanta",2013-09-30,254839.634205869,226290.100019711,12.6163425548317
71057,"30339","GA","Atlanta",2013-10-31,257519.451272517,226290.100019711,13.8005821951935
71057,"30339","GA","Atlanta",2013-11-30,260059.242160933,226290.100019711,14.9229427793266
71057,"30339","GA","Atlanta",2013-12-31,262186.216369135,226290.100019711,15.8628752854401
71057,"30339","GA","Atlanta",2014-01-31,264114.598821897,226290.100019711,16.7150479843756
71057,"30339","GA","Atlanta",2014-02-28,266422.519469472,226290.100019711,17.7349426449788
71057,"30339","GA","Atlanta",2014-03-31,269009.467776114,226290.100019711,18.8781425933709
71057,"30339","GA","Atlanta",2014-04-30,271634.907869636,226290.100019711,20.0383524714404
71057,"30339","GA","Atlanta",2014-05-31,273735.171126799,226290.100019711,20.9664811244309
71057,"30339","GA","Atlanta",2014-06-30,275380.488589348,226290.100019711,21.6935643960388
71057,"30339","GA","Atlanta",2014-07-31,276733.671497619,226290.100019711,22.2915503035768
71057,"30339","GA","Atlanta",2014-08-31,277907.331522041,226290.100019711,22.8102031409392
71057,"30339","GA","Atlanta",2014-09-30,279139.540757797,226290.100019711,23.3547294969966
71057,"30339","GA","Atlanta",2014-10-31,280663.304601189,226290.100019711,24.0280969325399
71057,"30339","GA","Atlanta",2014-11-30,282757.490416145,226290.100019711,24.9535398992337
71057,"30339","GA","Atlanta",2014-12-31,284792.103379592,226290.100019711,25.8526569897601
71057,"30339","GA","Atlanta",2015-01-31,286338.551300912,226290.100019711,26.5360487604057
71057,"30339","GA","Atlanta",2015-02-28,287344.515457925,226290.100019711,26.9805950118437
71057,"30339","GA","Atlanta",2015-03-31,288230.206324799,226290.100019711,27.3719912182161
71057,"30339","GA","Atlanta",2015-04-30,289270.416460805,226290.100019711,27.8316711317056
71057,"30339","GA","Atlanta",2015-05-31,290522.046414698,226290.100019711,28.3847797094935
71057,"30339","GA","Atlanta",2015-06-30,291840.599110056,226290.100019711,28.967462157927
71057,"30339","GA","Atlanta",2015-07-31,293855.127249047,226290.100019711,29.8577035510836
71057,"30339","GA","Atlanta",2015-08-31,296257.275856731,226290.100019711,30.9192385486267
71057,"30339","GA","Atlanta",2015-09-30,298942.756729926,226290.100019711,32.1059810852912
71057,"30339","GA","Atlanta",2015-10-31,301580.305691352,226290.100019711,33.2715420007694
71057,"30339","GA","Atlanta",2015-11-30,303780.090845428,226290.100019711,34.2436504376317
71057,"30339","GA","Atlanta",2015-12-31,305789.3198,226290.100019711,35.1315500648788
71057,"30339","GA","Atlanta",2016-01-31,306905.642062365,226290.100019711,35.6248647358554
71057,"30339","GA","Atlanta",2016-02-29,308060.16624651,226290.100019711,36.1350612420411
71057,"30339","GA","Atlanta",2016-03-31,308540.44981035,226290.100019711,36.3473036529107
71057,"30339","GA","Atlanta",2016-04-30,309743.259956881,226290.100019711,36.8788382390129
71057,"30339","GA","Atlanta",2016-05-31,311442.669376422,226290.100019711,37.6298253212555
71057,"30339","GA","Atlanta",2016-06-30,313424.437485467,226290.100019711,38.5055897090355
71057,"30339","GA","Atlanta",2016-07-31,314424.495923608,226290.100019711,38.9475261605437
71057,"30339","GA","Atlanta",2016-08-31,314478.167883275,226290.100019711,38.9712443698962
71057,"30339","GA","Atlanta",2016-09-30,315110.643,226290.100019711,39.2507418453359
71057,"30339","GA","Atlanta",2016-10-31,316965.266218475,226290.100019711,40.0703195547954
71057,"30339","GA","Atlanta",2016-11-30,319696.810840141,226290.100019711,41.2774181514322
71057,"30339","GA","Atlanta",2016-12-31,322809.249356073,226290.100019711,42.6528378077322
71057,"30339","GA","Atlanta",2017-01-31,325276.886397596,226290.100019711,43.7433128401386
71057,"30339","GA","Atlanta",2017-02-28,327370.578320506,226290.100019711,44.6685375506883
71057,"30339","GA","Atlanta",2017-03-31,328977.290119307,226290.100019711,45.3785605692215
71057,"30339","GA","Atlanta",2017-04-30,330888.828,226290.100019711,46.2232894727511
71057,"30339","GA","Atlanta",2017-05-31,332791.228281135,226290.100019711,47.0639803739305
71057,"30339","GA","Atlanta",2017-06-30,334765.580708461,226290.100019711,47.9364676931521
71057,"30339","GA","Atlanta",2017-07-31,336685.841278717,226290.100019711,48.7850512458963
71057,"30339","GA","Atlanta",2017-08-31,338507.021204165,226290.100019711,49.5898500087629
71057,"30339","GA","Atlanta",2017-09-30,340488.593,226290.100019711,50.4655276436494
71057,"30339","GA","Atlanta",2017-10-31,342425.951872203,226290.100019711,51.3216671177291
71057,"30339","GA","Atlanta",2017-11-30,344398.010214503,226290.100019711,52.1931406563981
71057,"30339","GA","Atlanta",2017-12-31,346618.001880149,226290.100019711,53.1741785654597
71057,"30339","GA","Atlanta",2018-01-31,348715.414632268,226290.100019711,54.1010475499781
71057,"30339","GA","Atlanta",2018-02-28,350653.774799127,226290.100019711,54.9576295068073
71057,"30339","GA","Atlanta",2018-03-31,352076.897465989,226290.100019711,55.586522536921
71057,"30339","GA","Atlanta",2018-04-30,353200.598481228,226290.100019711,56.0830979572072
71057,"30339","GA","Atlanta",2018-05-31,354508.826900427,226290.100019711,56.6612179982898
71057,"30339","GA","Atlanta",2018-06-30,355128.443169769,226290.100019711,56.935033012419
71057,"30339","GA","Atlanta",2018-07-31,356455.178951967,226290.100019711,57.5213316538893
71057,"30339","GA","Atlanta",2018-08-31,357928.180982558,226290.100019711,58.1722669049071
71057,"30339","GA","Atlanta",2018-09-30,360164.508068259,226290.100019711,59.160523609688
71057,"30339","GA","Atlanta",2018-10-31,362157.10251397,226290.100019711,60.0410722706936
71057,"30339","GA","Atlanta",2018-11-30,364202.933702686,226290.100019711,60.9451468141835
71057,"30339","GA","Atlanta",2018-12-31,365904.533434391,226290.100019711,61.6971018186474
71057,"30339","GA","Atlanta",2019-01-31,367388.367508793,226290.100019711,62.3528238649381
71057,"30339","GA","Atlanta",2019-02-28,368548.185553687,226290.100019711,62.8653597844469
71057,"30339","GA","Atlanta",2019-03-31,369659.640361726,226290.100019711,63.3565234756302
71057,"30339","GA","Atlanta",2019-04-30,370678.509862447,226290.100019711,63.8067727355986
71057,"30339","GA","Atlanta",2019-05-31,371138.498893036,226290.100019711,64.0100467765527
71057,"30339","GA","Atlanta",2019-06-30,371062.3248,226290.100019711,63.9763846353326
71057,"30339","GA","Atlanta",2019-07-31,370460.832346215,226290.100019711,63.7105787279012
71057,"30339","GA","Atlanta",2019-08-31,369390.280295599,226290.100019711,63.2374903998998
71057,"30339","GA","Atlanta",2019-09-30,368721.58235263,226290.100019711,62.9419856726001
71057,"30339","GA","Atlanta",2019-10-31,368856.877298088,226290.100019711,63.0017739467872
71057,"30339","GA","Atlanta",2019-11-30,369971.487146971,226290.100019711,63.4943318840481
71057,"30339","GA","Atlanta",2019-12-31,371417.159484106,226290.100019711,64.1331898530929
71057,"30339","GA","Atlanta",2020-01-31,372739.379668939,226290.100019711,64.7174930041004
71057,"30339","GA","Atlanta",2020-02-29,374454.55258402,226290.100019711,65.4754461425416
71057,"30339","GA","Atlanta",2020-03-31,375985.641425537,226290.100019711,66.1520505726
71057,"30339","GA","Atlanta",2020-04-30,377202.963809323,226290.100019711,66.6899982705683
71057,"30339","GA","Atlanta",2020-05-31,377379.512581984,226290.100019711,66.7680170494036
71057,"30339","GA","Atlanta",2020-06-30,377162.133493732,226290.100019711,66.6719549202019
71057,"30339","GA","Atlanta",2020-07-31,377245.698312876,226290.100019711,66.7088831018309
71057,"30339","GA","Atlanta",2020-08-31,378118.035740749,226290.100019711,67.0943782816008
71057,"30339","GA","Atlanta",2020-09-30,380189.749274901,226290.100019711,68.0098905085927
71057,"30339","GA","Atlanta",2020-10-31,382699.932176679,226290.100019711,69.1191670087841
71057,"30339","GA","Atlanta",2020-11-30,385774.880865645,226290.100019711,70.4780195121405
71057,"30339","GA","Atlanta",2020-12-31,388462.104927918,226290.100019711,71.6655323825839
71057,"30339","GA","Atlanta",2021-01-31,391295.758937201,226290.100019711,72.9177542027322
71057,"30339","GA","Atlanta",2021-02-28,394121.558617604,226290.100019711,74.1665051114804
71057,"30339","GA","Atlanta",2021-03-31,397743.86024661,226290.100019711,75.7672386958
71057,"30339","GA","Atlanta",2021-04-30,401791.84653471,226290.100019711,77.5560868547552
71057,"30339","GA","Atlanta",2021-05-31,407110.648881629,226290.100019711,79.9065221351567
71057,"30339","GA","Atlanta",2021-06-30,412453.625418609,226290.100019711,82.2676402470467
71057,"30339","GA","Atlanta",2021-07-31,418018.622792955,226290.100019711,84.7268717264007
71057,"30339","GA","Atlanta",2021-08-31,423363.03290842,226290.100019711,87.0886233518582
71057,"30339","GA","Atlanta",2021-09-30,428797.0936,226290.100019711,89.489992519624
71057,"30339","GA","Atlanta",2021-10-31,434284.371840368,226290.100019711,91.9148790877459
71057,"30339","GA","Atlanta",2021-11-30,439826.092705292,226290.100019711,94.3638244302253
71057,"30339","GA","Atlanta",2021-12-31,445451.410167662,226290.100019711,96.8497119975028
71057,"30339","GA","Atlanta",2022-01-31,451273.070713084,226290.100019711,99.4223656597331
71057,"30339","GA","Atlanta",2022-02-28,457180.127257007,226290.100019711,102.032756721211
71057,"30339","GA","Atlanta",2022-03-31,463974.4905,226290.100019711,105.03525804248
71057,"30339","GA","Atlanta",2022-04-30,471335.605542172,226290.100019711,108.288213006719
71057,"30339","GA","Atlanta",2022-05-31,478102.954755071,226290.100019711,111.278776541009
71057,"30339","GA","Atlanta",2022-06-30,483817.677483569,226290.100019711,113.804173245505
71057,"30339","GA","Atlanta",2022-07-31,486753.162610283,226290.100019711,115.101395318613
71057,"30339","GA","Atlanta",2022-08-31,487520.673423853,226290.100019711,115.440566503522
71057,"30339","GA","Atlanta",2022-09-30,485799.37457591,226290.100019711,114.679906250249
71057,"30339","GA","Atlanta",2022-10-31,484662.923032335,226290.100019711,114.17769623599
71057,"30339","GA","Atlanta",2022-11-30,483789.930896501,226290.100019711,113.791911733815
71057,"30339","GA","Atlanta",2022-12-31,482994.722316058,226290.100019711,113.440500611378
71057,"30339","GA","Atlanta",2023-01-31,481213.3732,226290.100019711,112.653303506465
71057,"30339","GA","Atlanta",2023-02-28,479340.881049754,226290.100019711,111.825829326162
71057,"30339","GA","Atlanta",2023-03-31,478399.584533044,226290.100019711,111.409860392201
71057,"30339","GA","Atlanta",2023-04-30,478886.143368105,226290.100019711,111.624875912111
71057,"30339","GA","Atlanta",2023-05-31,480563.088309225,226290.100019711,112.365935702607
71057,"30339","GA","Atlanta",2023-06-30,482869.122150106,226290.100019711,113.384996563281
71057,"30339","GA","Atlanta",2023-07-31,485256.574672056,226290.100019711,114.440037204362
71057,"30339","GA","Atlanta",2023-08-31,487288.697715732,226290.100019711,115.338053972881
71057,"30339","GA","Atlanta",2023-09-30,489253.639133837,226290.100019711,116.206382467117
71057,"30339","GA","Atlanta",2023-10-31,490404.79577038,226290.100019711,116.71509081823
71057,"30339","GA","Atlanta",2023-11-30,491095.158051732,226290.100019711,117.02016924689
71057,"30339","GA","Atlanta",2023-12-31,490527.153377483,226290.100019711,116.769161945112
71057,"30339","GA","Atlanta",2024-01-31,490148.470753068,226290.100019711,116.601818069095
71057,"30339","GA","Atlanta",2024-02-29,490321.13663817,226290.100019711,116.678120958655
71057,"30339","GA","Atlanta",2024-03-31,492414.283325867,226290.100019711,117.603104723969
71057,"30339","GA","Atlanta",2024-04-30,494899.593598667,226290.100019711,118.701389745092
71057,"30339","GA","Atlanta",2024-05-31,496091.170691626,226290.100019711,119.227960325447
71057,"30339","GA","Atlanta",2024-06-30,495314.3346,226290.100019711,118.884668201064
71057,"30339","GA","Atlanta",2024-07-31,493489.896801653,226290.100019711,118.078429749542
71057,"30339","GA","Atlanta",2024-08-31,492169.279,226290.100019711,117.49483470869
71057,"30339","GA","Atlanta",2024-09-30,491184.928931957,226290.100019711,117.059839952863
71057,"30339","GA","Atlanta",2024-10-31,490140.567036461,226290.100019711,116.598325332733
71057,"30339","GA","Atlanta",2024-11-30,488761.452146612,226290.100019711,115.988879806955
71057,"30339","GA","Atlanta",2024-12-31,487271.731203866,226290.100019711,115.330556290983
71057,"30339","GA","Atlanta",2025-01-31,486160.841980619,226290.100019711,114.83964253773
71057,"30339","GA","Atlanta",2025-02-28,485433.778817187,226290.100019711,114.518345599257
71057,"30339","GA","Atlanta",2025-03-31,484461.870293115,226290.100019711,114.088848893927
71057,"30339","GA","Atlanta",2025-04-30,483068.422404006,226290.100019711,113.473069463458
71057,"30339","GA","Atlanta",2025-05-31,480846.098571511,226290.100019711,112.491000945082
71057,"30339","GA","Atlanta",2025-06-30,478650.441384743,226290.100019711,111.520716700841
71057,"30339","GA","Atlanta",2025-07-31,476741.602310812,226290.100019711,110.6771804287
71057,"30339","GA","Atlanta",2025-08-31,475601.119055977,226290.100019711,110.17318875839
71057,"30339","GA","Atlanta",2025-09-30,474861.473998127,226290.100019711,109.846331747064
72428,"33125","FL","Miami",2000-01-31,90658.1124926226,90658.1124926226,0
72428,"33125","FL","Miami",2000-02-29,90946.23887,90658.1124926226,0.317816430825001
72428,"33125","FL","Miami",2000-03-31,91180.2349013832,90658.1124926226,0.575924640834602
72428,"33125","FL","Miami",2000-04-30,91712.3952276925,90658.1124926226,1.16292155890146
72428,"33125","FL","Miami",2000-05-31,92275.1466483531,90658.1124926226,1.78366183816379
72428,"33125","FL","Miami",2000-06-30,92926.4261252465,90658.1124926226,2.50205256899483
72428,"33125","FL","Miami",2000-07-31,93598.9958,90658.1124926226,3.24392735136272
72428,"33125","FL","Miami",2000-08-31,94237.4878561072,90658.1124926226,3.94821297848642
72428,"33125","FL","Miami",2000-09-30,94957.2954096803,90658.1124926226,4.74219327851934
72428,"33125","FL","Miami",2000-10-31,95618.8309190834,90658.1124926226,5.47189687725343
72428,"33125","FL","Miami",2000-11-30,96332.0635628475,90658.1124926226,6.25862475427845
72428,"33125","FL","Miami",2000-12-31,97098.7027079231,90658.1124926226,7.10426241868266
72428,"33125","FL","Miami",2001-01-31,97893.4376375371,90658.1124926226,7.98089100465584
72428,"33125","FL","Miami",2001-02-28,98685.94335,90658.1124926226,8.85506066324802
72428,"33125","FL","Miami",2001-03-31,99356.6085640027,90658.1124926226,9.59483473923854
72428,"33125","FL","Miami",2001-04-30,100251.343973598,90658.1124926226,10.5817683792564
72428,"33125","FL","Miami",2001-05-31,101331.120588314,90658.1124926226,11.7728108409056
72428,"33125","FL","Miami",2001-06-30,102699.582866461,90658.1124926226,13.2822866512012
72428,"33125","FL","Miami",2001-07-31,104124.120873251,90658.1124926226,14.8536165273952
72428,"33125","FL","Miami",2001-08-31,105548.397180702,90658.1124926226,16.4246577373773
72428,"33125","FL","Miami",2001-09-30,106867.210846756,90658.1124926226,17.8793688821312
72428,"33125","FL","Miami",2001-10-31,107928.192671937,90658.1124926226,19.0496798405329
72428,"33125","FL","Miami",2001-11-30,108889.07204196,90658.1124926226,20.1095732616554
72428,"33125","FL","Miami",2001-12-31,109816.571549461,90658.1124926226,21.1326471841082
72428,"33125","FL","Miami",2002-01-31,110889.528854593,90658.1124926226,22.3161676387388
72428,"33125","FL","Miami",2002-02-28,112074.617181623,90658.1124926226,23.6233736840082
72428,"33125","FL","Miami",2002-03-31,113142.341163918,90658.1124926226,24.8011215467618
72428,"33125","FL","Miami",2002-04-30,114293.68929986,90658.1124926226,26.0711106346497
72428,"33125","FL","Miami",2002-05-31,115435.187841365,90658.1124926226,27.3302351742193
72428,"33125","FL","Miami",2002-06-30,116765.476498458,90658.1124926226,28.7976037532874
72428,"33125","FL","Miami",2002-07-31,118246.359731294,90658.1124926226,30.4310849632083
72428,"33125","FL","Miami",2002-08-31,120038.192576168,90658.1124926226,32.4075576644462
72428,"33125","FL","Miami",2002-09-30,121699.720263761,90658.1124926226,34.2402978814102
72428,"33125","FL","Miami",2002-10-31,123229.507513957,90658.1124926226,35.927722435193
72428,"33125","FL","Miami",2002-11-30,124467.925173484,90658.1124926226,37.2937531471467
72428,"33125","FL","Miami",2002-12-31,126000.366093374,90658.1124926226,38.98410481867
72428,"33125","FL","Miami",2003-01-31,127781.538038118,90658.1124926226,40.9488180647001
72428,"33125","FL","Miami",2003-02-28,129594.152803508,90658.1124926226,42.9482141645668
72428,"33125","FL","Miami",2003-03-31,131438.381515984,90658.1124926226,44.9824818784745
72428,"33125","FL","Miami",2003-04-30,133243.327765071,90658.1124926226,46.9734192578887
72428,"33125","FL","Miami",2003-05-31,135041.715624277,90658.1124926226,48.9571224365233
72428,"33125","FL","Miami",2003-06-30,136730.861268916,90658.1124926226,50.8203265097127
72428,"33125","FL","Miami",2003-07-31,138082.671182043,90658.1124926226,52.3114340079384
72428,"33125","FL","Miami",2003-08-31,139412.735893739,90658.1124926226,53.7785555651006
72428,"33125","FL","Miami",2003-09-30,140991.073595394,90658.1124926226,55.5195334635581
72428,"33125","FL","Miami",2003-10-31,142834.121279526,90658.1124926226,57.5524984497651
72428,"33125","FL","Miami",2003-11-30,144703.642825039,90658.1124926226,59.6146653029143
72428,"33125","FL","Miami",2003-12-31,146183.320166045,90658.1124926226,61.2468163595847
72428,"33125","FL","Miami",2004-01-31,147734.653435466,90658.1124926226,62.9580071474447
72428,"33125","FL","Miami",2004-02-29,149391.455861975,90658.1124926226,64.7855351876337
72428,"33125","FL","Miami",2004-03-31,151505.59453636,90658.1124926226,67.1175258018843
72428,"33125","FL","Miami",2004-04-30,153524.689402346,90658.1124926226,69.3446787951151
72428,"33125","FL","Miami",2004-05-31,155908.475418985,90658.1124926226,71.9741026283463
72428,"33125","FL","Miami",2004-06-30,158577.859432964,90658.1124926226,74.9185539748228
72428,"33125","FL","Miami",2004-07-31,161474.225037482,90658.1124926226,78.1133762856827
72428,"33125","FL","Miami",2004-08-31,164551.74188802,90658.1124926226,81.508016617278
72428,"33125","FL","Miami",2004-09-30,167527.337471033,90658.1124926226,84.7902331792596
72428,"33125","FL","Miami",2004-10-31,170749.4335,90658.1124926226,88.3443508862981
72428,"33125","FL","Miami",2004-11-30,174045.923709444,90658.1124926226,91.9805287404446
72428,"33125","FL","Miami",2004-12-31,177595.8683,90658.1124926226,95.8962782447649
72428,"33125","FL","Miami",2005-01-31,181295.710855296,90658.1124926226,99.977371986483
72428,"33125","FL","Miami",2005-02-28,185022.514464574,90658.1124926226,104.088204990623
72428,"33125","FL","Miami",2005-03-31,188677.602486805,90658.1124926226,108.119932457405
72428,"33125","FL","Miami",2005-04-30,192210.776038407,90658.1124926226,112.017182746937
72428,"33125","FL","Miami",2005-05-31,196143.016846949,90658.1124926226,116.354622277086
72428,"33125","FL","Miami",2005-06-30,200727.614132759,90658.1124926226,121.411640518209
72428,"33125","FL","Miami",2005-07-31,205775.170135316,90658.1124926226,126.979323170953
72428,"33125","FL","Miami",2005-08-31,211070.760352709,90658.1124926226,132.820598785228
72428,"33125","FL","Miami",2005-09-30,216546.588522304,90658.1124926226,138.860685015834
72428,"33125","FL","Miami",2005-10-31,221510.19873308,90658.1124926226,144.335771662029
72428,"33125","FL","Miami",2005-11-30,225458.705702304,90658.1124926226,148.69115350339
72428,"33125","FL","Miami",2005-12-31,228344.583895192,90658.1124926226,151.874407724707
72428,"33125","FL","Miami",2006-01-31,231445.311208203,90658.1124926226,155.294650246592
72428,"33125","FL","Miami",2006-02-28,234377.815873584,90658.1124926226,158.529335576732
72428,"33125","FL","Miami",2006-03-31,238724.888183199,90658.1124926226,163.324353022048
72428,"33125","FL","Miami",2006-04-30,243664.796343625,90658.1124926226,168.773295234283
72428,"33125","FL","Miami",2006-05-31,249297.965877285,90658.1124926226,174.986936108527
72428,"33125","FL","Miami",2006-06-30,253605.645761583,90658.1124926226,179.738501926367
72428,"33125","FL","Miami",2006-07-31,257229.877631997,90658.1124926226,183.736193661576
72428,"33125","FL","Miami",2006-08-31,259733.190677009,90658.1124926226,186.497461215228
72428,"33125","FL","Miami",2006-09-30,261724.787495987,90658.1124926226,188.694282618431
72428,"33125","FL","Miami",2006-10-31,262884.614737559,90658.1124926226,189.973624543475
72428,"33125","FL","Miami",2006-11-30,264443.929084454,90658.1124926226,191.693618820901
72428,"33125","FL","Miami",2006-12-31,266326.926137881,90658.1124926226,193.770649768992
72428,"33125","FL","Miami",2007-01-31,267698.339446143,90658.1124926226,195.283380699027
72428,"33125","FL","Miami",2007-02-28,268934.627899318,90658.1124926226,196.647062800036
72428,"33125","FL","Miami",2007-03-31,269250.180116622,90658.1124926226,196.995131173212
72428,"33125","FL","Miami",2007-04-30,270042.2140159,90658.1124926226,197.868780400512
72428,"33125","FL","Miami",2007-05-31,270081.538234907,90658.1124926226,197.912156793343
72428,"33125","FL","Miami",2007-06-30,269937.196255918,90658.1124926226,197.752941059615
72428,"33125","FL","Miami",2007-07-31,269224.990858287,90658.1124926226,196.967346281554
72428,"33125","FL","Miami",2007-08-31,268386.804000536,90658.1124926226,196.042788252818
72428,"33125","FL","Miami",2007-09-30,266729.760729875,90658.1124926226,194.214994550631
72428,"33125","FL","Miami",2007-10-31,265741.077399556,90658.1124926226,193.124432103284
72428,"33125","FL","Miami",2007-11-30,263884.512010849,90658.1124926226,191.076556477307
72428,"33125","FL","Miami",2007-12-31,262450.906130471,90658.1124926226,189.49522432626
72428,"33125","FL","Miami",2008-01-31,257611.801299367,90658.1124926226,184.157472747219
72428,"33125","FL","Miami",2008-02-29,251669.536934871,90658.1124926226,177.602886289245
72428,"33125","FL","Miami",2008-03-31,244706.282389795,90658.1124926226,169.922101466329
72428,"33125","FL","Miami",2008-04-30,238921.066932395,90658.1124926226,163.540747058723
72428,"33125","FL","Miami",2008-05-31,233939.278203557,90658.1124926226,158.0456086846
72428,"33125","FL","Miami",2008-06-30,228699.670188513,90658.1124926226,152.266083972489
72428,"33125","FL","Miami",2008-07-31,223015.409862091,90658.1124926226,145.996087642173
72428,"33125","FL","Miami",2008-08-31,216452.706367576,90658.1124926226,138.757128751373
72428,"33125","FL","Miami",2008-09-30,208764.3004,90658.1124926226,130.276469099209
72428,"33125","FL","Miami",2008-10-31,201149.177759333,90658.1124926226,121.876644272405
72428,"33125","FL","Miami",2008-11-30,194162.100148521,90658.1124926226,114.169581530082
72428,"33125","FL","Miami",2008-12-31,187831.211295929,90658.1124926226,107.186324678019
72428,"33125","FL","Miami",2009-01-31,181472.20333569,90658.1124926226,100.172051177943
72428,"33125","FL","Miami",2009-02-28,175049.74601692,90658.1124926226,93.0877901645752
72428,"33125","FL","Miami",2009-03-31,169083.908891853,90658.1124926226,86.5072018851178
72428,"33125","FL","Miami",2009-04-30,163790.118981613,90658.1124926226,80.6679120910902
72428,"33125","FL","Miami",2009-05-31,158728.231137892,90658.1124926226,75.0844207690829
72428,"33125","FL","Miami",2009-06-30,153686.347674922,90658.1124926226,69.5229951841632
72428,"33125","FL","Miami",2009-07-31,148341.992825717,90658.1124926226,63.6279299745934
72428,"33125","FL","Miami",2009-08-31,143607.508445105,90658.1124926226,58.4055794861059
72428,"33125","FL","Miami",2009-09-30,140023.811946292,90658.1124926226,54.452600099838
72428,"33125","FL","Miami",2009-10-31,137197.559575216,90658.1124926226,51.3351158578115
72428,"33125","FL","Miami",2009-11-30,135302.457238251,90658.1124926226,49.2447322342621
72428,"33125","FL","Miami",2009-12-31,133682.724551468,90658.1124926226,47.4580937942498
72428,"33125","FL","Miami",2010-01-31,132782.528110706,90658.1124926226,46.4651363897641
72428,"33125","FL","Miami",2010-02-28,131524.619690821,90658.1124926226,45.0776064872556
72428,"33125","FL","Miami",2010-03-31,130388.961346699,90658.1124926226,43.8249239496459
72428,"33125","FL","Miami",2010-04-30,128932.013015917,90658.1124926226,42.2178440196498
72428,"33125","FL","Miami",2010-05-31,127604.679136906,90658.1124926226,40.7537346944982
72428,"33125","FL","Miami",2010-06-30,126203.727449411,90658.1124926226,39.2084215956749
72428,"33125","FL","Miami",2010-07-31,125472.416029418,90658.1124926226,38.4017520104763
72428,"33125","FL","Miami",2010-08-31,124374.724936976,90658.1124926226,37.1909490693363
72428,"33125","FL","Miami",2010-09-30,123210.627508059,90658.1124926226,35.9068969344423
72428,"33125","FL","Miami",2010-10-31,121332.43342636,90658.1124926226,33.8351638814819
72428,"33125","FL","Miami",2010-11-30,119544.880959312,90658.1124926226,31.8634126306573
72428,"33125","FL","Miami",2010-12-31,117551.16605861,90658.1124926226,29.6642548874777
72428,"33125","FL","Miami",2011-01-31,115663.866231204,90658.1124926226,27.5824777850035
72428,"33125","FL","Miami",2011-02-28,113776.658137234,90658.1124926226,25.5008018686611
72428,"33125","FL","Miami",2011-03-31,112349.245188395,90658.1124926226,23.9263008013067
72428,"33125","FL","Miami",2011-04-30,111662.630245388,90658.1124926226,23.1689334525629
72428,"33125","FL","Miami",2011-05-31,111232.888230118,90658.1124926226,22.6949085655954
72428,"33125","FL","Miami",2011-06-30,110838.795607505,90658.1124926226,22.2602065717226
72428,"33125","FL","Miami",2011-07-31,109540.262993162,90658.1124926226,20.8278663446424
72428,"33125","FL","Miami",2011-08-31,108377.185195899,90658.1124926226,19.5449389095969
72428,"33125","FL","Miami",2011-09-30,107334.76411934,90658.1124926226,18.3951012967254
72428,"33125","FL","Miami",2011-10-31,107267.475736252,90658.1124926226,18.3208791656471
72428,"33125","FL","Miami",2011-11-30,107590.964874012,90658.1124926226,18.6777023211991
72428,"33125","FL","Miami",2011-12-31,107398.042142056,90658.1124926226,18.4648998188609
72428,"33125","FL","Miami",2012-01-31,107040.213565901,90658.1124926226,18.0701987090356
72428,"33125","FL","Miami",2012-02-29,106167.861878886,90658.1124926226,17.107955327799
72428,"33125","FL","Miami",2012-03-31,105344.833682075,90658.1124926226,16.2001179879489
72428,"33125","FL","Miami",2012-04-30,104447.133395824,90658.1124926226,15.2099139548309
72428,"33125","FL","Miami",2012-05-31,103968.808999908,90658.1124926226,14.6823005038497
72428,"33125","FL","Miami",2012-06-30,104376.711872298,90658.1124926226,15.1322358280866
72428,"33125","FL","Miami",2012-07-31,105803.877543756,90658.1124926226,16.7064641373008
72428,"33125","FL","Miami",2012-08-31,107623.137287655,90658.1124926226,18.7131899491208
72428,"33125","FL","Miami",2012-09-30,109351.257905089,90658.1124926226,20.6193851807666
72428,"33125","FL","Miami",2012-10-31,110315.913457958,90658.1124926226,21.6834439024249
72428,"33125","FL","Miami",2012-11-30,111157.605420607,90658.1124926226,22.6118682204552
72428,"33125","FL","Miami",2012-12-31,112727.507472049,90658.1124926226,24.3435412150477
72428,"33125","FL","Miami",2013-01-31,114732.321035792,90658.1124926226,26.554941285733
72428,"33125","FL","Miami",2013-02-28,116736.321340325,90658.1124926226,28.7654442947122
72428,"33125","FL","Miami",2013-03-31,118320.916316446,90658.1124926226,30.5133242500216
72428,"33125","FL","Miami",2013-04-30,120419.03,90658.1124926226,32.8276385743186
72428,"33125","FL","Miami",2013-05-31,122886.077733131,90658.1124926226,35.5489038481038
72428,"33125","FL","Miami",2013-06-30,125947.938882307,90658.1124926226,38.9262752327392
72428,"33125","FL","Miami",2013-07-31,129103.970862324,90658.1124926226,42.4075213046488
72428,"33125","FL","Miami",2013-08-31,132408.914701928,90658.1124926226,46.0530238953555
72428,"33125","FL","Miami",2013-09-30,135619.857622961,90658.1124926226,49.5948392197086
72428,"33125","FL","Miami",2013-10-31,138006.195877954,90658.1124926226,52.2270782873225
72428,"33125","FL","Miami",2013-11-30,139660.578920534,90658.1124926226,54.0519376375708
72428,"33125","FL","Miami",2013-12-31,140912.66360974,90658.1124926226,55.4330437016396
72428,"33125","FL","Miami",2014-01-31,141704.426896591,90658.1124926226,56.3063944311902
72428,"33125","FL","Miami",2014-02-28,143065.034804829,90658.1124926226,57.8072065160973
72428,"33125","FL","Miami",2014-03-31,144548.333304756,90658.1124926226,59.4433518749014
72428,"33125","FL","Miami",2014-04-30,147263.625661082,90658.1124926226,62.4384422001566
72428,"33125","FL","Miami",2014-05-31,150102.487701293,90658.1124926226,65.5698354777771
72428,"33125","FL","Miami",2014-06-30,152418.676336394,90658.1124926226,68.1246963406578
72428,"33125","FL","Miami",2014-07-31,154286.496182534,90658.1124926226,70.1849861424025
72428,"33125","FL","Miami",2014-08-31,155919.930924949,90658.1124926226,71.9867385697411
72428,"33125","FL","Miami",2014-09-30,158157.362136807,90658.1124926226,74.454726431324
72428,"33125","FL","Miami",2014-10-31,160469.441739601,90658.1124926226,77.0050548456536
72428,"33125","FL","Miami",2014-11-30,162909.719539255,90658.1124926226,79.6967916715799
72428,"33125","FL","Miami",2014-12-31,165543.785097905,90658.1124926226,82.6022851638079
72428,"33125","FL","Miami",2015-01-31,167874.554999379,90658.1124926226,85.1732298232433
72428,"33125","FL","Miami",2015-02-28,170220.041629112,90658.1124926226,87.760407699823
72428,"33125","FL","Miami",2015-03-31,171904.160588083,90658.1124926226,89.6180671112828
72428,"33125","FL","Miami",2015-04-30,174310.781740854,90658.1124926226,92.2726791328667
72428,"33125","FL","Miami",2015-05-31,176965.015794136,90658.1124926226,95.2004193872186
72428,"33125","FL","Miami",2015-06-30,179862.436604708,90658.1124926226,98.3964056380989
72428,"33125","FL","Miami",2015-07-31,182223.457510435,90658.1124926226,101.000718523964
72428,"33125","FL","Miami",2015-08-31,184236.175727149,90658.1124926226,103.22083778453
72428,"33125","FL","Miami",2015-09-30,186358.296981856,90658.1124926226,105.561633546055
72428,"33125","FL","Miami",2015-10-31,188741.756312126,90658.1124926226,108.190697029442
72428,"33125","FL","Miami",2015-11-30,191090.497718966,90658.1124926226,110.781465072434
72428,"33125","FL","Miami",2015-12-31,193454.45162375,90658.1124926226,113.389013188965
72428,"33125","FL","Miami",2016-01-31,195592.711335916,90658.1124926226,115.747610399271
72428,"33125","FL","Miami",2016-02-29,198010.072505164,90658.1124926226,118.414069144973
72428,"33125","FL","Miami",2016-03-31,200548.533101272,90658.1124926226,121.214106037771
72428,"33125","FL","Miami",2016-04-30,203173.925651619,90658.1124926226,124.110032809422
72428,"33125","FL","Miami",2016-05-31,205396.00371263,90658.1124926226,126.561085450951
72428,"33125","FL","Miami",2016-06-30,207968.179185805,90658.1124926226,129.398311378619
72428,"33125","FL","Miami",2016-07-31,210728.218686532,90658.1124926226,132.44275982878
72428,"33125","FL","Miami",2016-08-31,213898.960754676,90658.1124926226,135.940231793467
72428,"33125","FL","Miami",2016-09-30,216630.384172406,90658.1124926226,138.953115409318
72428,"33125","FL","Miami",2016-10-31,219422.128730266,90658.1124926226,142.032535972025
72428,"33125","FL","Miami",2016-11-30,221122.420123783,90658.1124926226,143.908034310528
72428,"33125","FL","Miami",2016-12-31,221456.66860058,90658.1124926226,144.276725503855
72428,"33125","FL","Miami",2017-01-31,220868.309853065,90658.1124926226,143.627739184442
72428,"33125","FL","Miami",2017-02-28,221784.590426787,90658.1124926226,144.638438115326
72428,"33125","FL","Miami",2017-03-31,224490.193056426,90658.1124926226,147.622840233624
72428,"33125","FL","Miami",2017-04-30,227861.928852561,90658.1124926226,151.342017374455
72428,"33125","FL","Miami",2017-05-31,230408.412153687,90658.1124926226,154.150903673884
72428,"33125","FL","Miami",2017-06-30,232509.751984133,90658.1124926226,156.468776584173
72428,"33125","FL","Miami",2017-07-31,234593.917138131,90658.1124926226,158.767705049254
72428,"33125","FL","Miami",2017-08-31,236690.415157364,90658.1124926226,161.080237222703
72428,"33125","FL","Miami",2017-09-30,238589.113462038,90658.1124926226,163.174587361339
72428,"33125","FL","Miami",2017-10-31,240354.064287582,90658.1124926226,165.12140797895
72428,"33125","FL","Miami",2017-11-30,242244.576762272,90658.1124926226,167.206728776738
72428,"33125","FL","Miami",2017-12-31,244740.691447671,90658.1124926226,169.960056214039
72428,"33125","FL","Miami",2018-01-31,247615.565953955,90658.1124926226,173.131172871159
72428,"33125","FL","Miami",2018-02-28,250398.812060507,90658.1124926226,176.201219257552
72428,"33125","FL","Miami",2018-03-31,252449.428873145,90658.1124926226,178.463142384183
72428,"33125","FL","Miami",2018-04-30,254122.761090642,90658.1124926226,180.30890353174
72428,"33125","FL","Miami",2018-05-31,255704.95470641,90658.1124926226,182.054134677929
72428,"33125","FL","Miami",2018-06-30,257062.277026015,90658.1124926226,183.551322609914
72428,"33125","FL","Miami",2018-07-31,257950.929125513,90658.1124926226,184.531546083649
72428,"33125","FL","Miami",2018-08-31,258627.567643059,90658.1124926226,185.277908983716
72428,"33125","FL","Miami",2018-09-30,259164.262497205,90658.1124926226,185.869907691156
72428,"33125","FL","Miami",2018-10-31,260464.816493687,90658.1124926226,187.304477594194
72428,"33125","FL","Miami",2018-11-30,262298.742811799,90658.1124926226,189.327381300978
72428,"33125","FL","Miami",2018-12-31,264764.985,90658.1124926226,192.047758022257
72428,"33125","FL","Miami",2019-01-31,266908.942052135,90658.1124926226,194.41263965633
72428,"33125","FL","Miami",2019-02-28,269670.858814378,90658.1124926226,197.459158810882
72428,"33125","FL","Miami",2019-03-31,272292.492251706,90658.1124926226,200.350939110788
72428,"33125","FL","Miami",2019-04-30,274042.739083111,90658.1124926226,202.281540557567
72428,"33125","FL","Miami",2019-05-31,274547.500455839,90658.1124926226,202.838315190139
72428,"33125","FL","Miami",2019-06-30,274671.508293375,90658.1124926226,202.975101445804
72428,"33125","FL","Miami",2019-07-31,275414.358470034,90658.1124926226,203.794498801689
72428,"33125","FL","Miami",2019-08-31,276450.111617234,90658.1124926226,204.936981386779
72428,"33125","FL","Miami",2019-09-30,277611.94733603,90658.1124926226,206.218538753077
72428,"33125","FL","Miami",2019-10-31,279292.352407376,90658.1124926226,208.072101578448
72428,"33125","FL","Miami",2019-11-30,281632.410527887,90658.1124926226,210.653291563736
72428,"33125","FL","Miami",2019-12-31,284736.022839281,90658.1124926226,214.076716369372
72428,"33125","FL","Miami",2020-01-31,288662.188756748,90658.1124926226,218.407455019801
72428,"33125","FL","Miami",2020-02-29,293039.504594422,90658.1124926226,223.235832444965
72428,"33125","FL","Miami",2020-03-31,297058.032497681,90658.1124926226,227.668450544737
72428,"33125","FL","Miami",2020-04-30,299433.954460705,90658.1124926226,230.289199971014
72428,"33125","FL","Miami",2020-05-31,299405.5252,90658.1124926226,230.257841210145
72428,"33125","FL","Miami",2020-06-30,298161.737735736,90658.1124926226,228.885887360604
72428,"33125","FL","Miami",2020-07-31,296895.996322036,90658.1124926226,227.489717311505
72428,"33125","FL","Miami",2020-08-31,297476.41403437,90658.1124926226,228.129944309813
72428,"33125","FL","Miami",2020-09-30,299533.2164,90658.1124926226,230.398690381266
72428,"33125","FL","Miami",2020-10-31,302782.191669022,90658.1124926226,233.982457106264
72428,"33125","FL","Miami",2020-11-30,306681.6921,90658.1124926226,238.283782518588
72428,"33125","FL","Miami",2020-12-31,311144.18475525,90658.1124926226,243.206113827452
72428,"33125","FL","Miami",2021-01-31,316135.6614,90658.1124926226,248.711938411166
72428,"33125","FL","Miami",2021-02-28,320776.254576874,90658.1124926226,253.830722653726
72428,"33125","FL","Miami",2021-03-31,325299.151698383,90658.1124926226,258.819682821937
72428,"33125","FL","Miami",2021-04-30,329032.6979,90658.1124926226,262.937953210503
72428,"33125","FL","Miami",2021-05-31,333294.707012535,90658.1124926226,267.639142100666
72428,"33125","FL","Miami",2021-06-30,337598.243102035,90658.1124926226,272.386137125353
72428,"33125","FL","Miami",2021-07-31,341864.590053193,90658.1124926226,277.092110847788
72428,"33125","FL","Miami",2021-08-31,344573.278029414,90658.1124926226,280.079916242966
72428,"33125","FL","Miami",2021-09-30,345686.593046786,90658.1124926226,281.307953080224
72428,"33125","FL","Miami",2021-10-31,346388.2269808,90658.1124926226,282.081887055599
72428,"33125","FL","Miami",2021-11-30,348472.5119,90658.1124926226,284.380947627116
72428,"33125","FL","Miami",2021-12-31,351843.365630205,90658.1124926226,288.099151809317
72428,"33125","FL","Miami",2022-01-31,359027.252864963,90658.1124926226,296.023304471709
72428,"33125","FL","Miami",2022-02-28,368486.580357436,90658.1124926226,306.457370693022
72428,"33125","FL","Miami",2022-03-31,380559.848547196,90658.1124926226,319.77473177391
72428,"33125","FL","Miami",2022-04-30,391070.421703178,90658.1124926226,331.368369526778
72428,"33125","FL","Miami",2022-05-31,400266.469906814,90658.1124926226,341.512026780158
72428,"33125","FL","Miami",2022-06-30,407810.507907855,90658.1124926226,349.833442033156
72428,"33125","FL","Miami",2022-07-31,414326.049402607,90658.1124926226,357.020379104323
72428,"33125","FL","Miami",2022-08-31,418940.306297976,90658.1124926226,362.110113236769
72428,"33125","FL","Miami",2022-09-30,421489.909891034,90658.1124926226,364.92244135938
72428,"33125","FL","Miami",2022-10-31,422627.491553669,90658.1124926226,366.177245404333
72428,"33125","FL","Miami",2022-11-30,423130.536861194,90658.1124926226,366.732127139341
72428,"33125","FL","Miami",2022-12-31,424385.234763766,90658.1124926226,368.11611569599
72428,"33125","FL","Miami",2023-01-31,425490.648155389,90658.1124926226,369.33543668253
72428,"33125","FL","Miami",2023-02-28,426529.332920212,90658.1124926226,370.481152974502
72428,"33125","FL","Miami",2023-03-31,428549.088306916,90658.1124926226,372.709034551971
72428,"33125","FL","Miami",2023-04-30,431746.665537573,90658.1124926226,376.236106915094
72428,"33125","FL","Miami",2023-05-31,435528.720811367,90658.1124926226,380.407885005115
72428,"33125","FL","Miami",2023-06-30,439562.494310458,90658.1124926226,384.857319686893
72428,"33125","FL","Miami",2023-07-31,443408.641556136,90658.1124926226,389.099794121809
72428,"33125","FL","Miami",2023-08-31,447656.90724904,90658.1124926226,393.785823398285
72428,"33125","FL","Miami",2023-09-30,450939.835902027,90658.1124926226,397.407042242053
72428,"33125","FL","Miami",2023-10-31,453728.544027342,90658.1124926226,400.483113482276
72428,"33125","FL","Miami",2023-11-30,457114.781954282,90658.1124926226,404.21828712955
72428,"33125","FL","Miami",2023-12-31,460720.111781856,90658.1124926226,408.195129056263
72428,"33125","FL","Miami",2024-01-31,464379.945808519,90658.1124926226,412.232091580672
72428,"33125","FL","Miami",2024-02-29,467230.965051547,90658.1124926226,415.376894803064
72428,"33125","FL","Miami",2024-03-31,470353.179119526,90658.1124926226,418.82083818787
72428,"33125","FL","Miami",2024-04-30,474209.6799,90658.1124926226,423.074733040123
72428,"33125","FL","Miami",2024-05-31,478243.807954357,90658.1124926226,427.5245588124
72428,"33125","FL","Miami",2024-06-30,481008.14142318,90658.1124926226,430.573743703656
72428,"33125","FL","Miami",2024-07-31,483111.762440237,90658.1124926226,432.894132865992
72428,"33125","FL","Miami",2024-08-31,484777.938959803,90658.1124926226,434.732000954964
72428,"33125","FL","Miami",2024-09-30,485706.57175325,90658.1124926226,435.756324943093
72428,"33125","FL","Miami",2024-10-31,485464.067176537,90658.1124926226,435.488831422606
72428,"33125","FL","Miami",2024-11-30,484877.792842948,90658.1124926226,434.842144306066
72428,"33125","FL","Miami",2024-12-31,485213.269129247,90658.1124926226,435.212189828827
72428,"33125","FL","Miami",2025-01-31,486054.22319574,90658.1124926226,436.139800214011
72428,"33125","FL","Miami",2025-02-28,486140.980246203,90658.1124926226,436.235497166085
72428,"33125","FL","Miami",2025-03-31,483802.988814836,90658.1124926226,433.656586832432
72428,"33125","FL","Miami",2025-04-30,479630.192445016,90658.1124926226,429.053803634006
72428,"33125","FL","Miami",2025-05-31,474828.180754308,90658.1124926226,423.75696746714
72428,"33125","FL","Miami",2025-06-30,470598.240108405,90658.1124926226,419.091151546642
72428,"33125","FL","Miami",2025-07-31,467084.004157845,90658.1124926226,415.214790287912
72428,"33125","FL","Miami",2025-08-31,464437.954771462,90658.1124926226,412.296078091474
72428,"33125","FL","Miami",2025-09-30,463389.143128004,90658.1124926226,411.139191394165
72768,"33705","FL","Saint Petersburg",2000-01-31,77136.999860947,77136.999860947,0
72768,"33705","FL","Saint Petersburg",2000-02-29,77326.0459748596,77136.999860947,0.245078385539256
72768,"33705","FL","Saint Petersburg",2000-03-31,77546.2087248826,77136.999860947,0.530496214103821
72768,"33705","FL","Saint Petersburg",2000-04-30,78103.9386115161,77136.999860947,1.25353429911992
72768,"33705","FL","Saint Petersburg",2000-05-31,78679.3828326721,77136.999860947,1.9995371540318
72768,"33705","FL","Saint Petersburg",2000-06-30,79304.7854993151,77136.999860947,2.81030587432215
72768,"33705","FL","Saint Petersburg",2000-07-31,79745.5475842087,77136.999860947,3.38170751774635
72768,"33705","FL","Saint Petersburg",2000-08-31,80348.6327135328,77136.999860947,4.16354390030119
72768,"33705","FL","Saint Petersburg",2000-09-30,80938.0990109373,77136.999860947,4.92772490094564
72768,"33705","FL","Saint Petersburg",2000-10-31,81598.6821858051,77136.999860947,5.78410144664819
72768,"33705","FL","Saint Petersburg",2000-11-30,82192.2735229418,77136.999860947,6.55363012705674
72768,"33705","FL","Saint Petersburg",2000-12-31,82744.4759319299,77136.999860947,7.26950241919092
72768,"33705","FL","Saint Petersburg",2001-01-31,83221.5363419893,77136.999860947,7.88796102001725
72768,"33705","FL","Saint Petersburg",2001-02-28,83748.5071663556,77136.999860947,8.57112321885348
72768,"33705","FL","Saint Petersburg",2001-03-31,84345.5844339632,77136.999860947,9.34517104114878
72768,"33705","FL","Saint Petersburg",2001-04-30,84902.7309791428,77136.999860947,10.067452885379
72768,"33705","FL","Saint Petersburg",2001-05-31,85467.60743,77136.999860947,10.7997557385825
72768,"33705","FL","Saint Petersburg",2001-06-30,85940.76622,77136.999860947,11.4131562997308
72768,"33705","FL","Saint Petersburg",2001-07-31,86580.6254743817,77136.999860947,12.2426664641592
72768,"33705","FL","Saint Petersburg",2001-08-31,87244.2625222859,77136.999860947,13.103002034768
72768,"33705","FL","Saint Petersburg",2001-09-30,88158.9237159795,77136.999860947,14.2887639847303
72768,"33705","FL","Saint Petersburg",2001-10-31,89074.80179,77136.999860947,15.4761034919338
72768,"33705","FL","Saint Petersburg",2001-11-30,90032.4274836835,77136.999860947,16.7175643932001
72768,"33705","FL","Saint Petersburg",2001-12-31,90866.68722,77136.999860947,17.7990943176467
72768,"33705","FL","Saint Petersburg",2002-01-31,91895.1173738536,77136.999860947,19.1323457478392
72768,"33705","FL","Saint Petersburg",2002-02-28,92872.3731455304,77136.999860947,20.3992549787381
72768,"33705","FL","Saint Petersburg",2002-03-31,93995.8905947064,77136.999860947,21.8557770773436
72768,"33705","FL","Saint Petersburg",2002-04-30,95077.2542702564,77136.999860947,23.2576512460296
72768,"33705","FL","Saint Petersburg",2002-05-31,96167.517610039,77136.999860947,24.6710628925131
72768,"33705","FL","Saint Petersburg",2002-06-30,97260.4972877482,77136.999860947,26.0879959851657
72768,"33705","FL","Saint Petersburg",2002-07-31,98302.1962027655,77136.999860947,27.4384489673859
72768,"33705","FL","Saint Petersburg",2002-08-31,99242.3093454297,77136.999860947,28.6572066898263
72768,"33705","FL","Saint Petersburg",2002-09-30,99862.94022,77136.999860947,29.4617892840277
72768,"33705","FL","Saint Petersburg",2002-10-31,100078.725428388,77136.999860947,29.7415320906919
72768,"33705","FL","Saint Petersburg",2002-11-30,100372.310184076,77136.999860947,30.1221338203651
72768,"33705","FL","Saint Petersburg",2002-12-31,100924.384610308,77136.999860947,30.8378401963289
72768,"33705","FL","Saint Petersburg",2003-01-31,101976.788513558,77136.999860947,32.2021710688631
72768,"33705","FL","Saint Petersburg",2003-02-28,102891.123180533,77136.999860947,33.3875097113094
72768,"33705","FL","Saint Petersburg",2003-03-31,103850.1723,77136.999860947,34.6308159342574
72768,"33705","FL","Saint Petersburg",2003-04-30,104832.573651402,77136.999860947,35.9043958675882
72768,"33705","FL","Saint Petersburg",2003-05-31,106089.015310158,77136.999860947,37.5332402107969
72768,"33705","FL","Saint Petersburg",2003-06-30,107550.181614571,77136.999860947,39.4274885054505
72768,"33705","FL","Saint Petersburg",2003-07-31,108868.955028074,77136.999860947,41.1371394069371
72768,"33705","FL","Saint Petersburg",2003-08-31,110106.397353932,77136.999860947,42.7413531151308
72768,"33705","FL","Saint Petersburg",2003-09-30,111140.8788818,77136.999860947,44.0824495146962
72768,"33705","FL","Saint Petersburg",2003-10-31,112569.051367734,77136.999860947,45.933924796997
72768,"33705","FL","Saint Petersburg",2003-11-30,114172.60582246,77136.999860947,48.012764339132
72768,"33705","FL","Saint Petersburg",2003-12-31,115785.928043684,77136.999860947,50.1042667622658
72768,"33705","FL","Saint Petersburg",2004-01-31,117099.064110421,77136.999860947,51.8066094371224
72768,"33705","FL","Saint Petersburg",2004-02-29,118339.43761073,77136.999860947,53.4146231044221
72768,"33705","FL","Saint Petersburg",2004-03-31,119790.421400248,77136.999860947,55.295670840441
72768,"33705","FL","Saint Petersburg",2004-04-30,121203.204692669,77136.999860947,57.1271956533953
72768,"33705","FL","Saint Petersburg",2004-05-31,122666.955756194,77136.999860947,59.0247948161362
72768,"33705","FL","Saint Petersburg",2004-06-30,124181.901883474,77136.999860947,60.9887629896595
72768,"33705","FL","Saint Petersburg",2004-07-31,126426.17280437,77136.999860947,63.8982239810668
72768,"33705","FL","Saint Petersburg",2004-08-31,129231.905227921,77136.999860947,67.5355607048287
72768,"33705","FL","Saint Petersburg",2004-09-30,132429.328035149,77136.999860947,71.6806827772359
72768,"33705","FL","Saint Petersburg",2004-10-31,135034.146979882,77136.999860947,75.0575563261536
72768,"33705","FL","Saint Petersburg",2004-11-30,136865.177115499,77136.999860947,77.4312941418812
72768,"33705","FL","Saint Petersburg",2004-12-31,138283.571701933,77136.999860947,79.2700934068129
72768,"33705","FL","Saint Petersburg",2005-01-31,140243.336076999,77136.999860947,81.8107216119534
72768,"33705","FL","Saint Petersburg",2005-02-28,142667.142613903,77136.999860947,84.9529316295497
72768,"33705","FL","Saint Petersburg",2005-03-31,145645.230718429,77136.999860947,88.8137093495735
72768,"33705","FL","Saint Petersburg",2005-04-30,149261.412388699,77136.999860947,93.5017082045828
72768,"33705","FL","Saint Petersburg",2005-05-31,152996.987861805,77136.999860947,98.3444885562166
72768,"33705","FL","Saint Petersburg",2005-06-30,156785.443049488,77136.999860947,103.255821891079
72768,"33705","FL","Saint Petersburg",2005-07-31,159956.395385397,77136.999860947,107.366627784003
72768,"33705","FL","Saint Petersburg",2005-08-31,163633.640445315,77136.999860947,112.133788895463
72768,"33705","FL","Saint Petersburg",2005-09-30,167560.351026938,77136.999860947,117.22435579423
72768,"33705","FL","Saint Petersburg",2005-10-31,171223.699354282,77136.999860947,121.973501254835
72768,"33705","FL","Saint Petersburg",2005-11-30,174603.650392642,77136.999860947,126.355251963903
72768,"33705","FL","Saint Petersburg",2005-12-31,177438.112009542,77136.999860947,130.02983306248
72768,"33705","FL","Saint Petersburg",2006-01-31,180116.244220185,77136.999860947,133.50174954286
72768,"33705","FL","Saint Petersburg",2006-02-28,183150.040060151,77136.999860947,137.43474647745
72768,"33705","FL","Saint Petersburg",2006-03-31,186655.475899647,77136.999860947,141.97917502123
72768,"33705","FL","Saint Petersburg",2006-04-30,190369.041918619,77136.999860947,146.793422432545
72768,"33705","FL","Saint Petersburg",2006-05-31,192592.293521793,77136.999860947,149.675634091259
72768,"33705","FL","Saint Petersburg",2006-06-30,193908.255209642,77136.999860947,151.381639886431
72768,"33705","FL","Saint Petersburg",2006-07-31,194895.658159462,77136.999860947,152.661703865585
72768,"33705","FL","Saint Petersburg",2006-08-31,196090.974440044,77136.999860947,154.211305590744
72768,"33705","FL","Saint Petersburg",2006-09-30,196617.192038941,77136.999860947,154.893491312053
72768,"33705","FL","Saint Petersburg",2006-10-31,196065.386602891,77136.999860947,154.178133653542
72768,"33705","FL","Saint Petersburg",2006-11-30,194940.341359041,77136.999860947,152.719630929975
72768,"33705","FL","Saint Petersburg",2006-12-31,193956.050803141,77136.999860947,151.443601841893
72768,"33705","FL","Saint Petersburg",2007-01-31,194196.891825088,77136.999860947,151.755826873176
72768,"33705","FL","Saint Petersburg",2007-02-28,194635.347794121,77136.999860947,152.324238880155
72768,"33705","FL","Saint Petersburg",2007-03-31,194368.86402434,77136.999860947,151.978770725753
72768,"33705","FL","Saint Petersburg",2007-04-30,193566.325771798,77136.999860947,150.938364365654
72768,"33705","FL","Saint Petersburg",2007-05-31,192948.674929661,77136.999860947,150.137645069791
72768,"33705","FL","Saint Petersburg",2007-06-30,192285.370624058,77136.999860947,149.277740864547
72768,"33705","FL","Saint Petersburg",2007-07-31,190707.243859411,77136.999860947,147.231865645792
72768,"33705","FL","Saint Petersburg",2007-08-31,188467.514155449,77136.999860947,144.328291864079
72768,"33705","FL","Saint Petersburg",2007-09-30,186259.776859028,77136.999860947,141.466192870858
72768,"33705","FL","Saint Petersburg",2007-10-31,183758.250734341,77136.999860947,138.22322758935
72768,"33705","FL","Saint Petersburg",2007-11-30,181505.161290583,77136.999860947,135.302334311391
72768,"33705","FL","Saint Petersburg",2007-12-31,177881.061873101,77136.999860947,130.604070930634
72768,"33705","FL","Saint Petersburg",2008-01-31,174455.656862164,77136.999860947,126.163393931124
72768,"33705","FL","Saint Petersburg",2008-02-29,170453.091305419,77136.999860947,120.974489042471
72768,"33705","FL","Saint Petersburg",2008-03-31,167613.754810912,77136.999860947,117.293588178261
72768,"33705","FL","Saint Petersburg",2008-04-30,164107.817766022,77136.999860947,112.74850987445
72768,"33705","FL","Saint Petersburg",2008-05-31,159979.854123387,77136.999860947,107.397039568273
72768,"33705","FL","Saint Petersburg",2008-06-30,155339.028263575,77136.999860947,101.380697387248
72768,"33705","FL","Saint Petersburg",2008-07-31,151323.432297311,77136.999860947,96.1748999443816
72768,"33705","FL","Saint Petersburg",2008-08-31,147602.453657543,77136.999860947,91.3510428505421
72768,"33705","FL","Saint Petersburg",2008-09-30,144229.499703244,77136.999860947,86.9783631243672
72768,"33705","FL","Saint Petersburg",2008-10-31,141076.386395875,77136.999860947,82.890683654005
72768,"33705","FL","Saint Petersburg",2008-11-30,138314.122247596,77136.999860947,79.3096989731669
72768,"33705","FL","Saint Petersburg",2008-12-31,136077.637064243,77136.999860947,76.410331370868
72768,"33705","FL","Saint Petersburg",2009-01-31,133803.942197195,77136.999860947,73.4627253307758
72768,"33705","FL","Saint Petersburg",2009-02-28,131541.130540099,77136.999860947,70.5292282266939
72768,"33705","FL","Saint Petersburg",2009-03-31,128866.944516054,77136.999860947,67.0624275618177
72768,"33705","FL","Saint Petersburg",2009-04-30,125768.831625749,77136.999860947,63.0460503422087
72768,"33705","FL","Saint Petersburg",2009-05-31,123098.805894581,77136.999860947,59.5846430590871
72768,"33705","FL","Saint Petersburg",2009-06-30,120864.60882153,77136.999860947,56.688241750923
72768,"33705","FL","Saint Petersburg",2009-07-31,119356.088566641,77136.999860947,54.7326040444937
72768,"33705","FL","Saint Petersburg",2009-08-31,117528.892045313,77136.999860947,52.3638361061228
72768,"33705","FL","Saint Petersburg",2009-09-30,115733.241094663,77136.999860947,50.0359636792883
72768,"33705","FL","Saint Petersburg",2009-10-31,113456.055810958,77136.999860947,47.0838326814404
72768,"33705","FL","Saint Petersburg",2009-11-30,112023.32703163,77136.999860947,45.2264506444012
72768,"33705","FL","Saint Petersburg",2009-12-31,110547.526873227,77136.999860947,43.3132310985754
72768,"33705","FL","Saint Petersburg",2010-01-31,110203.752433461,77136.999860947,42.867563727034
72768,"33705","FL","Saint Petersburg",2010-02-28,109912.188577529,77136.999860947,42.4895818811524
72768,"33705","FL","Saint Petersburg",2010-03-31,109538.671525655,77136.999860947,42.0053563440606
72768,"33705","FL","Saint Petersburg",2010-04-30,108993.404549759,77136.999860947,41.2984751108277
72768,"33705","FL","Saint Petersburg",2010-05-31,108287.074130339,77136.999860947,40.3827920784394
72768,"33705","FL","Saint Petersburg",2010-06-30,107921.147678047,77136.999860947,39.9084069546313
72768,"33705","FL","Saint Petersburg",2010-07-31,106868.691712058,77136.999860947,38.5440085882364
72768,"33705","FL","Saint Petersburg",2010-08-31,105478.714925142,77136.999860947,36.7420500087974
72768,"33705","FL","Saint Petersburg",2010-09-30,103793.674545881,77136.999860947,34.5575725436403
72768,"33705","FL","Saint Petersburg",2010-10-31,102263.08675426,77136.999860947,32.5733265989182
72768,"33705","FL","Saint Petersburg",2010-11-30,100677.413664177,77136.999860947,30.5176683636456
72768,"33705","FL","Saint Petersburg",2010-12-31,99276.2751648999,77136.999860947,28.7012397991403
72768,"33705","FL","Saint Petersburg",2011-01-31,97085.121000858,77136.999860947,25.8606390913193
72768,"33705","FL","Saint Petersburg",2011-02-28,94559.7039167322,77136.999860947,22.5867016959341
72768,"33705","FL","Saint Petersburg",2011-03-31,91448.4761055,77136.999860947,18.5533223619689
72768,"33705","FL","Saint Petersburg",2011-04-30,88714.0027,77136.999860947,15.0083654535729
72768,"33705","FL","Saint Petersburg",2011-05-31,86308.5808463211,77136.999860947,11.8899892423966
72768,"33705","FL","Saint Petersburg",2011-06-30,84394.5704843906,77136.999860947,9.40867629869787
72768,"33705","FL","Saint Petersburg",2011-07-31,83197.8926516011,77136.999860947,7.85730946443332
72768,"33705","FL","Saint Petersburg",2011-08-31,82034.9529124128,77136.999860947,6.34968051686638
72768,"33705","FL","Saint Petersburg",2011-09-30,81098.8192824909,77136.999860947,5.13608181376734
72768,"33705","FL","Saint Petersburg",2011-10-31,80276.9050564155,77136.999860947,4.07055654371928
72768,"33705","FL","Saint Petersburg",2011-11-30,80517.210921409,77136.999860947,4.3820878003492
72768,"33705","FL","Saint Petersburg",2011-12-31,81357.5669191531,77136.999860947,5.47152088597486
72768,"33705","FL","Saint Petersburg",2012-01-31,82244.7522271398,77136.999860947,6.62166324254303
72768,"33705","FL","Saint Petersburg",2012-02-29,82663.53746,77136.999860947,7.16457421083986
72768,"33705","FL","Saint Petersburg",2012-03-31,82944.5418824046,77136.999860947,7.52886686275936
72768,"33705","FL","Saint Petersburg",2012-04-30,83538.4057294865,77136.999860947,8.29874882362437
72768,"33705","FL","Saint Petersburg",2012-05-31,84221.40693,77136.999860947,9.18418797959976
72768,"33705","FL","Saint Petersburg",2012-06-30,84829.9833410564,77136.999860947,9.97314323084559
72768,"33705","FL","Saint Petersburg",2012-07-31,85065.20003,77136.999860947,10.2780769064715
72768,"33705","FL","Saint Petersburg",2012-08-31,84892.1977954501,77136.999860947,10.0537977215645
72768,"33705","FL","Saint Petersburg",2012-09-30,84747.6123443261,77136.999860947,9.86635790489458
72768,"33705","FL","Saint Petersburg",2012-10-31,84858.5163607417,77136.999860947,10.0101332871567
72768,"33705","FL","Saint Petersburg",2012-11-30,85349.8208658834,77136.999860947,10.6470578577614
72768,"33705","FL","Saint Petersburg",2012-12-31,86229.9078577557,77136.999860947,11.7879979947369
72768,"33705","FL","Saint Petersburg",2013-01-31,86891.4323752093,77136.999860947,12.6455948920057
72768,"33705","FL","Saint Petersburg",2013-02-28,87492.4252147147,77136.999860947,13.4247188410687
72768,"33705","FL","Saint Petersburg",2013-03-31,88283.21528,77136.999860947,14.4498949131364
72768,"33705","FL","Saint Petersburg",2013-04-30,89877.076106696,77136.999860947,16.5161676869923
72768,"33705","FL","Saint Petersburg",2013-05-31,92292.2333237642,77136.999860947,19.6471647719475
72768,"33705","FL","Saint Petersburg",2013-06-30,94486.7870318709,77136.999860947,22.4921726307737
72768,"33705","FL","Saint Petersburg",2013-07-31,96258.5730415177,77136.999860947,24.7891066738928
72768,"33705","FL","Saint Petersburg",2013-08-31,97661.6587314394,77136.999860947,26.608059566086
72768,"33705","FL","Saint Petersburg",2013-09-30,99085.7343345672,77136.999860947,28.4542236711132
72768,"33705","FL","Saint Petersburg",2013-10-31,101058.484999212,77136.999860947,31.0116872336071
72768,"33705","FL","Saint Petersburg",2013-11-30,102395.396430211,77136.999860947,32.744852165364
72768,"33705","FL","Saint Petersburg",2013-12-31,103498.873993874,77136.999860947,34.1753946620279
72768,"33705","FL","Saint Petersburg",2014-01-31,103642.9032,77136.999860947,34.3621133656151
72768,"33705","FL","Saint Petersburg",2014-02-28,104125.215714459,77136.999860947,34.9873807668989
72768,"33705","FL","Saint Petersburg",2014-03-31,104962.955,77136.999860947,36.0734215606183
72768,"33705","FL","Saint Petersburg",2014-04-30,106581.333362527,77136.999860947,38.1714787386835
72768,"33705","FL","Saint Petersburg",2014-05-31,108702.429640289,77136.999860947,40.9212567720351
72768,"33705","FL","Saint Petersburg",2014-06-30,110482.807953138,77136.999860947,43.229329831731
72768,"33705","FL","Saint Petersburg",2014-07-31,111637.007591078,77136.999860947,44.7256281581124
72768,"33705","FL","Saint Petersburg",2014-08-31,112204.946116469,77136.999860947,45.4619006685997
72768,"33705","FL","Saint Petersburg",2014-09-30,112952.201864628,77136.999860947,46.4306390814315
72768,"33705","FL","Saint Petersburg",2014-10-31,114129.893557855,77136.999860947,47.9573923844509
72768,"33705","FL","Saint Petersburg",2014-11-30,115420.791434975,77136.999860947,49.6309055875149
72768,"33705","FL","Saint Petersburg",2014-12-31,116723.009457879,77136.999860947,51.3190941679002
72768,"33705","FL","Saint Petersburg",2015-01-31,117322.868777527,77136.999860947,52.0967486277953
72768,"33705","FL","Saint Petersburg",2015-02-28,117724.527476463,77136.999860947,52.6174568477928
72768,"33705","FL","Saint Petersburg",2015-03-31,118073.856122866,77136.999860947,53.0703246635398
72768,"33705","FL","Saint Petersburg",2015-04-30,119453.389415795,77136.999860947,54.8587443524253
72768,"33705","FL","Saint Petersburg",2015-05-31,121564.376724378,77136.999860947,57.5954171714209
72768,"33705","FL","Saint Petersburg",2015-06-30,123729.797902447,77136.999860947,60.4026577718754
72768,"33705","FL","Saint Petersburg",2015-07-31,125793.43808208,77136.999860947,63.0779500224855
72768,"33705","FL","Saint Petersburg",2015-08-31,127788.754599008,77136.999860947,65.6646678369266
72768,"33705","FL","Saint Petersburg",2015-09-30,130129.631095651,77136.999860947,68.6993677874848
72768,"33705","FL","Saint Petersburg",2015-10-31,132873.328574068,77136.999860947,72.2562827353876
72768,"33705","FL","Saint Petersburg",2015-11-30,135433.568967893,77136.999860947,75.5753648858993
72768,"33705","FL","Saint Petersburg",2015-12-31,137761.282000861,77136.999860947,78.5929997915398
72768,"33705","FL","Saint Petersburg",2016-01-31,139061.747563888,77136.999860947,80.278916492178
72768,"33705","FL","Saint Petersburg",2016-02-29,140480.623130731,77136.999860947,82.1183392975767
72768,"33705","FL","Saint Petersburg",2016-03-31,142199.738063763,77136.999860947,84.3469908346222
72768,"33705","FL","Saint Petersburg",2016-04-30,144707.625568983,77136.999860947,87.5982029763194
72768,"33705","FL","Saint Petersburg",2016-05-31,146995.066615212,77136.999860947,90.5636294906416
72768,"33705","FL","Saint Petersburg",2016-06-30,148742.688334043,77136.999860947,92.8292370745273
72768,"33705","FL","Saint Petersburg",2016-07-31,149862.92697235,77136.999860947,94.2815085400056
72768,"33705","FL","Saint Petersburg",2016-08-31,151077.054935378,77136.999860947,95.8554976311254
72768,"33705","FL","Saint Petersburg",2016-09-30,152493.213757964,77136.999860947,97.69139846359
72768,"33705","FL","Saint Petersburg",2016-10-31,154040.193793924,77136.999860947,99.6968952274635
72768,"33705","FL","Saint Petersburg",2016-11-30,155277.308837406,77136.999860947,101.300684648509
72768,"33705","FL","Saint Petersburg",2016-12-31,156337.287911876,77136.999860947,102.674835933082
72768,"33705","FL","Saint Petersburg",2017-01-31,157022.744963127,77136.999860947,103.563458841007
72768,"33705","FL","Saint Petersburg",2017-02-28,157749.411565025,77136.999860947,104.50550559316
72768,"33705","FL","Saint Petersburg",2017-03-31,158934.704108592,77136.999860947,106.042112598493
72768,"33705","FL","Saint Petersburg",2017-04-30,161014.024543547,77136.999860947,108.737732649446
72768,"33705","FL","Saint Petersburg",2017-05-31,163288.545598998,77136.999860947,111.686409755829
72768,"33705","FL","Saint Petersburg",2017-06-30,165637.996657568,77136.999860947,114.732225723271
72768,"33705","FL","Saint Petersburg",2017-07-31,168011.203826182,77136.999860947,117.808838986546
72768,"33705","FL","Saint Petersburg",2017-08-31,170725.292815242,77136.999860947,121.327369644923
72768,"33705","FL","Saint Petersburg",2017-09-30,173081.11079231,77136.999860947,124.381439651943
72768,"33705","FL","Saint Petersburg",2017-10-31,175615.88651047,77136.999860947,127.667509531157
72768,"33705","FL","Saint Petersburg",2017-11-30,178041.301990064,77136.999860947,130.811805373575
72768,"33705","FL","Saint Petersburg",2017-12-31,180445.894317743,77136.999860947,133.929106191618
72768,"33705","FL","Saint Petersburg",2018-01-31,181121.655585506,77136.999860947,134.80515953694
72768,"33705","FL","Saint Petersburg",2018-02-28,180779.386813482,77136.999860947,134.361444105123
72768,"33705","FL","Saint Petersburg",2018-03-31,180702.170207019,77136.999860947,134.261340903544
72768,"33705","FL","Saint Petersburg",2018-04-30,181502.604689541,77136.999860947,135.299019947277
72768,"33705","FL","Saint Petersburg",2018-05-31,183002.383985938,77136.999860947,137.243325921195
72768,"33705","FL","Saint Petersburg",2018-06-30,184233.180693204,77136.999860947,138.838924284477
72768,"33705","FL","Saint Petersburg",2018-07-31,185958.753751059,77136.999860947,141.075948100499
72768,"33705","FL","Saint Petersburg",2018-08-31,188096.068295958,77136.999860947,143.846751409873
72768,"33705","FL","Saint Petersburg",2018-09-30,190159.39501255,77136.999860947,146.52163728865
72768,"33705","FL","Saint Petersburg",2018-10-31,192193.487100862,77136.999860947,149.158623549431
72768,"33705","FL","Saint Petersburg",2018-11-30,193825.41269113,77136.999860947,151.274243282128
72768,"33705","FL","Saint Petersburg",2018-12-31,195549.869205335,77136.999860947,153.509819616848
72768,"33705","FL","Saint Petersburg",2019-01-31,196823.860284884,77136.999860947,155.161414936662
72768,"33705","FL","Saint Petersburg",2019-02-28,198213.901586634,77136.999860947,156.963457152792
72768,"33705","FL","Saint Petersburg",2019-03-31,199835.463249929,77136.999860947,159.065641145193
72768,"33705","FL","Saint Petersburg",2019-04-30,201761.248868571,77136.999860947,161.56221946962
72768,"33705","FL","Saint Petersburg",2019-05-31,203394.128642348,77136.999860947,163.679076200788
72768,"33705","FL","Saint Petersburg",2019-06-30,204727.434746428,77136.999860947,165.407567205731
72768,"33705","FL","Saint Petersburg",2019-07-31,206007.747969412,77136.999860947,167.067358518969
72768,"33705","FL","Saint Petersburg",2019-08-31,207616.644235864,77136.999860947,169.153123157667
72768,"33705","FL","Saint Petersburg",2019-09-30,208980.716997558,77136.999860947,170.921499895358
72768,"33705","FL","Saint Petersburg",2019-10-31,210379.43642337,77136.999860947,172.734792385776
72768,"33705","FL","Saint Petersburg",2019-11-30,211526.377553433,77136.999860947,174.221680820808
72768,"33705","FL","Saint Petersburg",2019-12-31,212802.369146717,77136.999860947,175.875869596083
72768,"33705","FL","Saint Petersburg",2020-01-31,215292.55841033,77136.999860947,179.104137830656
72768,"33705","FL","Saint Petersburg",2020-02-29,218417.071839981,77136.999860947,183.154740570304
72768,"33705","FL","Saint Petersburg",2020-03-31,222146.192687003,77136.999860947,187.989153178709
72768,"33705","FL","Saint Petersburg",2020-04-30,224731.157018338,77136.999860947,191.340287311479
72768,"33705","FL","Saint Petersburg",2020-05-31,226081.932360804,77136.999860947,193.091425344979
72768,"33705","FL","Saint Petersburg",2020-06-30,226600.223128564,77136.999860947,193.763334764186
72768,"33705","FL","Saint Petersburg",2020-07-31,226997.986774649,77136.999860947,194.278993458202
72768,"33705","FL","Saint Petersburg",2020-08-31,228464.252936213,77136.999860947,196.179853180783
72768,"33705","FL","Saint Petersburg",2020-09-30,230739.374352819,77136.999860947,199.129308592202
72768,"33705","FL","Saint Petersburg",2020-10-31,233702.563426764,77136.999860947,202.970771287519
72768,"33705","FL","Saint Petersburg",2020-11-30,237525.784581574,77136.999860947,207.9271750389
72768,"33705","FL","Saint Petersburg",2020-12-31,241671.998357906,77136.999860947,213.302304722198
72768,"33705","FL","Saint Petersburg",2021-01-31,246651.584728889,77136.999860947,219.757814244166
72768,"33705","FL","Saint Petersburg",2021-02-28,252272.533466868,77136.999860947,227.04478255783
72768,"33705","FL","Saint Petersburg",2021-03-31,258678.50698026,77136.999860947,235.349452852164
72768,"33705","FL","Saint Petersburg",2021-04-30,264976.7082,77136.999860947,243.514407713117
72768,"33705","FL","Saint Petersburg",2021-05-31,270470.972741849,77136.999860947,250.637143302721
72768,"33705","FL","Saint Petersburg",2021-06-30,275927.507501186,77136.999860947,257.710966201166
72768,"33705","FL","Saint Petersburg",2021-07-31,281397.344376298,77136.999860947,264.802033892381
72768,"33705","FL","Saint Petersburg",2021-08-31,286692.785389226,77136.999860947,271.66701570717
72768,"33705","FL","Saint Petersburg",2021-09-30,290857.384668057,77136.999860947,277.065980258992
72768,"33705","FL","Saint Petersburg",2021-10-31,294422.239721849,77136.999860947,281.687439558962
72768,"33705","FL","Saint Petersburg",2021-11-30,298743.878354702,77136.999860947,287.289989101521
72768,"33705","FL","Saint Petersburg",2021-12-31,303967.12525155,77136.999860947,294.061378844789
72768,"33705","FL","Saint Petersburg",2022-01-31,311657.363319027,77136.999860947,304.030962937169
72768,"33705","FL","Saint Petersburg",2022-02-28,321292.277918473,77136.999860947,316.521615434433
72768,"33705","FL","Saint Petersburg",2022-03-31,332412.872517834,77136.999860947,330.938295651978
72768,"33705","FL","Saint Petersburg",2022-04-30,343661.021427191,77136.999860947,345.520336604613
72768,"33705","FL","Saint Petersburg",2022-05-31,353736.88461562,77136.999860947,358.58263252822
72768,"33705","FL","Saint Petersburg",2022-06-30,363432.735562317,77136.999860947,371.152282584841
72768,"33705","FL","Saint Petersburg",2022-07-31,369458.352249502,77136.999860947,378.963860294691
72768,"33705","FL","Saint Petersburg",2022-08-31,371871.6541853,77136.999860947,382.092452202788
72768,"33705","FL","Saint Petersburg",2022-09-30,370211.657900221,77136.999860947,379.940441769309
72768,"33705","FL","Saint Petersburg",2022-10-31,367256.055658913,77136.999860947,376.10881460383
72768,"33705","FL","Saint Petersburg",2022-11-30,363561.0524,77136.999860947,371.318631856804
72768,"33705","FL","Saint Petersburg",2022-12-31,359569.930429686,77136.999860947,366.144562373276
72768,"33705","FL","Saint Petersburg",2023-01-31,356547.162578144,77136.999860947,362.225862064746
72768,"33705","FL","Saint Petersburg",2023-02-28,354961.981831283,77136.999860947,360.170842100631
72768,"33705","FL","Saint Petersburg",2023-03-31,355142.998278699,77136.999860947,360.405510868852
72768,"33705","FL","Saint Petersburg",2023-04-30,355464.255288359,77136.999860947,360.821986762702
72768,"33705","FL","Saint Petersburg",2023-05-31,356246.786926105,77136.999860947,361.836456652841
72768,"33705","FL","Saint Petersburg",2023-06-30,357457.762190401,77136.999860947,363.406358601944
72768,"33705","FL","Saint Petersburg",2023-07-31,358707.687599343,77136.999860947,365.026755313244
72768,"33705","FL","Saint Petersburg",2023-08-31,360219.225206526,77136.999860947,366.986304699281
72768,"33705","FL","Saint Petersburg",2023-09-30,360884.822987877,77136.999860947,367.849182154395
72768,"33705","FL","Saint Petersburg",2023-10-31,361688.070890437,77136.999860947,368.890508501034
72768,"33705","FL","Saint Petersburg",2023-11-30,361953.8207,77136.999860947,369.23502515328
72768,"33705","FL","Saint Petersburg",2023-12-31,362568.233485771,77136.999860947,370.03154664994
72768,"33705","FL","Saint Petersburg",2024-01-31,363316.686526843,77136.999860947,371.001837226993
72768,"33705","FL","Saint Petersburg",2024-02-29,364810.69199781,77136.999860947,372.938658044058
72768,"33705","FL","Saint Petersburg",2024-03-31,366389.453870083,77136.999860947,374.985356612993
72768,"33705","FL","Saint Petersburg",2024-04-30,367343.583976564,77136.999860947,376.222285853436
72768,"33705","FL","Saint Petersburg",2024-05-31,366913.722868877,77136.999860947,375.6650161794
72768,"33705","FL","Saint Petersburg",2024-06-30,365440.980802245,77136.999860947,373.755761127625
72768,"33705","FL","Saint Petersburg",2024-07-31,363517.13414952,77136.999860947,371.261696468392
72768,"33705","FL","Saint Petersburg",2024-08-31,362104.1097,77136.999860947,369.429859020647
72768,"33705","FL","Saint Petersburg",2024-09-30,361147.756887363,77136.999860947,368.190048275659
72768,"33705","FL","Saint Petersburg",2024-10-31,360273.335706697,77136.999860947,367.056453266465
72768,"33705","FL","Saint Petersburg",2024-11-30,358085.154197703,77136.999860947,364.219706292978
72768,"33705","FL","Saint Petersburg",2024-12-31,355061.765408334,77136.999860947,360.300201003922
72768,"33705","FL","Saint Petersburg",2025-01-31,351758.289608393,77136.999860947,356.01759239081
72768,"33705","FL","Saint Petersburg",2025-02-28,349051.370620092,77136.999860947,352.50835688362
72768,"33705","FL","Saint Petersburg",2025-03-31,346245.505883572,77136.999860947,348.870848630023
72768,"33705","FL","Saint Petersburg",2025-04-30,343003.022474238,77136.999860947,344.667310230579
72768,"33705","FL","Saint Petersburg",2025-05-31,339794.924465509,77136.999860947,340.50834888322
72768,"33705","FL","Saint Petersburg",2025-06-30,336741.246086923,77136.999860947,336.549576330371
72768,"33705","FL","Saint Petersburg",2025-07-31,333385.268084517,77136.999860947,332.198904138743
72768,"33705","FL","Saint Petersburg",2025-08-31,329383.322401844,77136.999860947,327.01080285157
72768,"33705","FL","Saint Petersburg",2025-09-30,325636.560301907,77136.999860947,322.153520215881
77015,"44115","OH","Cleveland",2000-01-31,91081.637467821,91081.637467821,0
77015,"44115","OH","Cleveland",2000-02-29,91693.7864078298,91081.637467821,0.672088202438251
77015,"44115","OH","Cleveland",2000-03-31,92642.3581120852,91081.637467821,1.71354038822108
77015,"44115","OH","Cleveland",2000-04-30,94539.5730915517,91081.637467821,3.79652333869426
77015,"44115","OH","Cleveland",2000-05-31,97134.9074889594,91081.637467821,6.64598286704831
77015,"44115","OH","Cleveland",2000-06-30,98940.86212,91081.637467821,8.62876960787586
77015,"44115","OH","Cleveland",2000-07-31,100807.500645505,91081.637467821,10.6781821759847
77015,"44115","OH","Cleveland",2000-08-31,102691.256449461,91081.637467821,12.7463880804091
77015,"44115","OH","Cleveland",2000-09-30,105561.882396502,91081.637467821,15.8980946448149
77015,"44115","OH","Cleveland",2000-10-31,107826.280975165,91081.637467821,18.3842143958594
77015,"44115","OH","Cleveland",2000-11-30,108067.790960139,91081.637467821,18.6493721067754
77015,"44115","OH","Cleveland",2000-12-31,106554.532484859,91081.637467821,16.9879412000086
77015,"44115","OH","Cleveland",2001-01-31,104719.146940581,91081.637467821,14.9728417844685
77015,"44115","OH","Cleveland",2001-02-28,104712.193095335,91081.637467821,14.9652070455249
77015,"44115","OH","Cleveland",2001-03-31,105497.774017234,91081.637467821,15.8277090203896
77015,"44115","OH","Cleveland",2001-04-30,106263.447403412,91081.637467821,16.6683541904425
77015,"44115","OH","Cleveland",2001-05-31,106045.912923436,91081.637467821,16.4295195734722
77015,"44115","OH","Cleveland",2001-06-30,106061.124581145,91081.637467821,16.446220698015
77015,"44115","OH","Cleveland",2001-07-31,105927.746544338,91081.637467821,16.2997827984395
77015,"44115","OH","Cleveland",2001-08-31,105619.919728164,91081.637467821,15.9618147680753
77015,"44115","OH","Cleveland",2001-09-30,105571.631411047,91081.637467821,15.9087982452501
77015,"44115","OH","Cleveland",2001-10-31,106314.477957684,91081.637467821,16.7243814597035
77015,"44115","OH","Cleveland",2001-11-30,107156.887416611,91081.637467821,17.6492764026882
77015,"44115","OH","Cleveland",2001-12-31,107664.848802543,91081.637467821,18.2069754077275
77015,"44115","OH","Cleveland",2002-01-31,108014.858518819,91081.637467821,18.5912567250232
77015,"44115","OH","Cleveland",2002-02-28,108483.590120816,91081.637467821,19.1058847170405
77015,"44115","OH","Cleveland",2002-03-31,107761.800524862,91081.637467821,18.3134202686403
77015,"44115","OH","Cleveland",2002-04-30,106449.838146109,91081.637467821,16.872995595537
77015,"44115","OH","Cleveland",2002-05-31,106164.929929036,91081.637467821,16.5601902650727
77015,"44115","OH","Cleveland",2002-06-30,108014.121798634,91081.637467821,18.5904478680407
77015,"44115","OH","Cleveland",2002-07-31,111320.167178697,91081.637467821,22.2202084564255
77015,"44115","OH","Cleveland",2002-08-31,113970.925481041,91081.637467821,25.1305187846523
77015,"44115","OH","Cleveland",2002-09-30,115295.234860879,91081.637467821,26.5844994295508
77015,"44115","OH","Cleveland",2002-10-31,116055.598749109,91081.637467821,27.4193152161006
77015,"44115","OH","Cleveland",2002-11-30,115510.292087543,91081.637467821,26.8206142301215
77015,"44115","OH","Cleveland",2002-12-31,113477.392895161,91081.637467821,24.5886613920974
77015,"44115","OH","Cleveland",2003-01-31,110656.294234732,91081.637467821,21.4913316351239
77015,"44115","OH","Cleveland",2003-02-28,108780.448772681,91081.637467821,19.4318106227646
77015,"44115","OH","Cleveland",2003-03-31,110228.157816231,91081.637467821,21.0212737503475
77015,"44115","OH","Cleveland",2003-04-30,112663.917604895,91081.637467821,23.6955337399358
77015,"44115","OH","Cleveland",2003-05-31,116023.134549968,91081.637467821,27.3836722478323
77015,"44115","OH","Cleveland",2003-06-30,118620.485487378,91081.637467821,30.2353457680053
77015,"44115","OH","Cleveland",2003-07-31,120839.981501922,91081.637467821,32.6721662690952
77015,"44115","OH","Cleveland",2003-08-31,122896.292910575,91081.637467821,34.9298237572795
77015,"44115","OH","Cleveland",2003-09-30,123676.583580218,91081.637467821,35.7865174787977
77015,"44115","OH","Cleveland",2003-10-31,123940.20538091,91081.637467821,36.0759521091146
77015,"44115","OH","Cleveland",2003-11-30,125136.778074151,91081.637467821,37.3896885838946
77015,"44115","OH","Cleveland",2003-12-31,128325.341581332,91081.637467821,40.8904639276706
77015,"44115","OH","Cleveland",2004-01-31,131625.255817786,91081.637467821,44.5134930345194
77015,"44115","OH","Cleveland",2004-02-29,134135.036368975,91081.637467821,47.2690216141146
77015,"44115","OH","Cleveland",2004-03-31,135475.258178685,91081.637467821,48.740472772625
77015,"44115","OH","Cleveland",2004-04-30,136043.5069555,91081.637467821,49.3643622772631
77015,"44115","OH","Cleveland",2004-05-31,135101.262756474,91081.637467821,48.3298571616099
77015,"44115","OH","Cleveland",2004-06-30,134953.085522164,91081.637467821,48.1671709842095
77015,"44115","OH","Cleveland",2004-07-31,134782.779618355,91081.637467821,47.9801893833688
77015,"44115","OH","Cleveland",2004-08-31,136359.172441709,91081.637467821,49.71093650999
77015,"44115","OH","Cleveland",2004-09-30,137472.270171304,91081.637467821,50.9330244747436
77015,"44115","OH","Cleveland",2004-10-31,140022.446896666,91081.637467821,53.7329046660321
77015,"44115","OH","Cleveland",2004-11-30,142172.719044458,91081.637467821,56.0937231664142
77015,"44115","OH","Cleveland",2004-12-31,144290.890152046,91081.637467821,58.419297416588
77015,"44115","OH","Cleveland",2005-01-31,146177.094534704,91081.637467821,60.4901916550938
77015,"44115","OH","Cleveland",2005-02-28,146305.271726112,91081.637467821,60.6309194625548
77015,"44115","OH","Cleveland",2005-03-31,147008.231618168,91081.637467821,61.4027104751011
77015,"44115","OH","Cleveland",2005-04-30,146408.427684011,91081.637467821,60.7441760538585
77015,"44115","OH","Cleveland",2005-05-31,148870.268669167,91081.637467821,63.4470710100739
77015,"44115","OH","Cleveland",2005-06-30,149850.163754998,91081.637467821,64.5229136421044
77015,"44115","OH","Cleveland",2005-07-31,151284.211610462,91081.637467821,66.0973779307715
77015,"44115","OH","Cleveland",2005-08-31,149948.111057076,91081.637467821,64.6304515661042
77015,"44115","OH","Cleveland",2005-09-30,148276.456651881,91081.637467821,62.795115211084
77015,"44115","OH","Cleveland",2005-10-31,146565.991158258,91081.637467821,60.9171675355959
77015,"44115","OH","Cleveland",2005-11-30,144470.330229114,91081.637467821,58.6163075736925
77015,"44115","OH","Cleveland",2005-12-31,142323.736103639,91081.637467821,56.2595272333814
77015,"44115","OH","Cleveland",2006-01-31,141320.147036522,91081.637467821,55.1576705968314
77015,"44115","OH","Cleveland",2006-02-28,141904.033259655,91081.637467821,55.7987287061996
77015,"44115","OH","Cleveland",2006-03-31,144555.967464061,91081.637467821,58.7103300762816
77015,"44115","OH","Cleveland",2006-04-30,147240.86549714,91081.637467821,61.6581229659602
77015,"44115","OH","Cleveland",2006-05-31,149067.307776679,91081.637467821,63.6634034267825
77015,"44115","OH","Cleveland",2006-06-30,149736.629532931,91081.637467821,64.3982625870477
77015,"44115","OH","Cleveland",2006-07-31,149205.259556647,91081.637467821,63.8148629128033
77015,"44115","OH","Cleveland",2006-08-31,148739.70503309,91081.637467821,63.3037230864882
77015,"44115","OH","Cleveland",2006-09-30,149297.557114648,91081.637467821,63.9161978915835
77015,"44115","OH","Cleveland",2006-10-31,150255.464253851,91081.637467821,64.967899602086
77015,"44115","OH","Cleveland",2006-11-30,151246.047930869,91081.637467821,66.0554774109153
77015,"44115","OH","Cleveland",2006-12-31,150477.369398914,91081.637467821,65.2115328428059
77015,"44115","OH","Cleveland",2007-01-31,149355.944086748,91081.637467821,63.9803018907245
77015,"44115","OH","Cleveland",2007-02-28,149105.23899355,91081.637467821,63.7050487220639
77015,"44115","OH","Cleveland",2007-03-31,148973.17966732,91081.637467821,63.5600586561176
77015,"44115","OH","Cleveland",2007-04-30,146663.201214019,91081.637467821,61.023896024964
77015,"44115","OH","Cleveland",2007-05-31,142639.018914757,91081.637467821,56.6056813209477
77015,"44115","OH","Cleveland",2007-06-30,138347.130343809,91081.637467821,51.8935475799793
77015,"44115","OH","Cleveland",2007-07-31,136797.095585523,91081.637467821,50.1917393984634
77015,"44115","OH","Cleveland",2007-08-31,136023.359600307,91081.637467821,49.3422421707821
77015,"44115","OH","Cleveland",2007-09-30,136739.762888677,91081.637467821,50.1287929051415
77015,"44115","OH","Cleveland",2007-10-31,137322.559873142,91081.637467821,50.7686551217943
77015,"44115","OH","Cleveland",2007-11-30,138278.624523238,91081.637467821,51.8183339337653
77015,"44115","OH","Cleveland",2007-12-31,138482.857463766,91081.637467821,52.0425645758641
77015,"44115","OH","Cleveland",2008-01-31,138244.421847673,91081.637467821,51.7807822641691
77015,"44115","OH","Cleveland",2008-02-29,138029.499097663,91081.637467821,51.544815107687
77015,"44115","OH","Cleveland",2008-03-31,137628.422959316,91081.637467821,51.1044671412942
77015,"44115","OH","Cleveland",2008-04-30,137101.009965284,91081.637467821,50.5254119017366
77015,"44115","OH","Cleveland",2008-05-31,135937.033277143,91081.637467821,49.2474631071152
77015,"44115","OH","Cleveland",2008-06-30,134944.478620485,91081.637467821,48.1577213279253
77015,"44115","OH","Cleveland",2008-07-31,134925.944274741,91081.637467821,48.1373721705545
77015,"44115","OH","Cleveland",2008-08-31,134586.423869439,91081.637467821,47.7646072370934
77015,"44115","OH","Cleveland",2008-09-30,133242.481700328,91081.637467821,46.2890714359441
77015,"44115","OH","Cleveland",2008-10-31,132254.192135235,91081.637467821,45.2040123696284
77015,"44115","OH","Cleveland",2008-11-30,133012.860410231,91081.637467821,46.0369665150391
77015,"44115","OH","Cleveland",2008-12-31,135336.592679021,91081.637467821,48.5882296822285
77015,"44115","OH","Cleveland",2009-01-31,137313.497452229,91081.637467821,50.7587053435895
77015,"44115","OH","Cleveland",2009-02-28,137960.150804048,91081.637467821,51.4686764967183
77015,"44115","OH","Cleveland",2009-03-31,137291.192714326,91081.637467821,50.7342166118067
77015,"44115","OH","Cleveland",2009-04-30,136254.96063136,91081.637467821,49.5965206812393
77015,"44115","OH","Cleveland",2009-05-31,135467.646905363,91081.637467821,48.7321162327851
77015,"44115","OH","Cleveland",2009-06-30,135051.310657013,91081.637467821,48.2750139452937
77015,"44115","OH","Cleveland",2009-07-31,134474.254659077,91081.637467821,47.6414548504205
77015,"44115","OH","Cleveland",2009-08-31,133931.817093757,91081.637467821,47.045903891523
77015,"44115","OH","Cleveland",2009-09-30,133804.733120436,91081.637467821,46.906376345846
77015,"44115","OH","Cleveland",2009-10-31,133572.908913304,91081.637467821,46.6518528067695
77015,"44115","OH","Cleveland",2009-11-30,133350.167642936,91081.637467821,46.4073015705813
77015,"44115","OH","Cleveland",2009-12-31,132792.500257444,91081.637467821,45.795029546279
77015,"44115","OH","Cleveland",2010-01-31,132466.079894282,91081.637467821,45.4366473605421
77015,"44115","OH","Cleveland",2010-02-28,132540.665290528,91081.637467821,45.5185358710248
77015,"44115","OH","Cleveland",2010-03-31,132229.381853431,91081.637467821,45.1767727607527
77015,"44115","OH","Cleveland",2010-04-30,131637.210682205,91081.637467821,44.5266184731388
77015,"44115","OH","Cleveland",2010-05-31,129494.386365125,91081.637467821,42.1739770663163
77015,"44115","OH","Cleveland",2010-06-30,127339.047674742,91081.637467821,39.8075959270392
77015,"44115","OH","Cleveland",2010-07-31,125096.633347422,91081.637467821,37.3456130404099
77015,"44115","OH","Cleveland",2010-08-31,123565.163825908,91081.637467821,35.6641879320224
77015,"44115","OH","Cleveland",2010-09-30,122852.219273363,91081.637467821,34.8814345995549
77015,"44115","OH","Cleveland",2010-10-31,121354.055788556,91081.637467821,33.236576726489
77015,"44115","OH","Cleveland",2010-11-30,120674.344997636,91081.637467821,32.4903112773633
77015,"44115","OH","Cleveland",2010-12-31,118817.996774912,91081.637467821,30.4521965987828
77015,"44115","OH","Cleveland",2011-01-31,117607.215560504,91081.637467821,29.1228603592627
77015,"44115","OH","Cleveland",2011-02-28,115693.242332745,91081.637467821,27.02147825748
77015,"44115","OH","Cleveland",2011-03-31,115355.346917524,91081.637467821,26.6504974268595
77015,"44115","OH","Cleveland",2011-04-30,115634.0485,91081.637467821,26.9564883930126
77015,"44115","OH","Cleveland",2011-05-31,115092.175335374,91081.637467821,26.361557098747
77015,"44115","OH","Cleveland",2011-06-30,113066.027304347,91081.637467821,24.1370164697506
77015,"44115","OH","Cleveland",2011-07-31,111201.925165415,91081.637467821,22.0903886414013
77015,"44115","OH","Cleveland",2011-08-31,109777.051744121,91081.637467821,20.5259971121016
77015,"44115","OH","Cleveland",2011-09-30,109277.092100704,91081.637467821,19.9770833493322
77015,"44115","OH","Cleveland",2011-10-31,108752.400076216,91081.637467821,19.4010155061586
77015,"44115","OH","Cleveland",2011-11-30,108871.930395827,91081.637467821,19.5322497734968
77015,"44115","OH","Cleveland",2011-12-31,107868.28877252,91081.637467821,18.4303354346585
77015,"44115","OH","Cleveland",2012-01-31,105776.672292199,91081.637467821,16.1339159384021
77015,"44115","OH","Cleveland",2012-02-29,103155.870966124,91081.637467821,13.2564958579816
77015,"44115","OH","Cleveland",2012-03-31,100354.32346183,91081.637467821,10.1806316309206
77015,"44115","OH","Cleveland",2012-04-30,97876.677121811,91081.637467821,7.46038372047353
77015,"44115","OH","Cleveland",2012-05-31,96076.659453241,91081.637467821,5.48411526657579
77015,"44115","OH","Cleveland",2012-06-30,95217.4707159777,91081.637467821,4.54079808305801
77015,"44115","OH","Cleveland",2012-07-31,95063.51814251,91081.637467821,4.37177106757203
77015,"44115","OH","Cleveland",2012-08-31,94976.7004992644,91081.637467821,4.27645257565726
77015,"44115","OH","Cleveland",2012-09-30,94911.8229101039,91081.637467821,4.20522242327503
77015,"44115","OH","Cleveland",2012-10-31,94683.940472239,91081.637467821,3.95502661630412
77015,"44115","OH","Cleveland",2012-11-30,94353.1624633756,91081.637467821,3.59186010101155
77015,"44115","OH","Cleveland",2012-12-31,94672.914851937,91081.637467821,3.94292140980091
77015,"44115","OH","Cleveland",2013-01-31,95397.3402661927,91081.637467821,4.73827976566233
77015,"44115","OH","Cleveland",2013-02-28,96261.9396413381,91081.637467821,5.6875373758484
77015,"44115","OH","Cleveland",2013-03-31,96597.9460084896,91081.637467821,6.05644419010087
77015,"44115","OH","Cleveland",2013-04-30,96194.9754508448,91081.637467821,5.61401631018144
77015,"44115","OH","Cleveland",2013-05-31,94654.0651903172,91081.637467821,3.92222606204054
77015,"44115","OH","Cleveland",2013-06-30,93108.4438345797,91081.637467821,2.22526342642313
77015,"44115","OH","Cleveland",2013-07-31,91541.0108593806,91081.637467821,0.504353461719366
77015,"44115","OH","Cleveland",2013-08-31,91316.9226064842,91081.637467821,0.258323351670473
77015,"44115","OH","Cleveland",2013-09-30,91840.5852497399,91081.637467821,0.833261020572902
77015,"44115","OH","Cleveland",2013-10-31,93835.2284658287,91081.637467821,3.02321200470356
77015,"44115","OH","Cleveland",2013-11-30,95853.847429744,91081.637467821,5.2394863493852
77015,"44115","OH","Cleveland",2013-12-31,97822.3079145405,91081.637467821,7.40069089019287
77015,"44115","OH","Cleveland",2014-01-31,98012.6085098893,91081.637467821,7.6096249856257
77015,"44115","OH","Cleveland",2014-02-28,97518.8709119367,91081.637467821,7.06754250700641
77015,"44115","OH","Cleveland",2014-03-31,95767.332587511,91081.637467821,5.14450030758999
77015,"44115","OH","Cleveland",2014-04-30,94857.3512528995,91081.637467821,4.14541711155822
77015,"44115","OH","Cleveland",2014-05-31,94731.3325220856,91081.637467821,4.00705911282508
77015,"44115","OH","Cleveland",2014-06-30,95156.9523789479,91081.637467821,4.47435402395653
77015,"44115","OH","Cleveland",2014-07-31,95979.1494553621,91081.637467821,5.37705746591502
77015,"44115","OH","Cleveland",2014-08-31,97144.9704957209,91081.637467821,6.657031204607
77015,"44115","OH","Cleveland",2014-09-30,98707.2075587114,91081.637467821,8.37223649342552
77015,"44115","OH","Cleveland",2014-10-31,99986.2062410907,91081.637467821,9.77646979218584
77015,"44115","OH","Cleveland",2014-11-30,100724.886679472,91081.637467821,10.5874789691363
77015,"44115","OH","Cleveland",2014-12-31,101742.958201408,91081.637467821,11.7052361266051
77015,"44115","OH","Cleveland",2015-01-31,102992.790755889,91081.637467821,13.0774474627516
77015,"44115","OH","Cleveland",2015-02-28,103942.929968354,91081.637467821,14.1206206410998
77015,"44115","OH","Cleveland",2015-03-31,103539.175860924,91081.637467821,13.6773324892239
77015,"44115","OH","Cleveland",2015-04-30,103124.459921502,91081.637467821,13.2220091650587
77015,"44115","OH","Cleveland",2015-05-31,104030.339263426,91081.637467821,14.2165887171057
77015,"44115","OH","Cleveland",2015-06-30,106329.081291515,91081.637467821,16.7404146956411
77015,"44115","OH","Cleveland",2015-07-31,108180.548984058,91081.637467821,18.773170961356
77015,"44115","OH","Cleveland",2015-08-31,109680.127598612,91081.637467821,20.4195825282145
77015,"44115","OH","Cleveland",2015-09-30,110925.021733428,91081.637467821,21.7863718936955
77015,"44115","OH","Cleveland",2015-10-31,112461.751324679,91081.637467821,23.4735721175539
77015,"44115","OH","Cleveland",2015-11-30,113306.73889417,91081.637467821,24.4012976097412
77015,"44115","OH","Cleveland",2015-12-31,114045.405640637,91081.637467821,25.2122917541193
77015,"44115","OH","Cleveland",2016-01-31,113167.081104537,91081.637467821,24.2479650681716
77015,"44115","OH","Cleveland",2016-02-29,112652.466538085,91081.637467821,23.6829614288447
77015,"44115","OH","Cleveland",2016-03-31,113110.738487992,91081.637467821,24.1861055999944
77015,"44115","OH","Cleveland",2016-04-30,116410.810149835,91081.637467821,27.8093075467193
77015,"44115","OH","Cleveland",2016-05-31,120338.155397716,91081.637467821,32.1212032888975
77015,"44115","OH","Cleveland",2016-06-30,123691.028510287,91081.637467821,35.8023768006877
77015,"44115","OH","Cleveland",2016-07-31,125506.935655786,91081.637467821,37.7960905677915
77015,"44115","OH","Cleveland",2016-08-31,126270.324928867,91081.637467821,38.6342279732053
77015,"44115","OH","Cleveland",2016-09-30,126456.274790724,91081.637467821,38.8383853281088
77015,"44115","OH","Cleveland",2016-10-31,126326.73137009,91081.637467821,38.6961575155269
77015,"44115","OH","Cleveland",2016-11-30,125787.993719422,91081.637467821,38.1046687526482
77015,"44115","OH","Cleveland",2016-12-31,125088.035254804,91081.637467821,37.3361730557356
77015,"44115","OH","Cleveland",2017-01-31,124888.322954365,91081.637467821,37.1169056973621
77015,"44115","OH","Cleveland",2017-02-28,125295.729256533,91081.637467821,37.5642036527939
77015,"44115","OH","Cleveland",2017-03-31,124637.507256963,91081.637467821,36.8415310945608
77015,"44115","OH","Cleveland",2017-04-30,124143.72629692,91081.637467821,36.2994010080023
77015,"44115","OH","Cleveland",2017-05-31,124244.529754017,91081.637467821,36.4100747507013
77015,"44115","OH","Cleveland",2017-06-30,125155.413011658,91081.637467821,37.410148182585
77015,"44115","OH","Cleveland",2017-07-31,125417.90943787,91081.637467821,37.6983472460957
77015,"44115","OH","Cleveland",2017-08-31,125207.789878266,91081.637467821,37.4676535898923
77015,"44115","OH","Cleveland",2017-09-30,125741.740164344,91081.637467821,38.053886227911
77015,"44115","OH","Cleveland",2017-10-31,126804.438103526,91081.637467821,39.2206394492263
77015,"44115","OH","Cleveland",2017-11-30,127447.730774365,91081.637467821,39.9269208564598
77015,"44115","OH","Cleveland",2017-12-31,128516.763411208,91081.637467821,41.1006290445893
77015,"44115","OH","Cleveland",2018-01-31,130384.300645816,91081.637467821,43.15102831993
77015,"44115","OH","Cleveland",2018-02-28,132917.667062235,91081.637467821,45.9324522016794
77015,"44115","OH","Cleveland",2018-03-31,135318.269179152,91081.637467821,48.5681120159477
77015,"44115","OH","Cleveland",2018-04-30,137024.303486475,91081.637467821,50.4411946204694
77015,"44115","OH","Cleveland",2018-05-31,137729.811431954,91081.637467821,51.215783181998
77015,"44115","OH","Cleveland",2018-06-30,137161.046099422,91081.637467821,50.5913265424999
77015,"44115","OH","Cleveland",2018-07-31,136109.655069147,91081.637467821,49.4369873589884
77015,"44115","OH","Cleveland",2018-08-31,135805.320686421,91081.637467821,49.1028537276796
77015,"44115","OH","Cleveland",2018-09-30,136292.284325065,91081.637467821,49.6374989670301
77015,"44115","OH","Cleveland",2018-10-31,136665.9168,91081.637467821,50.0477160923725
77015,"44115","OH","Cleveland",2018-11-30,136775.782229693,91081.637467821,50.1683391210609
77015,"44115","OH","Cleveland",2018-12-31,137624.881853699,91081.637467821,51.1005793042773
77015,"44115","OH","Cleveland",2019-01-31,139137.612724659,91081.637467821,52.7614309457445
77015,"44115","OH","Cleveland",2019-02-28,140873.404725881,91081.637467821,54.6671850027411
77015,"44115","OH","Cleveland",2019-03-31,141401.394628355,91081.637467821,55.2468736393895
77015,"44115","OH","Cleveland",2019-04-30,140773.261708663,91081.637467821,54.5572363676464
77015,"44115","OH","Cleveland",2019-05-31,139897.775320905,91081.637467821,53.5960257305773
77015,"44115","OH","Cleveland",2019-06-30,139186.239717383,91081.637467821,52.8148193059853
77015,"44115","OH","Cleveland",2019-07-31,138648.848825666,91081.637467821,52.224809171498
77015,"44115","OH","Cleveland",2019-08-31,138106.401566856,91081.637467821,51.6292475699605
77015,"44115","OH","Cleveland",2019-09-30,137558.257026423,91081.637467821,51.0274308309645
77015,"44115","OH","Cleveland",2019-10-31,137342.188621004,91081.637467821,50.7902058409156
77015,"44115","OH","Cleveland",2019-11-30,137154.272206667,91081.637467821,50.5838893763012
77015,"44115","OH","Cleveland",2019-12-31,137710.138029945,91081.637467821,51.1941834363684
77015,"44115","OH","Cleveland",2020-01-31,138104.89235835,91081.637467821,51.6275905855797
77015,"44115","OH","Cleveland",2020-02-29,137630.261098321,91081.637467821,51.1064852637785
77015,"44115","OH","Cleveland",2020-03-31,136753.903535399,91081.637467821,50.1443181494334
77015,"44115","OH","Cleveland",2020-04-30,136599.492459172,91081.637467821,49.9747877363674
77015,"44115","OH","Cleveland",2020-05-31,137179.011420592,91081.637467821,50.6110509586047
77015,"44115","OH","Cleveland",2020-06-30,136987.962082932,91081.637467821,50.4012948069026
77015,"44115","OH","Cleveland",2020-07-31,136646.325014993,91081.637467821,50.0262059553657
77015,"44115","OH","Cleveland",2020-08-31,137210.860726818,91081.637467821,50.6460188260171
77015,"44115","OH","Cleveland",2020-09-30,139525.305114285,91081.637467821,53.1870846783794
77015,"44115","OH","Cleveland",2020-10-31,142129.545539429,91081.637467821,56.0463222783441
77015,"44115","OH","Cleveland",2020-11-30,144628.882351219,91081.637467821,58.790384507872
77015,"44115","OH","Cleveland",2020-12-31,146491.886916709,91081.637467821,60.8358072926218
77015,"44115","OH","Cleveland",2021-01-31,148632.214887305,91081.637467821,63.1857079203438
77015,"44115","OH","Cleveland",2021-02-28,150872.157139177,91081.637467821,65.644976675436
77015,"44115","OH","Cleveland",2021-03-31,152937.906684626,91081.637467821,67.9129964463568
77015,"44115","OH","Cleveland",2021-04-30,154432.679234276,91081.637467821,69.5541313569784
77015,"44115","OH","Cleveland",2021-05-31,155441.680822218,91081.637467821,70.6619304875097
77015,"44115","OH","Cleveland",2021-06-30,156296.406629507,91081.637467821,71.6003477481687
77015,"44115","OH","Cleveland",2021-07-31,156016.919626843,91081.637467821,71.2934944565132
77015,"44115","OH","Cleveland",2021-08-31,154086.117702846,91081.637467821,69.1736358574849
77015,"44115","OH","Cleveland",2021-09-30,151529.765007569,91081.637467821,66.3669749691356
77015,"44115","OH","Cleveland",2021-10-31,150019.513353844,91081.637467821,64.70884530029
77015,"44115","OH","Cleveland",2021-11-30,149366.952636573,91081.637467821,63.992388355275
77015,"44115","OH","Cleveland",2021-12-31,149552.841222597,91081.637467821,64.196478434453
77015,"44115","OH","Cleveland",2022-01-31,151019.731809809,91081.637467821,65.8070012884479
77015,"44115","OH","Cleveland",2022-02-28,154339.472864698,91081.637467821,69.4517985792977
77015,"44115","OH","Cleveland",2022-03-31,158412.431408033,91081.637467821,73.9235655090195
77015,"44115","OH","Cleveland",2022-04-30,161594.777882693,91081.637467821,77.4175150724361
77015,"44115","OH","Cleveland",2022-05-31,164165.279559179,91081.637467821,80.2397103556445
77015,"44115","OH","Cleveland",2022-06-30,166379.005179129,91081.637467821,82.6701954473644
77015,"44115","OH","Cleveland",2022-07-31,167384.755507917,91081.637467821,83.7744249679895
77015,"44115","OH","Cleveland",2022-08-31,167807.171179397,91081.637467821,84.238201952268
77015,"44115","OH","Cleveland",2022-09-30,166880.1111,91081.637467821,83.2203677266546
77015,"44115","OH","Cleveland",2022-10-31,166229.138090286,91081.637467821,82.5056539513958
77015,"44115","OH","Cleveland",2022-11-30,164874.051439754,91081.637467821,81.0178824442013
77015,"44115","OH","Cleveland",2022-12-31,163115.248137759,91081.637467821,79.0868639086419
77015,"44115","OH","Cleveland",2023-01-31,159561.944824199,91081.637467821,75.1856348438746
77015,"44115","OH","Cleveland",2023-02-28,155965.612076172,91081.637467821,71.2371630684332
77015,"44115","OH","Cleveland",2023-03-31,152478.682329283,91081.637467821,67.4088066139052
77015,"44115","OH","Cleveland",2023-04-30,150617.038624618,91081.637467821,65.3648779402228
77015,"44115","OH","Cleveland",2023-05-31,149250.016246054,91081.637467821,63.864002004558
77015,"44115","OH","Cleveland",2023-06-30,149087.088358101,91081.637467821,63.6851208464198
77015,"44115","OH","Cleveland",2023-07-31,150497.5245,91081.637467821,65.2336614536278
77015,"44115","OH","Cleveland",2023-08-31,152609.410000209,91081.637467821,67.5523346339986
77015,"44115","OH","Cleveland",2023-09-30,154396.27563331,91081.637467821,69.5141632558572
77015,"44115","OH","Cleveland",2023-10-31,155380.832426256,91081.637467821,70.5951240513779
77015,"44115","OH","Cleveland",2023-11-30,156248.450280767,91081.637467821,71.5476956987836
77015,"44115","OH","Cleveland",2023-12-31,157439.581163285,91081.637467821,72.8554575217294
77015,"44115","OH","Cleveland",2024-01-31,158642.63031996,91081.637467821,74.1763046102545
77015,"44115","OH","Cleveland",2024-02-29,159626.416295419,91081.637467821,75.256419112815
77015,"44115","OH","Cleveland",2024-03-31,160039.795745604,91081.637467821,75.7102750838729
77015,"44115","OH","Cleveland",2024-04-30,160505.523868008,91081.637467821,76.2216055071631
77015,"44115","OH","Cleveland",2024-05-31,161462.761252997,91081.637467821,77.272571883703
77015,"44115","OH","Cleveland",2024-06-30,163283.859515712,91081.637467821,79.2719850621918
77015,"44115","OH","Cleveland",2024-07-31,165021.161946349,91081.637467821,81.1793974440241
77015,"44115","OH","Cleveland",2024-08-31,165786.08963281,91081.637467821,82.0192238983206
77015,"44115","OH","Cleveland",2024-09-30,165751.12740014,91081.637467821,81.9808382987176
77015,"44115","OH","Cleveland",2024-10-31,164918.052178965,91081.637467821,81.0661915660337
77015,"44115","OH","Cleveland",2024-11-30,163923.567128326,91081.637467821,79.9743303761311
77015,"44115","OH","Cleveland",2024-12-31,163934.306893148,91081.637467821,79.9861217372883
77015,"44115","OH","Cleveland",2025-01-31,164978.898833373,91081.637467821,81.1329960900846
77015,"44115","OH","Cleveland",2025-02-28,166223.987727682,91081.637467821,82.4999992851561
77015,"44115","OH","Cleveland",2025-03-31,166947.066010611,91081.637467821,83.2938786037886
77015,"44115","OH","Cleveland",2025-04-30,166948.93016948,91081.637467821,83.2959252939026
77015,"44115","OH","Cleveland",2025-05-31,166915.431957415,91081.637467821,83.2591470661534
77015,"44115","OH","Cleveland",2025-06-30,165899.725362069,91081.637467821,82.1439863997628
77015,"44115","OH","Cleveland",2025-07-31,165331.560819801,91081.637467821,81.5201893775924
77015,"44115","OH","Cleveland",2025-08-31,164436.860870526,91081.637467821,80.5378838611916
77015,"44115","OH","Cleveland",2025-09-30,164416.19146226,91081.637467821,80.5151905842138
77493,"45202","OH","Cincinnati",2000-01-31,156231.91232496,156231.91232496,0
77493,"45202","OH","Cincinnati",2000-02-29,155743.974679086,156231.91232496,-0.312316247438531
77493,"45202","OH","Cincinnati",2000-03-31,155462.542796353,156231.91232496,-0.492453505277868
77493,"45202","OH","Cincinnati",2000-04-30,155906.383940565,156231.91232496,-0.208362286264534
77493,"45202","OH","Cincinnati",2000-05-31,157492.055374072,156231.91232496,0.806584922605582
77493,"45202","OH","Cincinnati",2000-06-30,159266.149834948,156231.91232496,1.94213683032742
77493,"45202","OH","Cincinnati",2000-07-31,160599.955757034,156231.91232496,2.79587144973825
77493,"45202","OH","Cincinnati",2000-08-31,161596.272488526,156231.91232496,3.43358798067342
77493,"45202","OH","Cincinnati",2000-09-30,163500.210664248,156231.91232496,4.65224948675619
77493,"45202","OH","Cincinnati",2000-10-31,166157.541310949,156231.91232496,6.35313799740453
77493,"45202","OH","Cincinnati",2000-11-30,168205.811,156231.91232496,7.66418236636191
77493,"45202","OH","Cincinnati",2000-12-31,168433.148132792,156231.91232496,7.8096949760517
77493,"45202","OH","Cincinnati",2001-01-31,167882.341066152,156231.91232496,7.45713764096955
77493,"45202","OH","Cincinnati",2001-02-28,167736.139541818,156231.91232496,7.36355783249235
77493,"45202","OH","Cincinnati",2001-03-31,169068.897344221,156231.91232496,8.21662157764517
77493,"45202","OH","Cincinnati",2001-04-30,170894.4606,156231.91232496,9.38511732772093
77493,"45202","OH","Cincinnati",2001-05-31,172164.044030276,156231.91232496,10.1977447937632
77493,"45202","OH","Cincinnati",2001-06-30,172074.664339095,156231.91232496,10.1405351687572
77493,"45202","OH","Cincinnati",2001-07-31,171699.662992436,156231.91232496,9.90050652091012
77493,"45202","OH","Cincinnati",2001-08-31,173645.946067317,156231.91232496,11.14627190003
77493,"45202","OH","Cincinnati",2001-09-30,177333.900303685,156231.91232496,13.5068358728353
77493,"45202","OH","Cincinnati",2001-10-31,180199.418036301,156231.91232496,15.340979544236
77493,"45202","OH","Cincinnati",2001-11-30,182280.602402904,156231.91232496,16.6730917456624
77493,"45202","OH","Cincinnati",2001-12-31,183659.622377013,156231.91232496,17.5557667085348
77493,"45202","OH","Cincinnati",2002-01-31,185339.729340963,156231.91232496,18.6311596541547
77493,"45202","OH","Cincinnati",2002-02-28,186731.324611164,156231.91232496,19.5218837383012
77493,"45202","OH","Cincinnati",2002-03-31,188590.881276854,156231.91232496,20.712137789485
77493,"45202","OH","Cincinnati",2002-04-30,189620.904098475,156231.91232496,21.3714287155787
77493,"45202","OH","Cincinnati",2002-05-31,190536.13176351,156231.91232496,21.9572422356305
77493,"45202","OH","Cincinnati",2002-06-30,191313.254154793,156231.91232496,22.454658147475
77493,"45202","OH","Cincinnati",2002-07-31,193269.171714624,156231.91232496,23.7065903108363
77493,"45202","OH","Cincinnati",2002-08-31,194325.971390497,156231.91232496,24.383020407701
77493,"45202","OH","Cincinnati",2002-09-30,195216.484017231,156231.91232496,24.9530144719623
77493,"45202","OH","Cincinnati",2002-10-31,195890.011122146,156231.91232496,25.3841217245665
77493,"45202","OH","Cincinnati",2002-11-30,197705.579575695,156231.91232496,26.5462200606428
77493,"45202","OH","Cincinnati",2002-12-31,199596.160159348,156231.91232496,27.7563317180621
77493,"45202","OH","Cincinnati",2003-01-31,200677.732067896,156231.91232496,28.4486178793542
77493,"45202","OH","Cincinnati",2003-02-28,201154.007549634,156231.91232496,28.7534694776288
77493,"45202","OH","Cincinnati",2003-03-31,201478.435732965,156231.91232496,28.9611275536924
77493,"45202","OH","Cincinnati",2003-04-30,204344.76550414,156231.91232496,30.7957909899388
77493,"45202","OH","Cincinnati",2003-05-31,207330.865335959,156231.91232496,32.7071161394438
77493,"45202","OH","Cincinnati",2003-06-30,209846.879146253,156231.91232496,34.3175514038223
77493,"45202","OH","Cincinnati",2003-07-31,210794.913078873,156231.91232496,34.9243633659313
77493,"45202","OH","Cincinnati",2003-08-31,211705.540926022,156231.91232496,35.5072326617095
77493,"45202","OH","Cincinnati",2003-09-30,212145.557865995,156231.91232496,35.7888761066528
77493,"45202","OH","Cincinnati",2003-10-31,212436.683813365,156231.91232496,35.9752182841489
77493,"45202","OH","Cincinnati",2003-11-30,212186.80270965,156231.91232496,35.8152758626572
77493,"45202","OH","Cincinnati",2003-12-31,212652.534174222,156231.91232496,36.1133785086796
77493,"45202","OH","Cincinnati",2004-01-31,212640.693910907,156231.91232496,36.1057998628455
77493,"45202","OH","Cincinnati",2004-02-29,212934.858130092,156231.91232496,36.2940867594258
77493,"45202","OH","Cincinnati",2004-03-31,213147.759928383,156231.91232496,36.4303596854387
77493,"45202","OH","Cincinnati",2004-04-30,213386.371359182,156231.91232496,36.5830886812298
77493,"45202","OH","Cincinnati",2004-05-31,213404.288607939,156231.91232496,36.5945570480253
77493,"45202","OH","Cincinnati",2004-06-30,212918.514596411,156231.91232496,36.2836256868845
77493,"45202","OH","Cincinnati",2004-07-31,213403.844816744,156231.91232496,36.5942729887776
77493,"45202","OH","Cincinnati",2004-08-31,214826.180043724,156231.91232496,37.5046729229609
77493,"45202","OH","Cincinnati",2004-09-30,217624.00685193,156231.91232496,39.2954893871332
77493,"45202","OH","Cincinnati",2004-10-31,219935.081184322,156231.91232496,40.7747482005214
77493,"45202","OH","Cincinnati",2004-11-30,221413.7782,156231.91232496,41.7212238556372
77493,"45202","OH","Cincinnati",2004-12-31,222040.601037562,156231.91232496,42.1224369165506
77493,"45202","OH","Cincinnati",2005-01-31,223165.632672963,156231.91232496,42.8425405232069
77493,"45202","OH","Cincinnati",2005-02-28,224309.648067596,156231.91232496,43.5747951423873
77493,"45202","OH","Cincinnati",2005-03-31,226253.818428366,156231.91232496,44.8192082279328
77493,"45202","OH","Cincinnati",2005-04-30,228298.792770849,156231.91232496,46.1281433309162
77493,"45202","OH","Cincinnati",2005-05-31,230493.527965663,156231.91232496,47.5329364760253
77493,"45202","OH","Cincinnati",2005-06-30,232075.844871907,156231.91232496,48.5457365388911
77493,"45202","OH","Cincinnati",2005-07-31,233059.945934209,156231.91232496,49.1756341364157
77493,"45202","OH","Cincinnati",2005-08-31,234601.506622861,156231.91232496,50.1623472001626
77493,"45202","OH","Cincinnati",2005-09-30,236691.796361456,156231.91232496,51.5002875143332
77493,"45202","OH","Cincinnati",2005-10-31,238759.789333557,156231.91232496,52.8239562458529
77493,"45202","OH","Cincinnati",2005-11-30,240290.7831,156231.91232496,53.8039056964228
77493,"45202","OH","Cincinnati",2005-12-31,240465.630315861,156231.91232496,53.9158208699997
77493,"45202","OH","Cincinnati",2006-01-31,240373.385636613,156231.91232496,53.8567774403475
77493,"45202","OH","Cincinnati",2006-02-28,239871.853528615,156231.91232496,53.5357597298589
77493,"45202","OH","Cincinnati",2006-03-31,240499.381300647,156231.91232496,53.9374240010655
77493,"45202","OH","Cincinnati",2006-04-30,241535.3024033,156231.91232496,54.6004902640566
77493,"45202","OH","Cincinnati",2006-05-31,243048.926140701,156231.91232496,55.5693216089951
77493,"45202","OH","Cincinnati",2006-06-30,244663.366016881,156231.91232496,56.6026827527937
77493,"45202","OH","Cincinnati",2006-07-31,245825.243908966,156231.91232496,57.3463706938774
77493,"45202","OH","Cincinnati",2006-08-31,246878.863809027,156231.91232496,58.0207654986149
77493,"45202","OH","Cincinnati",2006-09-30,247296.182839421,156231.91232496,58.2878805996102
77493,"45202","OH","Cincinnati",2006-10-31,247929.957094277,156231.91232496,58.6935430826617
77493,"45202","OH","Cincinnati",2006-11-30,248255.612397886,156231.91232496,58.9019866066273
77493,"45202","OH","Cincinnati",2006-12-31,248350.344151025,156231.91232496,58.9626219478512
77493,"45202","OH","Cincinnati",2007-01-31,248753.215919888,156231.91232496,59.2204897309867
77493,"45202","OH","Cincinnati",2007-02-28,249889.641807876,156231.91232496,59.9478865035646
77493,"45202","OH","Cincinnati",2007-03-31,250882.673676144,156231.91232496,60.5835004786416
77493,"45202","OH","Cincinnati",2007-04-30,251439.595228089,156231.91232496,60.9399715373758
77493,"45202","OH","Cincinnati",2007-05-31,251250.140636434,156231.91232496,60.8187065609468
77493,"45202","OH","Cincinnati",2007-06-30,250698.167307613,156231.91232496,60.4654027316546
77493,"45202","OH","Cincinnati",2007-07-31,249706.749823589,156231.91232496,59.8308220821119
77493,"45202","OH","Cincinnati",2007-08-31,248663.95880512,156231.91232496,59.1633585639672
77493,"45202","OH","Cincinnati",2007-09-30,248285.225413744,156231.91232496,58.920941130973
77493,"45202","OH","Cincinnati",2007-10-31,248342.772204298,156231.91232496,58.9577753408975
77493,"45202","OH","Cincinnati",2007-11-30,248621.187066488,156231.91232496,59.1359814820414
77493,"45202","OH","Cincinnati",2007-12-31,248840.70464127,156231.91232496,59.2764889952087
77493,"45202","OH","Cincinnati",2008-01-31,248492.391878124,156231.91232496,59.0535430183192
77493,"45202","OH","Cincinnati",2008-02-29,248408.324350585,156231.91232496,58.9997335716524
77493,"45202","OH","Cincinnati",2008-03-31,247321.648368655,156231.91232496,58.304180425206
77493,"45202","OH","Cincinnati",2008-04-30,245674.850557409,156231.91232496,57.2501078053814
77493,"45202","OH","Cincinnati",2008-05-31,242785.8937,156231.91232496,55.4009613573752
77493,"45202","OH","Cincinnati",2008-06-30,240618.051478603,156231.91232496,54.0133817079064
77493,"45202","OH","Cincinnati",2008-07-31,239598.344624913,156231.91232496,53.3606937656573
77493,"45202","OH","Cincinnati",2008-08-31,238646.623786195,156231.91232496,52.7515219104615
77493,"45202","OH","Cincinnati",2008-09-30,237851.921350456,156231.91232496,52.2428534675601
77493,"45202","OH","Cincinnati",2008-10-31,236155.608405065,156231.91232496,51.1570874930239
77493,"45202","OH","Cincinnati",2008-11-30,235278.918109773,156231.91232496,50.5959407450611
77493,"45202","OH","Cincinnati",2008-12-31,234371.480841386,156231.91232496,50.0151136560988
77493,"45202","OH","Cincinnati",2009-01-31,232003.369224141,156231.91232496,48.4993467541872
77493,"45202","OH","Cincinnati",2009-02-28,227293.282270893,156231.91232496,45.4845421069452
77493,"45202","OH","Cincinnati",2009-03-31,223319.368440858,156231.91232496,42.9409428058185
77493,"45202","OH","Cincinnati",2009-04-30,221949.95849055,156231.91232496,42.06441897024
77493,"45202","OH","Cincinnati",2009-05-31,223039.819415951,156231.91232496,42.762010716499
77493,"45202","OH","Cincinnati",2009-06-30,223765.886144432,156231.91232496,43.226747221145
77493,"45202","OH","Cincinnati",2009-07-31,224905.114687454,156231.91232496,43.9559379006092
77493,"45202","OH","Cincinnati",2009-08-31,225326.747542094,156231.91232496,44.2258141687579
77493,"45202","OH","Cincinnati",2009-09-30,225272.561313325,156231.91232496,44.1911309673795
77493,"45202","OH","Cincinnati",2009-10-31,224936.233311308,156231.91232496,43.9758561256315
77493,"45202","OH","Cincinnati",2009-11-30,225403.934816834,156231.91232496,44.2752197438359
77493,"45202","OH","Cincinnati",2009-12-31,226644.796201363,156231.91232496,45.0694629724204
77493,"45202","OH","Cincinnati",2010-01-31,228307.806284214,156231.91232496,46.1339126473322
77493,"45202","OH","Cincinnati",2010-02-28,230573.30840228,156231.91232496,47.5840018668466
77493,"45202","OH","Cincinnati",2010-03-31,232276.526797132,156231.91232496,48.6741878407016
77493,"45202","OH","Cincinnati",2010-04-30,233097.895638867,156231.91232496,49.1999247593066
77493,"45202","OH","Cincinnati",2010-05-31,232281.191339178,156231.91232496,48.6771734932334
77493,"45202","OH","Cincinnati",2010-06-30,231269.979994073,156231.91232496,48.02992330596
77493,"45202","OH","Cincinnati",2010-07-31,229664.525405862,156231.91232496,47.0023134122321
77493,"45202","OH","Cincinnati",2010-08-31,228599.139738435,156231.91232496,46.3203876445883
77493,"45202","OH","Cincinnati",2010-09-30,228152.618999842,156231.91232496,46.0345812866242
77493,"45202","OH","Cincinnati",2010-10-31,227910.510998284,156231.91232496,45.8796142264666
77493,"45202","OH","Cincinnati",2010-11-30,227277.937425805,156231.91232496,45.4747202691023
77493,"45202","OH","Cincinnati",2010-12-31,225744.320454638,156231.91232496,44.493091773141
77493,"45202","OH","Cincinnati",2011-01-31,224646.416756745,156231.91232496,43.7903520565525
77493,"45202","OH","Cincinnati",2011-02-28,224112.033782277,156231.91232496,43.4483073574157
77493,"45202","OH","Cincinnati",2011-03-31,223504.894166237,156231.91232496,43.0596930167187
77493,"45202","OH","Cincinnati",2011-04-30,222000.423800585,156231.91232496,42.0967205079248
77493,"45202","OH","Cincinnati",2011-05-31,220581.379468696,156231.91232496,41.1884269904409
77493,"45202","OH","Cincinnati",2011-06-30,220008.464402073,156231.91232496,40.8217188972624
77493,"45202","OH","Cincinnati",2011-07-31,220329.407839605,156231.91232496,41.0271464778096
77493,"45202","OH","Cincinnati",2011-08-31,220565.007470918,156231.91232496,41.1779476987684
77493,"45202","OH","Cincinnati",2011-09-30,220273.625856289,156231.91232496,40.9914418752824
77493,"45202","OH","Cincinnati",2011-10-31,220009.945588486,156231.91232496,40.8226669663159
77493,"45202","OH","Cincinnati",2011-11-30,218975.37606575,156231.91232496,40.1604658146179
77493,"45202","OH","Cincinnati",2011-12-31,218087.282514425,156231.91232496,39.5920201378617
77493,"45202","OH","Cincinnati",2012-01-31,216337.682834483,156231.91232496,38.4721467048954
77493,"45202","OH","Cincinnati",2012-02-29,215499.930793265,156231.91232496,37.9359233246972
77493,"45202","OH","Cincinnati",2012-03-31,215427.95084637,156231.91232496,37.8898508252798
77493,"45202","OH","Cincinnati",2012-04-30,216579.980960378,156231.91232496,38.6272354587161
77493,"45202","OH","Cincinnati",2012-05-31,218464.233063968,156231.91232496,39.8332964199819
77493,"45202","OH","Cincinnati",2012-06-30,220371.599839646,156231.91232496,41.0541524840816
77493,"45202","OH","Cincinnati",2012-07-31,222506.970508347,156231.91232496,42.4209479338226
77493,"45202","OH","Cincinnati",2012-08-31,224321.796033843,156231.91232496,43.5825707408977
77493,"45202","OH","Cincinnati",2012-09-30,225569.945526453,156231.91232496,44.3814788986714
77493,"45202","OH","Cincinnati",2012-10-31,226386.871255531,156231.91232496,44.9043718959604
77493,"45202","OH","Cincinnati",2012-11-30,226659.697294741,156231.91232496,45.0790007762892
77493,"45202","OH","Cincinnati",2012-12-31,226966.620255344,156231.91232496,45.2754542127452
77493,"45202","OH","Cincinnati",2013-01-31,227792.425604132,156231.91232496,45.8040308245904
77493,"45202","OH","Cincinnati",2013-02-28,229199.824029939,156231.91232496,46.7048700992703
77493,"45202","OH","Cincinnati",2013-03-31,230963.056533408,156231.91232496,47.833469549427
77493,"45202","OH","Cincinnati",2013-04-30,232697.679046566,156231.91232496,48.9437564859076
77493,"45202","OH","Cincinnati",2013-05-31,234778.855869989,156231.91232496,50.2758638591404
77493,"45202","OH","Cincinnati",2013-06-30,237464.434869675,156231.91232496,51.9948334087804
77493,"45202","OH","Cincinnati",2013-07-31,240459.963035246,156231.91232496,53.9121933904849
77493,"45202","OH","Cincinnati",2013-08-31,243904.60571314,156231.91232496,56.1170199375281
77493,"45202","OH","Cincinnati",2013-09-30,247718.762203882,156231.91232496,58.5583627041764
77493,"45202","OH","Cincinnati",2013-10-31,252010.037012863,156231.91232496,61.3050965469114
77493,"45202","OH","Cincinnati",2013-11-30,255273.768490137,156231.91232496,63.3941265208165
77493,"45202","OH","Cincinnati",2013-12-31,257965.04213893,156231.91232496,65.1167410678338
77493,"45202","OH","Cincinnati",2014-01-31,260395.287337379,156231.91232496,66.6722780655464
77493,"45202","OH","Cincinnati",2014-02-28,263205.038378134,156231.91232496,68.4707269220843
77493,"45202","OH","Cincinnati",2014-03-31,266496.793211518,156231.91232496,70.5776939203102
77493,"45202","OH","Cincinnati",2014-04-30,269814.902985937,156231.91232496,72.7015300335858
77493,"45202","OH","Cincinnati",2014-05-31,272959.668554742,156231.91232496,74.7144130112096
77493,"45202","OH","Cincinnati",2014-06-30,275109.42112373,156231.91232496,76.0904139427713
77493,"45202","OH","Cincinnati",2014-07-31,277101.682375348,156231.91232496,77.3656087617874
77493,"45202","OH","Cincinnati",2014-08-31,278943.269135848,156231.91232496,78.5443607421575
77493,"45202","OH","Cincinnati",2014-09-30,280657.108046938,156231.91232496,79.6413446333391
77493,"45202","OH","Cincinnati",2014-10-31,282274.853300764,156231.91232496,80.6768214637457
77493,"45202","OH","Cincinnati",2014-11-30,284335.814198618,156231.91232496,81.9959891467009
77493,"45202","OH","Cincinnati",2014-12-31,286854.711088344,156231.91232496,83.6082697955396
77493,"45202","OH","Cincinnati",2015-01-31,289755.805702078,156231.91232496,85.4651853069492
77493,"45202","OH","Cincinnati",2015-02-28,292595.026358014,156231.91232496,87.2824969007742
77493,"45202","OH","Cincinnati",2015-03-31,295292.811094537,156231.91232496,89.0092790263818
77493,"45202","OH","Cincinnati",2015-04-30,297011.277863745,156231.91232496,90.1092250896636
77493,"45202","OH","Cincinnati",2015-05-31,298710.108401215,156231.91232496,91.1966025096725
77493,"45202","OH","Cincinnati",2015-06-30,300566.376393054,156231.91232496,92.3847515659155
77493,"45202","OH","Cincinnati",2015-07-31,303216.164028676,156231.91232496,94.0808119905683
77493,"45202","OH","Cincinnati",2015-08-31,306373.827974972,156231.91232496,96.1019508855007
77493,"45202","OH","Cincinnati",2015-09-30,310290.740437417,156231.91232496,98.6090650878143
77493,"45202","OH","Cincinnati",2015-10-31,314750.565956887,156231.91232496,101.463683874144
77493,"45202","OH","Cincinnati",2015-11-30,318817.29893716,156231.91232496,104.066694308922
77493,"45202","OH","Cincinnati",2015-12-31,321985.440678444,156231.91232496,106.094539769006
77493,"45202","OH","Cincinnati",2016-01-31,324122.845140572,156231.91232496,107.462636997235
77493,"45202","OH","Cincinnati",2016-02-29,325967.740247737,156231.91232496,108.643506564606
77493,"45202","OH","Cincinnati",2016-03-31,327255.920646748,156231.91232496,109.468037468593
77493,"45202","OH","Cincinnati",2016-04-30,328727.10229039,156231.91232496,110.40970272875
77493,"45202","OH","Cincinnati",2016-05-31,330295.278375549,156231.91232496,111.413451618347
77493,"45202","OH","Cincinnati",2016-06-30,332107.462552952,156231.91232496,112.57338376693
77493,"45202","OH","Cincinnati",2016-07-31,332772.2308,156231.91232496,112.998884701506
77493,"45202","OH","Cincinnati",2016-08-31,333570.787577122,156231.91232496,113.510020208483
77493,"45202","OH","Cincinnati",2016-09-30,334926.706227263,156231.91232496,114.377908612307
77493,"45202","OH","Cincinnati",2016-10-31,336803.570693996,156231.91232496,115.579240938592
77493,"45202","OH","Cincinnati",2016-11-30,338805.625371668,156231.91232496,116.860704275933
77493,"45202","OH","Cincinnati",2016-12-31,341311.8586,156231.91232496,118.464879243157
77493,"45202","OH","Cincinnati",2017-01-31,343615.514734291,156231.91232496,119.939389860104
77493,"45202","OH","Cincinnati",2017-02-28,345871.751918088,156231.91232496,121.383548835195
77493,"45202","OH","Cincinnati",2017-03-31,347465.916384597,156231.91232496,122.403932214484
77493,"45202","OH","Cincinnati",2017-04-30,350167.635027543,156231.91232496,124.133232331689
77493,"45202","OH","Cincinnati",2017-05-31,352227.647106493,156231.91232496,125.451792700242
77493,"45202","OH","Cincinnati",2017-06-30,354484.050505652,156231.91232496,126.89605806548
77493,"45202","OH","Cincinnati",2017-07-31,356307.581416511,156231.91232496,128.063252964219
77493,"45202","OH","Cincinnati",2017-08-31,358193.70266504,156231.91232496,129.270510316741
77493,"45202","OH","Cincinnati",2017-09-30,358812.56133661,156231.91232496,129.666625721309
77493,"45202","OH","Cincinnati",2017-10-31,357902.193351886,156231.91232496,129.083922756738
77493,"45202","OH","Cincinnati",2017-11-30,356009.018136291,156231.91232496,127.872150342625
77493,"45202","OH","Cincinnati",2017-12-31,354419.959460691,156231.91232496,126.855035047835
77493,"45202","OH","Cincinnati",2018-01-31,352833.918049415,156231.91232496,125.839851025778
77493,"45202","OH","Cincinnati",2018-02-28,351832.718595202,156231.91232496,125.199009190513
77493,"45202","OH","Cincinnati",2018-03-31,352460.296312367,156231.91232496,125.600705430305
77493,"45202","OH","Cincinnati",2018-04-30,355195.179377009,156231.91232496,127.351233234736
77493,"45202","OH","Cincinnati",2018-05-31,359555.191501215,156231.91232496,130.141964052354
77493,"45202","OH","Cincinnati",2018-06-30,362682.300734128,156231.91232496,132.143545666748
77493,"45202","OH","Cincinnati",2018-07-31,364107.149530938,156231.91232496,133.055554471867
77493,"45202","OH","Cincinnati",2018-08-31,363520.719191407,156231.91232496,132.680195602604
77493,"45202","OH","Cincinnati",2018-09-30,362728.301921806,156231.91232496,132.172989835352
77493,"45202","OH","Cincinnati",2018-10-31,363037.757881047,156231.91232496,132.37106457862
77493,"45202","OH","Cincinnati",2018-11-30,364147.93601088,156231.91232496,133.081660841133
77493,"45202","OH","Cincinnati",2018-12-31,365349.860553075,156231.91232496,133.850981605571
77493,"45202","OH","Cincinnati",2019-01-31,366173.804443806,156231.91232496,134.378366746333
77493,"45202","OH","Cincinnati",2019-02-28,366513.780861279,156231.91232496,134.595976844305
77493,"45202","OH","Cincinnati",2019-03-31,366175.881664202,156231.91232496,134.3796963213
77493,"45202","OH","Cincinnati",2019-04-30,365135.872866284,156231.91232496,133.714013630459
77493,"45202","OH","Cincinnati",2019-05-31,363310.527268252,156231.91232496,132.545657197468
77493,"45202","OH","Cincinnati",2019-06-30,361823.106976345,156231.91232496,131.593597999208
77493,"45202","OH","Cincinnati",2019-07-31,360002.80015404,156231.91232496,130.428466756036
77493,"45202","OH","Cincinnati",2019-08-31,358805.160215789,156231.91232496,129.661888455592
77493,"45202","OH","Cincinnati",2019-09-30,357978.205616396,156231.91232496,129.132576238206
77493,"45202","OH","Cincinnati",2019-10-31,357619.0995,156231.91232496,128.902721715495
77493,"45202","OH","Cincinnati",2019-11-30,357190.644369181,156231.91232496,128.62847868509
77493,"45202","OH","Cincinnati",2019-12-31,355850.805680586,156231.91232496,127.770882648112
77493,"45202","OH","Cincinnati",2020-01-31,355411.000291027,156231.91232496,127.489374611108
77493,"45202","OH","Cincinnati",2020-02-29,355395.647672544,156231.91232496,127.479547797716
77493,"45202","OH","Cincinnati",2020-03-31,357434.844279875,156231.91232496,128.784784722096
77493,"45202","OH","Cincinnati",2020-04-30,358862.097828245,156231.91232496,129.698332746396
77493,"45202","OH","Cincinnati",2020-05-31,359902.305707646,156231.91232496,130.364142864138
77493,"45202","OH","Cincinnati",2020-06-30,359403.710684598,156231.91232496,130.045005105642
77493,"45202","OH","Cincinnati",2020-07-31,359256.430372707,156231.91232496,129.950734793195
77493,"45202","OH","Cincinnati",2020-08-31,359401.984860588,156231.91232496,130.0439004504
77493,"45202","OH","Cincinnati",2020-09-30,360214.467162592,156231.91232496,130.563949325123
77493,"45202","OH","Cincinnati",2020-10-31,360761.078981228,156231.91232496,130.913821390632
77493,"45202","OH","Cincinnati",2020-11-30,362023.097762748,156231.91232496,131.721606920963
77493,"45202","OH","Cincinnati",2020-12-31,364047.231872685,156231.91232496,133.017202730945
77493,"45202","OH","Cincinnati",2021-01-31,366772.260976462,156231.91232496,134.761423270286
77493,"45202","OH","Cincinnati",2021-02-28,370101.137834035,156231.91232496,136.892151114575
77493,"45202","OH","Cincinnati",2021-03-31,373345.119172723,156231.91232496,138.968539536385
77493,"45202","OH","Cincinnati",2021-04-30,377003.939945874,156231.91232496,141.310455934067
77493,"45202","OH","Cincinnati",2021-05-31,380097.991848355,156231.91232496,143.290878407579
77493,"45202","OH","Cincinnati",2021-06-30,382476.746379798,156231.91232496,144.813457563171
77493,"45202","OH","Cincinnati",2021-07-31,384423.627793192,156231.91232496,146.059605923274
77493,"45202","OH","Cincinnati",2021-08-31,387022.20059987,156231.91232496,147.722885062604
77493,"45202","OH","Cincinnati",2021-09-30,389172.854321853,156231.91232496,149.099462798854
77493,"45202","OH","Cincinnati",2021-10-31,391669.652456862,156231.91232496,150.697598607252
77493,"45202","OH","Cincinnati",2021-11-30,393365.173373698,156231.91232496,151.782857624826
77493,"45202","OH","Cincinnati",2021-12-31,395625.867378075,156231.91232496,153.229869295319
77493,"45202","OH","Cincinnati",2022-01-31,396798.035619647,156231.91232496,153.980143822545
77493,"45202","OH","Cincinnati",2022-02-28,397603.26587624,156231.91232496,154.49555085086
77493,"45202","OH","Cincinnati",2022-03-31,398334.726347968,156231.91232496,154.963739750837
77493,"45202","OH","Cincinnati",2022-04-30,400078.889917569,156231.91232496,156.080133670393
77493,"45202","OH","Cincinnati",2022-05-31,402775.810216271,156231.91232496,157.806362491744
77493,"45202","OH","Cincinnati",2022-06-30,405767.10236921,156231.91232496,159.721011111494
77493,"45202","OH","Cincinnati",2022-07-31,406762.535254937,156231.91232496,160.35816191565
77493,"45202","OH","Cincinnati",2022-08-31,405749.043250316,156231.91232496,159.709451937299
77493,"45202","OH","Cincinnati",2022-09-30,402155.760368539,156231.91232496,157.409484646171
77493,"45202","OH","Cincinnati",2022-10-31,398908.29835213,156231.91232496,155.330868332717
77493,"45202","OH","Cincinnati",2022-11-30,396452.553565137,156231.91232496,153.759009708926
77493,"45202","OH","Cincinnati",2022-12-31,395756.989879587,156231.91232496,153.3137974119
77493,"45202","OH","Cincinnati",2023-01-31,395914.261342556,156231.91232496,153.414462801338
77493,"45202","OH","Cincinnati",2023-02-28,395648.621103876,156231.91232496,153.244433365785
77493,"45202","OH","Cincinnati",2023-03-31,395606.615264509,156231.91232496,153.217546516138
77493,"45202","OH","Cincinnati",2023-04-30,395543.721658554,156231.91232496,153.177289948181
77493,"45202","OH","Cincinnati",2023-05-31,396455.542197337,156231.91232496,153.760922654979
77493,"45202","OH","Cincinnati",2023-06-30,397713.785209934,156231.91232496,154.566291413431
77493,"45202","OH","Cincinnati",2023-07-31,399121.438076298,156231.91232496,155.46729354892
77493,"45202","OH","Cincinnati",2023-08-31,400466.76160466,156231.91232496,156.328400289753
77493,"45202","OH","Cincinnati",2023-09-30,400701.654359511,156231.91232496,156.478749057399
77493,"45202","OH","Cincinnati",2023-10-31,399646.728742179,156231.91232496,155.80351849686
77493,"45202","OH","Cincinnati",2023-11-30,397795.045358792,156231.91232496,154.618303929727
77493,"45202","OH","Cincinnati",2023-12-31,395905.071201368,156231.91232496,153.408580430028
77493,"45202","OH","Cincinnati",2024-01-31,395731.482589504,156231.91232496,153.297470856266
77493,"45202","OH","Cincinnati",2024-02-29,396009.489347175,156231.91232496,153.47541578028
77493,"45202","OH","Cincinnati",2024-03-31,397342.32754304,156231.91232496,154.328530983205
77493,"45202","OH","Cincinnati",2024-04-30,397900.947952866,156231.91232496,154.68608943686
77493,"45202","OH","Cincinnati",2024-05-31,398084.437990065,156231.91232496,154.80353665649
77493,"45202","OH","Cincinnati",2024-06-30,397439.192602632,156231.91232496,154.390531798627
77493,"45202","OH","Cincinnati",2024-07-31,396189.054343892,156231.91232496,153.590350683172
77493,"45202","OH","Cincinnati",2024-08-31,395868.932183786,156231.91232496,153.38544878103
77493,"45202","OH","Cincinnati",2024-09-30,396023.015885179,156231.91232496,153.48407376686
77493,"45202","OH","Cincinnati",2024-10-31,396058.337089131,156231.91232496,153.506681954538
77493,"45202","OH","Cincinnati",2024-11-30,395573.077925322,156231.91232496,153.196080134086
77493,"45202","OH","Cincinnati",2024-12-31,395469.782073663,156231.91232496,153.129963135246
77493,"45202","OH","Cincinnati",2025-01-31,397223.50543271,156231.91232496,154.252476028387
77493,"45202","OH","Cincinnati",2025-02-28,399795.147246203,156231.91232496,155.898517336608
77493,"45202","OH","Cincinnati",2025-03-31,401644.187,156231.91232496,157.082039784923
77493,"45202","OH","Cincinnati",2025-04-30,401517.841459825,156231.91232496,157.00116927755
77493,"45202","OH","Cincinnati",2025-05-31,399705.487660243,156231.91232496,155.841128558204
77493,"45202","OH","Cincinnati",2025-06-30,397153.56250831,156231.91232496,154.207707374301
77493,"45202","OH","Cincinnati",2025-07-31,395070.795343109,156231.91232496,152.874582064493
77493,"45202","OH","Cincinnati",2025-08-31,393554.717248221,156231.91232496,151.904179748906
77493,"45202","OH","Cincinnati",2025-09-30,393011.642489543,156231.91232496,151.556571663851
79056,"48201","MI","Detroit",2000-01-31,80782.5011755954,80782.5011755954,0
79056,"48201","MI","Detroit",2000-02-29,79124.7875772474,80782.5011755954,-2.05207015656108
79056,"48201","MI","Detroit",2000-03-31,78321.5424948009,80782.5011755954,-3.04640069938556
79056,"48201","MI","Detroit",2000-04-30,77213.6634775499,80782.5011755954,-4.41783510798696
79056,"48201","MI","Detroit",2000-05-31,78840.5901999912,80782.5011755954,-2.40387577426339
79056,"48201","MI","Detroit",2000-06-30,82209.7928727715,80782.5011755954,1.76683276254798
79056,"48201","MI","Detroit",2000-07-31,84592.7072820142,80782.5011755954,4.71662309407416
79056,"48201","MI","Detroit",2000-08-31,85491.0203,80782.5011755954,5.82863745970161
79056,"48201","MI","Detroit",2000-09-30,86604.6243171103,80782.5011755954,7.20715879898238
79056,"48201","MI","Detroit",2000-10-31,89549.8938685133,80782.5011755954,10.8530839789925
79056,"48201","MI","Detroit",2000-11-30,93045.4032797739,80782.5011755954,15.1801465982378
79056,"48201","MI","Detroit",2000-12-31,96196.1618083137,80782.5011755954,19.0804449087482
79056,"48201","MI","Detroit",2001-01-31,97442.0100610348,80782.5011755954,20.6226703097827
79056,"48201","MI","Detroit",2001-02-28,98298.1332470978,80782.5011755954,21.6824582262302
79056,"48201","MI","Detroit",2001-03-31,98246.55776,80782.5011755954,21.6186133509822
79056,"48201","MI","Detroit",2001-04-30,99482.99849933,80782.5011755954,23.1491932678411
79056,"48201","MI","Detroit",2001-05-31,100281.061084561,80782.5011755954,24.1371084395892
79056,"48201","MI","Detroit",2001-06-30,101050.762342613,80782.5011755954,25.0899153555061
79056,"48201","MI","Detroit",2001-07-31,101958.088540383,80782.5011755954,26.2130870629509
79056,"48201","MI","Detroit",2001-08-31,103386.695729727,80782.5011755954,27.981548262534
79056,"48201","MI","Detroit",2001-09-30,104198.836634409,80782.5011755954,28.9868908712222
79056,"48201","MI","Detroit",2001-10-31,104619.176576448,80782.5011755954,29.5072262605973
79056,"48201","MI","Detroit",2001-11-30,105394.245147054,80782.5011755954,30.4666773289934
79056,"48201","MI","Detroit",2001-12-31,106131.196972789,80782.5011755954,31.3789439894835
79056,"48201","MI","Detroit",2002-01-31,106265.808818436,80782.5011755954,31.54557889641
79056,"48201","MI","Detroit",2002-02-28,105594.044210569,80782.5011755954,30.7140069617821
79056,"48201","MI","Detroit",2002-03-31,105758.424861908,80782.5011755954,30.9174924307225
79056,"48201","MI","Detroit",2002-04-30,106430.238022123,80782.5011755954,31.7491244679069
79056,"48201","MI","Detroit",2002-05-31,107848.97791678,80782.5011755954,33.5053710237952
79056,"48201","MI","Detroit",2002-06-30,109243.492467606,80782.5011755954,35.2316292239396
79056,"48201","MI","Detroit",2002-07-31,110404.086107087,80782.5011755954,36.6683186338882
79056,"48201","MI","Detroit",2002-08-31,113289.366863396,80782.5011755954,40.2399841732316
79056,"48201","MI","Detroit",2002-09-30,117143.265976308,80782.5011755954,45.0106944840393
79056,"48201","MI","Detroit",2002-10-31,120995.68479249,80782.5011755954,49.7795723475856
79056,"48201","MI","Detroit",2002-11-30,122038.891149297,80782.5011755954,51.070948996768
79056,"48201","MI","Detroit",2002-12-31,121261.565408847,80782.5011755954,50.1087037962131
79056,"48201","MI","Detroit",2003-01-31,119652.656049602,80782.5011755954,48.1170480095869
79056,"48201","MI","Detroit",2003-02-28,118980.61716085,80782.5011755954,47.285136544886
79056,"48201","MI","Detroit",2003-03-31,119184.740317759,80782.5011755954,47.5378189376546
79056,"48201","MI","Detroit",2003-04-30,122321.278789387,80782.5011755954,51.4205143555771
79056,"48201","MI","Detroit",2003-05-31,124534.515645805,80782.5011755954,54.160262226972
79056,"48201","MI","Detroit",2003-06-30,126478.489338986,80782.5011755954,56.5666914225177
79056,"48201","MI","Detroit",2003-07-31,128974.412296089,80782.5011755954,59.6563741146609
79056,"48201","MI","Detroit",2003-08-31,133792.806394835,80782.5011755954,65.6210249098528
79056,"48201","MI","Detroit",2003-09-30,140181.007884534,80782.5011755954,73.5289274837194
79056,"48201","MI","Detroit",2003-10-31,144724.895904144,80782.5011755954,79.1537694401884
79056,"48201","MI","Detroit",2003-11-30,149077.06473356,80782.5011755954,84.5412837732191
79056,"48201","MI","Detroit",2003-12-31,152411.431316095,80782.5011755954,88.6688689977563
79056,"48201","MI","Detroit",2004-01-31,155774.26453472,80782.5011755954,92.8316928391659
79056,"48201","MI","Detroit",2004-02-29,157846.443449524,80782.5011755954,95.3968262339586
79056,"48201","MI","Detroit",2004-03-31,159775.629849141,80782.5011755954,97.7849503592867
79056,"48201","MI","Detroit",2004-04-30,160637.048691824,80782.5011755954,98.8512937259146
79056,"48201","MI","Detroit",2004-05-31,161198.060729328,80782.5011755954,99.5457659560888
79056,"48201","MI","Detroit",2004-06-30,164902.529990647,80782.5011755954,104.131498271144
79056,"48201","MI","Detroit",2004-07-31,170238.195209892,80782.5011755954,110.736474771744
79056,"48201","MI","Detroit",2004-08-31,177204.903500567,80782.5011755954,119.360506200941
79056,"48201","MI","Detroit",2004-09-30,180331.672197374,80782.5011755954,123.231107694215
79056,"48201","MI","Detroit",2004-10-31,182787.730372666,80782.5011755954,126.271442097768
79056,"48201","MI","Detroit",2004-11-30,183635.290103946,80782.5011755954,127.320629383314
79056,"48201","MI","Detroit",2004-12-31,184465.15997527,80782.5011755954,128.347918535354
79056,"48201","MI","Detroit",2005-01-31,184509.209904684,80782.5011755954,128.402447584062
79056,"48201","MI","Detroit",2005-02-28,184566.518744794,80782.5011755954,128.47338973029
79056,"48201","MI","Detroit",2005-03-31,184944.973810748,80782.5011755954,128.941876172832
79056,"48201","MI","Detroit",2005-04-30,183153.732172337,80782.5011755954,126.724512743446
79056,"48201","MI","Detroit",2005-05-31,180414.38832828,80782.5011755954,123.333501318703
79056,"48201","MI","Detroit",2005-06-30,176784.06339708,80782.5011755954,118.839551665785
79056,"48201","MI","Detroit",2005-07-31,175863.539931922,80782.5011755954,117.70004316857
79056,"48201","MI","Detroit",2005-08-31,172932.008354644,80782.5011755954,114.071124114794
79056,"48201","MI","Detroit",2005-09-30,170108.844991363,80782.5011755954,110.576353190155
79056,"48201","MI","Detroit",2005-10-31,167419.687108087,80782.5011755954,107.247466557356
79056,"48201","MI","Detroit",2005-11-30,166593.032185081,80782.5011755954,106.224157163643
79056,"48201","MI","Detroit",2005-12-31,167143.222993576,80782.5011755954,106.905233882596
79056,"48201","MI","Detroit",2006-01-31,167639.535974556,80782.5011755954,107.519615677857
79056,"48201","MI","Detroit",2006-02-28,169164.676105549,80782.5011755954,109.407574219371
79056,"48201","MI","Detroit",2006-03-31,169449.005063173,80782.5011755954,109.759542719338
79056,"48201","MI","Detroit",2006-04-30,167595.082191016,80782.5011755954,107.464586701417
79056,"48201","MI","Detroit",2006-05-31,164070.99527561,80782.5011755954,103.102148222635
79056,"48201","MI","Detroit",2006-06-30,160477.902790777,80782.5011755954,98.6542883117097
79056,"48201","MI","Detroit",2006-07-31,158587.154468502,80782.5011755954,96.3137463691347
79056,"48201","MI","Detroit",2006-08-31,157762.108871395,80782.5011755954,95.29242914684
79056,"48201","MI","Detroit",2006-09-30,156514.9280684,80782.5011755954,93.7485541926789
79056,"48201","MI","Detroit",2006-10-31,154989.745395878,80782.5011755954,91.8605429893528
79056,"48201","MI","Detroit",2006-11-30,154168.751671816,80782.5011755954,90.8442415476862
79056,"48201","MI","Detroit",2006-12-31,152733.384515357,80782.5011755954,89.0674122398903
79056,"48201","MI","Detroit",2007-01-31,151809.830969088,80782.5011755954,87.9241528299579
79056,"48201","MI","Detroit",2007-02-28,152932.655941335,80782.5011755954,89.3140887144714
79056,"48201","MI","Detroit",2007-03-31,156413.989111801,80782.5011755954,93.6236026807421
79056,"48201","MI","Detroit",2007-04-30,159748.382225883,80782.5011755954,97.7512207484647
79056,"48201","MI","Detroit",2007-05-31,160892.338853814,80782.5011755954,99.1673153373723
79056,"48201","MI","Detroit",2007-06-30,161429.445003653,80782.5011755954,99.8321946639866
79056,"48201","MI","Detroit",2007-07-31,162838.148006495,80782.5011755954,101.576016633277
79056,"48201","MI","Detroit",2007-08-31,165249.888092756,80782.5011755954,104.561490035516
79056,"48201","MI","Detroit",2007-09-30,166365.511387111,80782.5011755954,105.942511021644
79056,"48201","MI","Detroit",2007-10-31,164855.687359659,80782.5011755954,104.073512159911
79056,"48201","MI","Detroit",2007-11-30,162576.385978118,80782.5011755954,101.251983551152
79056,"48201","MI","Detroit",2007-12-31,162657.1662,80782.5011755954,101.351980729633
79056,"48201","MI","Detroit",2008-01-31,164727.698943987,80782.5011755954,103.915076342984
79056,"48201","MI","Detroit",2008-02-29,165995.147777109,80782.5011755954,105.484040926498
79056,"48201","MI","Detroit",2008-03-31,164905.561338325,80782.5011755954,104.135250751735
79056,"48201","MI","Detroit",2008-04-30,161971.619618246,80782.5011755954,100.503348201823
79056,"48201","MI","Detroit",2008-05-31,157584.483649969,80782.5011755954,95.0725483325036
79056,"48201","MI","Detroit",2008-06-30,154413.062465524,80782.5011755954,91.1466718886048
79056,"48201","MI","Detroit",2008-07-31,151460.456608649,80782.5011755954,87.4916651558272
79056,"48201","MI","Detroit",2008-08-31,149068.035131934,80782.5011755954,84.5301061029395
79056,"48201","MI","Detroit",2008-09-30,145673.4997,80782.5011755954,80.3280383499792
79056,"48201","MI","Detroit",2008-10-31,142620.7327,80782.5011755954,76.549042954226
79056,"48201","MI","Detroit",2008-11-30,139676.37371577,80782.5011755954,72.9042449579008
79056,"48201","MI","Detroit",2008-12-31,136185.225008098,80782.5011755954,68.5825804180972
79056,"48201","MI","Detroit",2009-01-31,133090.748930884,80782.5011755954,64.7519536955009
79056,"48201","MI","Detroit",2009-02-28,129775.797938662,80782.5011755954,60.6484028720168
79056,"48201","MI","Detroit",2009-03-31,125790.306638441,80782.5011755954,55.7147956647352
79056,"48201","MI","Detroit",2009-04-30,120759.556988124,80782.5011755954,49.4872716624992
79056,"48201","MI","Detroit",2009-05-31,117245.896043166,80782.5011755954,45.137739407587
79056,"48201","MI","Detroit",2009-06-30,114388.834042142,80782.5011755954,41.601005635487
79056,"48201","MI","Detroit",2009-07-31,112160.735469289,80782.5011755954,38.8428605664084
79056,"48201","MI","Detroit",2009-08-31,108997.361665651,80782.5011755954,34.926945909641
79056,"48201","MI","Detroit",2009-09-30,106483.350524204,80782.5011755954,31.8148720014791
79056,"48201","MI","Detroit",2009-10-31,103916.598047806,80782.5011755954,28.6375100245099
79056,"48201","MI","Detroit",2009-11-30,101619.953651812,80782.5011755954,25.7945126394666
79056,"48201","MI","Detroit",2009-12-31,99478.7716104382,80782.5011755954,23.1439608365222
79056,"48201","MI","Detroit",2010-01-31,97499.3661990974,80782.5011755954,20.6936710057602
79056,"48201","MI","Detroit",2010-02-28,95217.50525,80782.5011755954,17.8689739291775
79056,"48201","MI","Detroit",2010-03-31,92510.4686298076,80782.5011755954,14.5179553536222
79056,"48201","MI","Detroit",2010-04-30,90374.3762010178,80782.5011755954,11.8737039406254
79056,"48201","MI","Detroit",2010-05-31,89490.6364202209,80782.5011755954,10.7797296665732
79056,"48201","MI","Detroit",2010-06-30,89152.151878535,80782.5011755954,10.3607224103481
79056,"48201","MI","Detroit",2010-07-31,89423.6168801899,80782.5011755954,10.6967667240353
79056,"48201","MI","Detroit",2010-08-31,88702.4913841385,80782.5011755954,9.80409134810969
79056,"48201","MI","Detroit",2010-09-30,87463.2663364132,80782.5011755954,8.27006475857441
79056,"48201","MI","Detroit",2010-10-31,85900.445443818,80782.5011755954,6.33546150929132
79056,"48201","MI","Detroit",2010-11-30,85285.29656,80782.5011755954,5.57397371816577
79056,"48201","MI","Detroit",2010-12-31,85069.4093708221,80782.5011755954,5.30672872570304
79056,"48201","MI","Detroit",2011-01-31,83099.6484845306,80782.5011755954,2.86837777391733
79056,"48201","MI","Detroit",2011-02-28,80767.620064721,80782.5011755954,-0.0184212059020508
79056,"48201","MI","Detroit",2011-03-31,78558.1872791603,80782.5011755954,-2.75346004897781
79056,"48201","MI","Detroit",2011-04-30,76666.17929,80782.5011755954,-5.09556132292536
79056,"48201","MI","Detroit",2011-05-31,74399.9133754851,80782.5011755954,-7.90095343326461
79056,"48201","MI","Detroit",2011-06-30,72236.1114148667,80782.5011755954,-10.5795062499384
79056,"48201","MI","Detroit",2011-07-31,71265.0244295048,80782.5011755954,-11.7816069168279
79056,"48201","MI","Detroit",2011-08-31,70941.2169900887,80782.5011755954,-12.1824455077404
79056,"48201","MI","Detroit",2011-09-30,70406.9445496827,80782.5011755954,-12.843817008537
79056,"48201","MI","Detroit",2011-10-31,70323.2444445697,80782.5011755954,-12.9474286866788
79056,"48201","MI","Detroit",2011-11-30,71025.7059600886,80782.5011755954,-12.0778573001827
79056,"48201","MI","Detroit",2011-12-31,72955.5742314485,80782.5011755954,-9.68888909138083
79056,"48201","MI","Detroit",2012-01-31,73857.8577654433,80782.5011755954,-8.57195965633704
79056,"48201","MI","Detroit",2012-02-29,74263.4496920544,80782.5011755954,-8.06988071509522
79056,"48201","MI","Detroit",2012-03-31,74826.3780104354,80782.5011755954,-7.37303633643778
79056,"48201","MI","Detroit",2012-04-30,76510.8491381039,80782.5011755954,-5.28784325234778
79056,"48201","MI","Detroit",2012-05-31,79137.415703792,80782.5011755954,-2.03643790160377
79056,"48201","MI","Detroit",2012-06-30,81421.4854432423,80782.5011755954,0.790993418559841
79056,"48201","MI","Detroit",2012-07-31,84259.9545370808,80782.5011755954,4.30471118234705
79056,"48201","MI","Detroit",2012-08-31,85769.1336082285,80782.5011755954,6.17291165792671
79056,"48201","MI","Detroit",2012-09-30,87724.42167993,80782.5011755954,8.59334683045425
79056,"48201","MI","Detroit",2012-10-31,89028.5941529075,80782.5011755954,10.2077713085261
79056,"48201","MI","Detroit",2012-11-30,91249.10522,80782.5011755954,12.9565238660457
79056,"48201","MI","Detroit",2012-12-31,92772.5501695729,80782.5011755954,14.8423839562914
79056,"48201","MI","Detroit",2013-01-31,94980.635029368,80782.5011755954,17.5757542130448
79056,"48201","MI","Detroit",2013-02-28,96718.4173211595,80782.5011755954,19.7269407528303
79056,"48201","MI","Detroit",2013-03-31,99036.98542,80782.5011755954,22.5970773109949
79056,"48201","MI","Detroit",2013-04-30,101976.080620024,80782.5011755954,26.2353593117409
79056,"48201","MI","Detroit",2013-05-31,106023.834882342,80782.5011755954,31.2460413324907
79056,"48201","MI","Detroit",2013-06-30,110452.462378243,80782.5011755954,36.7282032257888
79056,"48201","MI","Detroit",2013-07-31,114666.048025295,80782.5011755954,41.944166566529
79056,"48201","MI","Detroit",2013-08-31,118575.029366661,80782.5011755954,46.7830627191361
79056,"48201","MI","Detroit",2013-09-30,122560.060982009,80782.5011755954,51.7161008862582
79056,"48201","MI","Detroit",2013-10-31,126222.050733806,80782.5011755954,56.2492481625932
79056,"48201","MI","Detroit",2013-11-30,128951.314840505,80782.5011755954,59.6277819625888
79056,"48201","MI","Detroit",2013-12-31,130182.369800778,80782.5011755954,61.151694867436
79056,"48201","MI","Detroit",2014-01-31,130762.057456235,80782.5011755954,61.8692854929061
79056,"48201","MI","Detroit",2014-02-28,130840.48103011,80782.5011755954,61.9663653960215
79056,"48201","MI","Detroit",2014-03-31,131693.121144438,80782.5011755954,63.0218416463471
79056,"48201","MI","Detroit",2014-04-30,133814.536508833,80782.5011755954,65.6479244409167
79056,"48201","MI","Detroit",2014-05-31,137194.2513,80782.5011755954,69.8316458434278
79056,"48201","MI","Detroit",2014-06-30,141740.230182826,80782.5011755954,75.4590760624358
79056,"48201","MI","Detroit",2014-07-31,146744.398898177,80782.5011755954,81.6536957418554
79056,"48201","MI","Detroit",2014-08-31,151597.488221527,80782.5011755954,87.6612954728931
79056,"48201","MI","Detroit",2014-09-30,156441.868665914,80782.5011755954,93.6581145536204
79056,"48201","MI","Detroit",2014-10-31,161107.933050617,80782.5011755954,99.4341976369607
79056,"48201","MI","Detroit",2014-11-30,164867.461833294,80782.5011755954,104.088087684887
79056,"48201","MI","Detroit",2014-12-31,167329.084300676,80782.5011755954,107.13531008028
79056,"48201","MI","Detroit",2015-01-31,169360.034086766,80782.5011755954,109.649406272568
79056,"48201","MI","Detroit",2015-02-28,172435.549294727,80782.5011755954,113.456561489607
79056,"48201","MI","Detroit",2015-03-31,177362.526248514,80782.5011755954,119.555626116335
79056,"48201","MI","Detroit",2015-04-30,182696.263121911,80782.5011755954,126.158215533322
79056,"48201","MI","Detroit",2015-05-31,188271.80140944,80782.5011755954,133.060128950696
79056,"48201","MI","Detroit",2015-06-30,192571.472454548,80782.5011755954,138.382656704276
79056,"48201","MI","Detroit",2015-07-31,195776.542885519,80782.5011755954,142.350187276281
79056,"48201","MI","Detroit",2015-08-31,198519.876416173,80782.5011755954,145.746137501554
79056,"48201","MI","Detroit",2015-09-30,202717.56798238,80782.5011755954,150.942425689119
79056,"48201","MI","Detroit",2015-10-31,209591.696083601,80782.5011755954,159.451852856123
79056,"48201","MI","Detroit",2015-11-30,217662.985584216,80782.5011755954,169.443236365121
79056,"48201","MI","Detroit",2015-12-31,226031.991987826,80782.5011755954,179.803161202579
79056,"48201","MI","Detroit",2016-01-31,234650.291189069,80782.5011755954,190.471683563021
79056,"48201","MI","Detroit",2016-02-29,243884.002682653,80782.5011755954,201.902019785853
79056,"48201","MI","Detroit",2016-03-31,252190.139668775,80782.5011755954,212.184119083655
79056,"48201","MI","Detroit",2016-04-30,259233.377216478,80782.5011755954,220.902885456575
79056,"48201","MI","Detroit",2016-05-31,263807.604471225,80782.5011755954,226.565284105021
79056,"48201","MI","Detroit",2016-06-30,268118.150048284,80782.5011755954,231.9012733531
79056,"48201","MI","Detroit",2016-07-31,271672.349995432,80782.5011755954,236.300988508518
79056,"48201","MI","Detroit",2016-08-31,275414.539657141,80782.5011755954,240.933414599874
79056,"48201","MI","Detroit",2016-09-30,277447.504066907,80782.5011755954,243.450004678395
79056,"48201","MI","Detroit",2016-10-31,277904.841666349,80782.5011755954,244.016139166418
79056,"48201","MI","Detroit",2016-11-30,278540.026912527,80782.5011755954,244.802429807255
79056,"48201","MI","Detroit",2016-12-31,278765.564061509,80782.5011755954,245.081620406333
79056,"48201","MI","Detroit",2017-01-31,281226.303031359,80782.5011755954,248.12774912733
79056,"48201","MI","Detroit",2017-02-28,284863.43124729,80782.5011755954,252.630120510985
79056,"48201","MI","Detroit",2017-03-31,290086.792388387,80782.5011755954,259.096076708284
79056,"48201","MI","Detroit",2017-04-30,293723.80330766,80782.5011755954,263.598302891363
79056,"48201","MI","Detroit",2017-05-31,296013.41901103,80782.5011755954,266.432599515074
79056,"48201","MI","Detroit",2017-06-30,298986.1497,80782.5011755954,270.112518613529
79056,"48201","MI","Detroit",2017-07-31,303262.517133392,80782.5011755954,275.406199016041
79056,"48201","MI","Detroit",2017-08-31,307931.83631356,80782.5011755954,281.186311184169
79056,"48201","MI","Detroit",2017-09-30,311492.344170844,80782.5011755954,285.593834850148
79056,"48201","MI","Detroit",2017-10-31,314323.518509219,80782.5011755954,289.098522495583
79056,"48201","MI","Detroit",2017-11-30,317062.938466407,80782.5011755954,292.48962814015
79056,"48201","MI","Detroit",2017-12-31,320630.18743666,80782.5011755954,296.905496574948
79056,"48201","MI","Detroit",2018-01-31,325879.899268043,80782.5011755954,303.40407207705
79056,"48201","MI","Detroit",2018-02-28,332077.993337174,80782.5011755954,311.076642223967
79056,"48201","MI","Detroit",2018-03-31,340496.685214633,80782.5011755954,321.498072304671
79056,"48201","MI","Detroit",2018-04-30,347790.206375989,80782.5011755954,330.526662723656
79056,"48201","MI","Detroit",2018-05-31,353759.361252757,80782.5011755954,337.915830909713
79056,"48201","MI","Detroit",2018-06-30,357297.598558817,80782.5011755954,342.295786041789
79056,"48201","MI","Detroit",2018-07-31,357389.77623962,80782.5011755954,342.409892041803
79056,"48201","MI","Detroit",2018-08-31,355904.983055931,80782.5011755954,340.571878657615
79056,"48201","MI","Detroit",2018-09-30,354052.356197448,80782.5011755954,338.278526964461
79056,"48201","MI","Detroit",2018-10-31,354196.428235355,80782.5011755954,338.456872566306
79056,"48201","MI","Detroit",2018-11-30,356045.49835786,80782.5011755954,340.745821404973
79056,"48201","MI","Detroit",2018-12-31,356536.099039217,80782.5011755954,341.353131991075
79056,"48201","MI","Detroit",2019-01-31,360346.470374536,80782.5011755954,346.069959620658
79056,"48201","MI","Detroit",2019-02-28,362977.581519728,80782.5011755954,349.326990669342
79056,"48201","MI","Detroit",2019-03-31,367515.334679939,80782.5011755954,354.944238333346
79056,"48201","MI","Detroit",2019-04-30,369620.635831719,80782.5011755954,357.550373475416
79056,"48201","MI","Detroit",2019-05-31,372582.804338567,80782.5011755954,361.217217734682
79056,"48201","MI","Detroit",2019-06-30,374068.914129629,80782.5011755954,363.056860936408
79056,"48201","MI","Detroit",2019-07-31,375891.803881393,80782.5011755954,365.313401307449
79056,"48201","MI","Detroit",2019-08-31,378534.481612254,80782.5011755954,368.584750538289
79056,"48201","MI","Detroit",2019-09-30,382164.9584,80782.5011755954,373.078888173189
79056,"48201","MI","Detroit",2019-10-31,384356.158548236,80782.5011755954,375.791356983078
79056,"48201","MI","Detroit",2019-11-30,385693.479860008,80782.5011755954,377.446816138601
79056,"48201","MI","Detroit",2019-12-31,385036.260677979,80782.5011755954,376.633249868103
79056,"48201","MI","Detroit",2020-01-31,386149.079806144,80782.5011755954,378.010799599753
79056,"48201","MI","Detroit",2020-02-29,387067.298143953,80782.5011755954,379.147454598604
79056,"48201","MI","Detroit",2020-03-31,390530.089568417,80782.5011755954,383.434015888576
79056,"48201","MI","Detroit",2020-04-30,393391.206775059,80782.5011755954,386.975769566669
79056,"48201","MI","Detroit",2020-05-31,396444.043198381,80782.5011755954,390.754850900986
79056,"48201","MI","Detroit",2020-06-30,398504.562827135,80782.5011755954,393.305551360577
79056,"48201","MI","Detroit",2020-07-31,398501.510411839,80782.5011755954,393.301772800552
79056,"48201","MI","Detroit",2020-08-31,397029.336014353,80782.5011755954,391.47938010899
79056,"48201","MI","Detroit",2020-09-30,394913.095257156,80782.5011755954,388.859702918509
79056,"48201","MI","Detroit",2020-10-31,394544.6477,80782.5011755954,388.403604689568
79056,"48201","MI","Detroit",2020-11-30,396312.319871314,80782.5011755954,390.591791667675
79056,"48201","MI","Detroit",2020-12-31,398077.50397153,80782.5011755954,392.776898682843
79056,"48201","MI","Detroit",2021-01-31,399937.809534719,80782.5011755954,395.079755781988
79056,"48201","MI","Detroit",2021-02-28,402188.166243071,80782.5011755954,397.865454015644
79056,"48201","MI","Detroit",2021-03-31,406853.769958757,80782.5011755954,403.640966840562
79056,"48201","MI","Detroit",2021-04-30,411644.9732,80782.5011755954,409.571958294799
79056,"48201","MI","Detroit",2021-05-31,417024.579430313,80782.5011755954,416.231329014974
79056,"48201","MI","Detroit",2021-06-30,422443.380283635,80782.5011755954,422.93921843962
79056,"48201","MI","Detroit",2021-07-31,428156.9255203,80782.5011755954,430.011969534867
79056,"48201","MI","Detroit",2021-08-31,431970.31163298,80782.5011755954,434.732529132781
79056,"48201","MI","Detroit",2021-09-30,433696.441053686,80782.5011755954,436.869290678397
79056,"48201","MI","Detroit",2021-10-31,435113.250016164,80782.5011755954,438.623146949074
79056,"48201","MI","Detroit",2021-11-30,437704.189350316,80782.5011755954,441.830449640184
79056,"48201","MI","Detroit",2021-12-31,438907.044837977,80782.5011755954,443.319454647651
79056,"48201","MI","Detroit",2022-01-31,440111.757016197,80782.5011755954,444.810758037232
79056,"48201","MI","Detroit",2022-02-28,441559.511611274,80782.5011755954,446.602921654362
79056,"48201","MI","Detroit",2022-03-31,444994.031771727,80782.5011755954,450.854486176966
79056,"48201","MI","Detroit",2022-04-30,448045.271798903,80782.5011755954,454.631591345501
79056,"48201","MI","Detroit",2022-05-31,450204.414711637,80782.5011755954,457.30437676476
79056,"48201","MI","Detroit",2022-06-30,452620.031059356,80782.5011755954,460.294648559475
79056,"48201","MI","Detroit",2022-07-31,453977.239405645,80782.5011755954,461.97472571299
79056,"48201","MI","Detroit",2022-08-31,453183.893099135,80782.5011755954,460.992648784243
79056,"48201","MI","Detroit",2022-09-30,448796.481823633,80782.5011755954,455.561508114353
79056,"48201","MI","Detroit",2022-10-31,443235.717202559,80782.5011755954,448.67788289831
79056,"48201","MI","Detroit",2022-11-30,438402.689264044,80782.5011755954,442.695116992103
79056,"48201","MI","Detroit",2022-12-31,434709.692413666,80782.5011755954,438.123586281076
79056,"48201","MI","Detroit",2023-01-31,429371.255186732,80782.5011755954,431.515178334744
79056,"48201","MI","Detroit",2023-02-28,422284.932797412,80782.5011755954,422.743077587434
79056,"48201","MI","Detroit",2023-03-31,415657.328530335,80782.5011755954,414.538820266073
79056,"48201","MI","Detroit",2023-04-30,411645.110509079,80782.5011755954,409.572128268588
79056,"48201","MI","Detroit",2023-05-31,410838.006390009,80782.5011755954,408.573020655771
79056,"48201","MI","Detroit",2023-06-30,411919.287779531,80782.5011755954,409.911530077721
79056,"48201","MI","Detroit",2023-07-31,414862.587265239,80782.5011755954,413.555016529459
79056,"48201","MI","Detroit",2023-08-31,418690.9275,80782.5011755954,418.294087713253
79056,"48201","MI","Detroit",2023-09-30,422141.795813653,80782.5011755954,422.5658894815
79056,"48201","MI","Detroit",2023-10-31,424232.956477588,80782.5011755954,425.154520228881
79056,"48201","MI","Detroit",2023-11-30,424341.021021803,80782.5011755954,425.28829244767
79056,"48201","MI","Detroit",2023-12-31,422553.079298271,80782.5011755954,423.075013956025
79056,"48201","MI","Detroit",2024-01-31,421019.987443182,80782.5011755954,421.177212040042
79056,"48201","MI","Detroit",2024-02-29,420705.009170623,80782.5011755954,420.787303002842
79056,"48201","MI","Detroit",2024-03-31,423132.9198,80782.5011755954,423.79279378865
79056,"48201","MI","Detroit",2024-04-30,426648.194477491,80782.5011755954,428.144323669917
79056,"48201","MI","Detroit",2024-05-31,429954.742490189,80782.5011755954,432.237472513515
79056,"48201","MI","Detroit",2024-06-30,429526.683861221,80782.5011755954,431.707582224481
79056,"48201","MI","Detroit",2024-07-31,426480.232046272,80782.5011755954,427.936404344848
79056,"48201","MI","Detroit",2024-08-31,423994.585424504,80782.5011755954,424.859442644484
79056,"48201","MI","Detroit",2024-09-30,424139.699748149,80782.5011755954,425.039078483352
79056,"48201","MI","Detroit",2024-10-31,424877.023206214,80782.5011755954,425.951805184475
79056,"48201","MI","Detroit",2024-11-30,424092.848018124,80782.5011755954,424.981081108496
79056,"48201","MI","Detroit",2024-12-31,423073.93511751,80782.5011755954,423.719777130795
79056,"48201","MI","Detroit",2025-01-31,422951.093184345,80782.5011755954,423.56771210263
79056,"48201","MI","Detroit",2025-02-28,423462.503508429,80782.5011755954,424.20078277591
79056,"48201","MI","Detroit",2025-03-31,422582.6033,80782.5011755954,423.111561477207
79056,"48201","MI","Detroit",2025-04-30,421396.063449615,80782.5011755954,421.642753464187
79056,"48201","MI","Detroit",2025-05-31,419798.623774576,80782.5011755954,419.665295906186
79056,"48201","MI","Detroit",2025-06-30,419068.441662083,80782.5011755954,418.761409418559
79056,"48201","MI","Detroit",2025-07-31,418896.523054774,80782.5011755954,418.548592775343
79056,"48201","MI","Detroit",2025-08-31,418226.468185858,80782.5011755954,417.719137312631
79056,"48201","MI","Detroit",2025-09-30,416289.196365393,80782.5011755954,415.321004310715
81294,"53214","WI","West Allis",2000-01-31,89535.711745607,89535.711745607,0
81294,"53214","WI","West Allis",2000-02-29,89484.3132371845,89535.711745607,-0.0574055953992403
81294,"53214","WI","West Allis",2000-03-31,89517.837901326,89535.711745607,-0.0199628102938547
81294,"53214","WI","West Allis",2000-04-30,89606.2503694956,89535.711745607,0.0787826695217593
81294,"53214","WI","West Allis",2000-05-31,89900.41081,89535.711745607,0.407322460817808
81294,"53214","WI","West Allis",2000-06-30,90235.3115671347,89535.711745607,0.781364003131396
81294,"53214","WI","West Allis",2000-07-31,90663.6229848753,89535.711745607,1.25973337038182
81294,"53214","WI","West Allis",2000-08-31,91156.6915635799,89535.711745607,1.81042824853889
81294,"53214","WI","West Allis",2000-09-30,91756.6673972997,89535.711745607,2.48052493065891
81294,"53214","WI","West Allis",2000-10-31,92370.1975004866,89535.711745607,3.16576000750746
81294,"53214","WI","West Allis",2000-11-30,92917.6549627727,89535.711745607,3.77720034970464
81294,"53214","WI","West Allis",2000-12-31,93473.0988842939,89535.711745607,4.39756055089388
81294,"53214","WI","West Allis",2001-01-31,94021.0417236976,89535.711745607,5.00954299758562
81294,"53214","WI","West Allis",2001-02-28,94514.1539,89535.711745607,5.56028656871342
81294,"53214","WI","West Allis",2001-03-31,94952.1487642907,89535.711745607,6.04947111390934
81294,"53214","WI","West Allis",2001-04-30,95438.6236573322,89535.711745607,6.59280168397693
81294,"53214","WI","West Allis",2001-05-31,95956.733112603,89535.711745607,7.1714640357578
81294,"53214","WI","West Allis",2001-06-30,96494.0914535101,89535.711745607,7.77162494410441
81294,"53214","WI","West Allis",2001-07-31,97009.14472,89535.711745607,8.34687392180095
81294,"53214","WI","West Allis",2001-08-31,97540.7011001946,89535.711745607,8.94055477811102
81294,"53214","WI","West Allis",2001-09-30,98211.6864850243,89535.711745607,9.68996009555138
81294,"53214","WI","West Allis",2001-10-31,98893.47667,89535.711745607,10.4514330002543
81294,"53214","WI","West Allis",2001-11-30,99626.951011007,89535.711745607,11.2706305323976
81294,"53214","WI","West Allis",2001-12-31,100283.584855689,89535.711745607,12.0040070051819
81294,"53214","WI","West Allis",2002-01-31,100900.874995249,89535.711745607,12.6934415643373
81294,"53214","WI","West Allis",2002-02-28,101469.934401042,89535.711745607,13.3290085294041
81294,"53214","WI","West Allis",2002-03-31,101954.50865053,89535.711745607,13.8702163224076
81294,"53214","WI","West Allis",2002-04-30,102415.850281759,89535.711745607,14.3854762362837
81294,"53214","WI","West Allis",2002-05-31,102832.698079231,89535.711745607,14.8510421980052
81294,"53214","WI","West Allis",2002-06-30,103321.44279698,89535.711745607,15.3969078735217
81294,"53214","WI","West Allis",2002-07-31,103994.890370006,89535.711745607,16.1490631419571
81294,"53214","WI","West Allis",2002-08-31,104813.071771014,89535.711745607,17.062867684365
81294,"53214","WI","West Allis",2002-09-30,105667.919493431,89535.711745607,18.0176238433885
81294,"53214","WI","West Allis",2002-10-31,106457.422902882,89535.711745607,18.8993987174115
81294,"53214","WI","West Allis",2002-11-30,107258.141110704,89535.711745607,19.7936990945582
81294,"53214","WI","West Allis",2002-12-31,108102.082086714,89535.711745607,20.7362738053154
81294,"53214","WI","West Allis",2003-01-31,108900.306680037,89535.711745607,21.6277891322843
81294,"53214","WI","West Allis",2003-02-28,109525.135447809,89535.711745607,22.3256433801484
81294,"53214","WI","West Allis",2003-03-31,110012.506002228,89535.711745607,22.8699742900363
81294,"53214","WI","West Allis",2003-04-30,110653.345787601,89535.711745607,23.5857108077662
81294,"53214","WI","West Allis",2003-05-31,111532.580104317,89535.711745607,24.5677036903536
81294,"53214","WI","West Allis",2003-06-30,112486.374727875,89535.711745607,25.6329709507156
81294,"53214","WI","West Allis",2003-07-31,113569.600665807,89535.711745607,26.8427965240128
81294,"53214","WI","West Allis",2003-08-31,114751.095457523,89535.711745607,28.162375906006
81294,"53214","WI","West Allis",2003-09-30,116028.698356721,89535.711745607,29.5892958179488
81294,"53214","WI","West Allis",2003-10-31,117087.977694557,89535.711745607,30.7723760852352
81294,"53214","WI","West Allis",2003-11-30,117989.60590189,89535.711745607,31.7793800948692
81294,"53214","WI","West Allis",2003-12-31,118802.690562565,89535.711745607,32.6874922266912
81294,"53214","WI","West Allis",2004-01-31,119511.244914442,89535.711745607,33.4788573010984
81294,"53214","WI","West Allis",2004-02-29,120091.242132854,89535.711745607,34.1266404114403
81294,"53214","WI","West Allis",2004-03-31,120551.426211925,89535.711745607,34.6406074868109
81294,"53214","WI","West Allis",2004-04-30,121083.727048512,89535.711745607,35.2351198062068
81294,"53214","WI","West Allis",2004-05-31,121827.523874833,89535.711745607,36.0658462413014
81294,"53214","WI","West Allis",2004-06-30,122999.087569724,89535.711745607,37.3743338514963
81294,"53214","WI","West Allis",2004-07-31,124382.322396864,89535.711745607,38.9192311892986
81294,"53214","WI","West Allis",2004-08-31,125880.171299204,89535.711745607,40.5921378688094
81294,"53214","WI","West Allis",2004-09-30,127150.235566994,89535.711745607,42.0106380884752
81294,"53214","WI","West Allis",2004-10-31,128675.596844223,89535.711745607,43.7142725908318
81294,"53214","WI","West Allis",2004-11-30,129961.931024823,89535.711745607,45.1509442333766
81294,"53214","WI","West Allis",2004-12-31,131273.077409031,89535.711745607,46.6153279509414
81294,"53214","WI","West Allis",2005-01-31,131978.641201595,89535.711745607,47.4033529510308
81294,"53214","WI","West Allis",2005-02-28,132608.241222062,89535.711745607,48.1065360811942
81294,"53214","WI","West Allis",2005-03-31,133234.392330358,89535.711745607,48.8058672152063
81294,"53214","WI","West Allis",2005-04-30,134366.309894082,89535.711745607,50.0700751403521
81294,"53214","WI","West Allis",2005-05-31,135729.846515941,89535.711745607,51.5929720887044
81294,"53214","WI","West Allis",2005-06-30,137192.284931422,89535.711745607,53.2263297590339
81294,"53214","WI","West Allis",2005-07-31,138468.846760767,89535.711745607,54.6520869283879
81294,"53214","WI","West Allis",2005-08-31,139832.205938547,89535.711745607,56.174785694277
81294,"53214","WI","West Allis",2005-09-30,141086.0652,89535.711745607,57.5751869833348
81294,"53214","WI","West Allis",2005-10-31,142086.317984827,89535.711745607,58.692342099797
81294,"53214","WI","West Allis",2005-11-30,142850.145803645,89535.711745607,59.5454406053277
81294,"53214","WI","West Allis",2005-12-31,143466.504147042,89535.711745607,60.2338344667047
81294,"53214","WI","West Allis",2006-01-31,143856.768486904,89535.711745607,60.669710088011
81294,"53214","WI","West Allis",2006-02-28,144291.895677164,89535.711745607,61.1556918061175
81294,"53214","WI","West Allis",2006-03-31,144535.593323735,89535.711745607,61.4278710760637
81294,"53214","WI","West Allis",2006-04-30,144816.839110971,89535.711745607,61.741986842559
81294,"53214","WI","West Allis",2006-05-31,144722.774237547,89535.711745607,61.6369283451278
81294,"53214","WI","West Allis",2006-06-30,144533.124833763,89535.711745607,61.4251140867876
81294,"53214","WI","West Allis",2006-07-31,144447.798076298,89535.711745607,61.3298149532892
81294,"53214","WI","West Allis",2006-08-31,144574.723999043,89535.711745607,61.4715750624902
81294,"53214","WI","West Allis",2006-09-30,144856.083377403,89535.711745607,61.7858176958199
81294,"53214","WI","West Allis",2006-10-31,145129.910334355,89535.711745607,62.0916475726521
81294,"53214","WI","West Allis",2006-11-30,145519.468992265,89535.711745607,62.5267350369884
81294,"53214","WI","West Allis",2006-12-31,145702.389574874,89535.711745607,62.7310340580639
81294,"53214","WI","West Allis",2007-01-31,145968.422519831,89535.711745607,63.0281590149899
81294,"53214","WI","West Allis",2007-02-28,146075.240510562,89535.711745607,63.1474611221019
81294,"53214","WI","West Allis",2007-03-31,146412.913290244,89535.711745607,63.5245986609665
81294,"53214","WI","West Allis",2007-04-30,146586.579142205,89535.711745607,63.718561325221
81294,"53214","WI","West Allis",2007-05-31,146587.995181354,89535.711745607,63.7201428608139
81294,"53214","WI","West Allis",2007-06-30,146424.611107466,89535.711745607,63.5376636347007
81294,"53214","WI","West Allis",2007-07-31,146083.335986032,89535.711745607,63.1565027383608
81294,"53214","WI","West Allis",2007-08-31,145647.933692401,89535.711745607,62.6702137647855
81294,"53214","WI","West Allis",2007-09-30,145293.91126555,89535.711745607,62.2748157499046
81294,"53214","WI","West Allis",2007-10-31,145068.065983532,89535.711745607,62.0225753001286
81294,"53214","WI","West Allis",2007-11-30,144976.603861116,89535.711745607,61.9204237444724
81294,"53214","WI","West Allis",2007-12-31,144824.274344254,89535.711745607,61.7502910522845
81294,"53214","WI","West Allis",2008-01-31,144630.527539534,89535.711745607,61.5339005183371
81294,"53214","WI","West Allis",2008-02-29,143701.253423043,89535.711745607,60.4960195450657
81294,"53214","WI","West Allis",2008-03-31,142531.131322005,89535.711745607,59.1891420118163
81294,"53214","WI","West Allis",2008-04-30,141359.705881823,89535.711745607,57.8808088145438
81294,"53214","WI","West Allis",2008-05-31,139991.391455815,89535.711745607,56.3525756667518
81294,"53214","WI","West Allis",2008-06-30,138980.900366194,89535.711745607,55.2239856662697
81294,"53214","WI","West Allis",2008-07-31,137819.560063728,89535.711745607,53.9269162848756
81294,"53214","WI","West Allis",2008-08-31,137124.298169794,89535.711745607,53.1503971950291
81294,"53214","WI","West Allis",2008-09-30,135791.234534457,89535.711745607,51.661534696092
81294,"53214","WI","West Allis",2008-10-31,133462.403780732,89535.711745607,49.0605269994745
81294,"53214","WI","West Allis",2008-11-30,131104.787442118,89535.711745607,46.4273694664082
81294,"53214","WI","West Allis",2008-12-31,129835.215906724,89535.711745607,45.0094195661477
81294,"53214","WI","West Allis",2009-01-31,128014.668196141,89535.711745607,42.9760993690006
81294,"53214","WI","West Allis",2009-02-28,127201.709535477,89535.711745607,42.068127963162
81294,"53214","WI","West Allis",2009-03-31,126636.528568737,89535.711745607,41.4368927211332
81294,"53214","WI","West Allis",2009-04-30,126522.223112696,89535.711745607,41.3092280677647
81294,"53214","WI","West Allis",2009-05-31,125857.582015649,89535.711745607,40.5669085127074
81294,"53214","WI","West Allis",2009-06-30,124816.228590972,89535.711745607,39.4038492100292
81294,"53214","WI","West Allis",2009-07-31,125224.857424161,89535.711745607,39.8602356341962
81294,"53214","WI","West Allis",2009-08-31,125840.577344088,89535.711745607,40.547916457773
81294,"53214","WI","West Allis",2009-09-30,125590.62925076,89535.711745607,40.2687562339304
81294,"53214","WI","West Allis",2009-10-31,124628.88881801,89535.711745607,39.194614515503
81294,"53214","WI","West Allis",2009-11-30,122595.170878429,89535.711745607,36.9232102903839
81294,"53214","WI","West Allis",2009-12-31,120737.756722617,89535.711745607,34.8487149637711
81294,"53214","WI","West Allis",2010-01-31,119417.536530298,89535.711745607,33.3741969568444
81294,"53214","WI","West Allis",2010-02-28,119359.88933444,89535.711745607,33.3098123724877
81294,"53214","WI","West Allis",2010-03-31,119656.935518355,89535.711745607,33.6415751720722
81294,"53214","WI","West Allis",2010-04-30,120080.368901311,89535.711745607,34.1144963950121
81294,"53214","WI","West Allis",2010-05-31,120235.908157471,89535.711745607,34.2882139576789
81294,"53214","WI","West Allis",2010-06-30,120012.001889852,89535.711745607,34.0381391403193
81294,"53214","WI","West Allis",2010-07-31,119264.996534338,89535.711745607,33.2038291862794
81294,"53214","WI","West Allis",2010-08-31,117647.918167918,89535.711745607,31.3977583628135
81294,"53214","WI","West Allis",2010-09-30,115233.989343648,89535.711745607,28.7017069468952
81294,"53214","WI","West Allis",2010-10-31,112075.374988456,89535.711745607,25.1739365258967
81294,"53214","WI","West Allis",2010-11-30,108723.229835665,89535.711745607,21.4300168234261
81294,"53214","WI","West Allis",2010-12-31,106153.404953091,89535.711745607,18.5598493422367
81294,"53214","WI","West Allis",2011-01-31,102622.538778144,89535.711745607,14.6163209934828
81294,"53214","WI","West Allis",2011-02-28,99198.7618160893,89535.711745607,10.7923976724922
81294,"53214","WI","West Allis",2011-03-31,95549.1112314217,89535.711745607,6.71620224888606
81294,"53214","WI","West Allis",2011-04-30,93758.1782298045,89535.711745607,4.7159579143063
81294,"53214","WI","West Allis",2011-05-31,92261.858502622,89535.711745607,3.04475912891671
81294,"53214","WI","West Allis",2011-06-30,90686.2009823118,89535.711745607,1.28495012132539
81294,"53214","WI","West Allis",2011-07-31,88358.7774661986,89535.711745607,-1.31448586989787
81294,"53214","WI","West Allis",2011-08-31,86519.955038513,89535.711745607,-3.3682166012848
81294,"53214","WI","West Allis",2011-09-30,85303.3924528857,89535.711745607,-4.72696224803176
81294,"53214","WI","West Allis",2011-10-31,85764.0043598878,89535.711745607,-4.21251734328707
81294,"53214","WI","West Allis",2011-11-30,87017.2997362401,89535.711745607,-2.81274584215329
81294,"53214","WI","West Allis",2011-12-31,88348.5188190719,89535.711745607,-1.32594347371501
81294,"53214","WI","West Allis",2012-01-31,88968.5763074353,89535.711745607,-0.633418137986259
81294,"53214","WI","West Allis",2012-02-29,89200.5737554951,89535.711745607,-0.374306501370285
81294,"53214","WI","West Allis",2012-03-31,89632.350430505,89535.711745607,0.107933117427562
81294,"53214","WI","West Allis",2012-04-30,90984.7068904343,89535.711745607,1.61834324715502
81294,"53214","WI","West Allis",2012-05-31,93015.8729632644,89535.711745607,3.88689736174247
81294,"53214","WI","West Allis",2012-06-30,95512.9701173298,89535.711745607,6.67583722202999
81294,"53214","WI","West Allis",2012-07-31,97731.49214,89535.711745607,9.15364409865772
81294,"53214","WI","West Allis",2012-08-31,99223.7214457669,89535.711745607,10.8202744036769
81294,"53214","WI","West Allis",2012-09-30,100194.021176206,89535.711745607,11.9039757687771
81294,"53214","WI","West Allis",2012-10-31,100652.597816511,89535.711745607,12.4161475395316
81294,"53214","WI","West Allis",2012-11-30,100629.681915282,89535.711745607,12.3905533930371
81294,"53214","WI","West Allis",2012-12-31,100147.124483561,89535.711745607,11.8515981289156
81294,"53214","WI","West Allis",2013-01-31,99582.8090880819,89535.711745607,11.2213296198741
81294,"53214","WI","West Allis",2013-02-28,99281.22409,89535.711745607,10.884497542257
81294,"53214","WI","West Allis",2013-03-31,98766.92532,89535.711745607,10.3100912411587
81294,"53214","WI","West Allis",2013-04-30,98609.330941546,89535.711745607,10.1340783683267
81294,"53214","WI","West Allis",2013-05-31,98788.88178,89535.711745607,10.3346138138528
81294,"53214","WI","West Allis",2013-06-30,99631.0587228256,89535.711745607,11.2752183239487
81294,"53214","WI","West Allis",2013-07-31,100102.915665126,89535.711745607,11.8022225026172
81294,"53214","WI","West Allis",2013-08-31,100714.183899371,89535.711745607,12.4849313595954
81294,"53214","WI","West Allis",2013-09-30,101293.152012693,89535.711745607,13.1315650904656
81294,"53214","WI","West Allis",2013-10-31,101957.959421938,89535.711745607,13.874070395091
81294,"53214","WI","West Allis",2013-11-30,101823.133364556,89535.711745607,13.7234868404918
81294,"53214","WI","West Allis",2013-12-31,101751.630201025,89535.711745607,13.6436269028906
81294,"53214","WI","West Allis",2014-01-31,101706.590660393,89535.711745607,13.5933234655754
81294,"53214","WI","West Allis",2014-02-28,102046.127137137,89535.711745607,13.9725425169742
81294,"53214","WI","West Allis",2014-03-31,103110.942633387,89535.711745607,15.1618059689414
81294,"53214","WI","West Allis",2014-04-30,104871.876313911,89535.711745607,17.1285448781356
81294,"53214","WI","West Allis",2014-05-31,107455.791370358,89535.711745607,20.0144492911014
81294,"53214","WI","West Allis",2014-06-30,109551.969187137,89535.711745607,22.3556132534029
81294,"53214","WI","West Allis",2014-07-31,111580.622228359,89535.711745607,24.6213606313728
81294,"53214","WI","West Allis",2014-08-31,112651.77620111,89535.711745607,25.8177033552617
81294,"53214","WI","West Allis",2014-09-30,113143.709418619,89535.711745607,26.3671301793946
81294,"53214","WI","West Allis",2014-10-31,112870.638927867,89535.711745607,26.0621451790766
81294,"53214","WI","West Allis",2014-11-30,112816.483203165,89535.711745607,26.0016601238444
81294,"53214","WI","West Allis",2014-12-31,113022.132463234,89535.711745607,26.2313441862812
81294,"53214","WI","West Allis",2015-01-31,113410.51188657,89535.711745607,26.6651145956116
81294,"53214","WI","West Allis",2015-02-28,113725.179783156,89535.711745607,27.0165586065562
81294,"53214","WI","West Allis",2015-03-31,114279.372729664,89535.711745607,27.6355216277942
81294,"53214","WI","West Allis",2015-04-30,114985.754940534,89535.711745607,28.4244606970197
81294,"53214","WI","West Allis",2015-05-31,115862.597206575,89535.711745607,29.4037819633014
81294,"53214","WI","West Allis",2015-06-30,116518.983660404,89535.711745607,30.1368821319733
81294,"53214","WI","West Allis",2015-07-31,117117.981561168,89535.711745607,30.8058865873859
81294,"53214","WI","West Allis",2015-08-31,117703.71111402,89535.711745607,31.4600719860755
81294,"53214","WI","West Allis",2015-09-30,118147.778589168,89535.711745607,31.9560388650892
81294,"53214","WI","West Allis",2015-10-31,118467.32560353,89535.711745607,32.3129322299066
81294,"53214","WI","West Allis",2015-11-30,118583.417490471,89535.711745607,32.4425920993352
81294,"53214","WI","West Allis",2015-12-31,118833.357423783,89535.711745607,32.7217432094783
81294,"53214","WI","West Allis",2016-01-31,119439.060359663,89535.711745607,33.3982363361544
81294,"53214","WI","West Allis",2016-02-29,120177.662843956,89535.711745607,34.2231613519869
81294,"53214","WI","West Allis",2016-03-31,120689.575567861,89535.711745607,34.7949027431311
81294,"53214","WI","West Allis",2016-04-30,121143.780622956,89535.711745607,35.3021920093243
81294,"53214","WI","West Allis",2016-05-31,121531.397120311,89535.711745607,35.7351103273872
81294,"53214","WI","West Allis",2016-06-30,122003.678141654,89535.711745607,36.2625881483984
81294,"53214","WI","West Allis",2016-07-31,122079.56235987,89535.711745607,36.3473411667605
81294,"53214","WI","West Allis",2016-08-31,122379.178152308,89535.711745607,36.6819738921797
81294,"53214","WI","West Allis",2016-09-30,123250.53808402,89535.711745607,37.6551720884343
81294,"53214","WI","West Allis",2016-10-31,124586.136714584,89535.711745607,39.1468658545585
81294,"53214","WI","West Allis",2016-11-30,126084.866285316,89535.711745607,40.8207561286322
81294,"53214","WI","West Allis",2016-12-31,127016.399315723,89535.711745607,41.861160021387
81294,"53214","WI","West Allis",2017-01-31,127799.548595363,89535.711745607,42.7358381407332
81294,"53214","WI","West Allis",2017-02-28,128230.018152263,89535.711745607,43.2166178748838
81294,"53214","WI","West Allis",2017-03-31,128860.505617895,89535.711745607,43.920792168402
81294,"53214","WI","West Allis",2017-04-30,129491.364158558,89535.711745607,44.6253809055261
81294,"53214","WI","West Allis",2017-05-31,130127.308889454,89535.711745607,45.3356502701157
81294,"53214","WI","West Allis",2017-06-30,130763.533333887,89535.711745607,46.0462320391419
81294,"53214","WI","West Allis",2017-07-31,131429.743943656,89535.711745607,46.7903045402484
81294,"53214","WI","West Allis",2017-08-31,131979.301694201,89535.711745607,47.4040906372491
81294,"53214","WI","West Allis",2017-09-30,132526.426312645,89535.711745607,48.0151592352163
81294,"53214","WI","West Allis",2017-10-31,133037.678089997,89535.711745607,48.5861624331418
81294,"53214","WI","West Allis",2017-11-30,134004.420225375,89535.711745607,49.6658904171268
81294,"53214","WI","West Allis",2017-12-31,135174.872609792,89535.711745607,50.9731368348945
81294,"53214","WI","West Allis",2018-01-31,136779.469578502,89535.711745607,52.7652675249019
81294,"53214","WI","West Allis",2018-02-28,138299.02863495,89535.711745607,54.4624216847589
81294,"53214","WI","West Allis",2018-03-31,139871.640313334,89535.711745607,56.218828874387
81294,"53214","WI","West Allis",2018-04-30,140902.865719715,89535.711745607,57.3705764690349
81294,"53214","WI","West Allis",2018-05-31,141760.351751554,89535.711745607,58.3282792840577
81294,"53214","WI","West Allis",2018-06-30,142111.732794688,89535.711745607,58.7207272093419
81294,"53214","WI","West Allis",2018-07-31,142672.050408943,89535.711745607,59.3465307053222
81294,"53214","WI","West Allis",2018-08-31,143234.126973658,89535.711745607,59.9742987252069
81294,"53214","WI","West Allis",2018-09-30,144154.846643454,89535.711745607,61.0026254697493
81294,"53214","WI","West Allis",2018-10-31,144766.814859224,89535.711745607,61.6861161170445
81294,"53214","WI","West Allis",2018-11-30,145502.992752998,89535.711745607,62.5083331737038
81294,"53214","WI","West Allis",2018-12-31,146320.637095144,89535.711745607,63.4215378896824
81294,"53214","WI","West Allis",2019-01-31,147838.54576396,89535.711745607,65.1168487765033
81294,"53214","WI","West Allis",2019-02-28,149596.480854637,89535.711745607,67.080238642294
81294,"53214","WI","West Allis",2019-03-31,151270.041873784,89535.711745607,68.9493934035828
81294,"53214","WI","West Allis",2019-04-30,152200.05623921,89535.711745607,69.988101140747
81294,"53214","WI","West Allis",2019-05-31,152575.415337696,89535.711745607,70.4073295035615
81294,"53214","WI","West Allis",2019-06-30,152625.60546467,89535.711745607,70.4633854906039
81294,"53214","WI","West Allis",2019-07-31,152794.060988755,89535.711745607,70.6515288814375
81294,"53214","WI","West Allis",2019-08-31,152927.27815603,89535.711745607,70.8003155104568
81294,"53214","WI","West Allis",2019-09-30,153187.857652626,89535.711745607,71.0913496593075
81294,"53214","WI","West Allis",2019-10-31,153464.155244003,89535.711745607,71.3999389204977
81294,"53214","WI","West Allis",2019-11-30,154155.00479411,89535.711745607,72.1715299835911
81294,"53214","WI","West Allis",2019-12-31,155174.656123376,89535.711745607,73.3103508064639
81294,"53214","WI","West Allis",2020-01-31,156832.996369617,89535.711745607,75.1625059006829
81294,"53214","WI","West Allis",2020-02-29,158516.627850496,89535.711745607,77.0429080866421
81294,"53214","WI","West Allis",2020-03-31,160229.201575066,89535.711745607,78.9556350770036
81294,"53214","WI","West Allis",2020-04-30,161512.857063324,89535.711745607,80.3893149609639
81294,"53214","WI","West Allis",2020-05-31,162272.5347,89535.711745607,81.2377782409952
81294,"53214","WI","West Allis",2020-06-30,162530.856578776,89535.711745607,81.5262909179372
81294,"53214","WI","West Allis",2020-07-31,162709.422297157,89535.711745607,81.725726109661
81294,"53214","WI","West Allis",2020-08-31,163618.375631218,89535.711745607,82.7409113540055
81294,"53214","WI","West Allis",2020-09-30,165402.353133508,89535.711745607,84.7333872806599
81294,"53214","WI","West Allis",2020-10-31,167949.821087399,89535.711745607,87.5785849165811
81294,"53214","WI","West Allis",2020-11-30,170997.304125242,89535.711745607,90.9822357933422
81294,"53214","WI","West Allis",2020-12-31,174014.46370947,89535.711745607,94.3520192299221
81294,"53214","WI","West Allis",2021-01-31,177091.325603827,89535.711745607,97.7884825520649
81294,"53214","WI","West Allis",2021-02-28,180049.3617,89535.711745607,101.092232573707
81294,"53214","WI","West Allis",2021-03-31,183073.126864565,89535.711745607,104.469393603215
81294,"53214","WI","West Allis",2021-04-30,185871.979087002,89535.711745607,107.595355487998
81294,"53214","WI","West Allis",2021-05-31,188769.273808197,89535.711745607,110.831265120824
81294,"53214","WI","West Allis",2021-06-30,191720.370717124,89535.711745607,114.12726495306
81294,"53214","WI","West Allis",2021-07-31,193457.118650579,89535.711745607,116.066991459495
81294,"53214","WI","West Allis",2021-08-31,193466.00824252,89535.711745607,116.076920002831
81294,"53214","WI","West Allis",2021-09-30,192144.950659112,89535.711745607,114.601466736583
81294,"53214","WI","West Allis",2021-10-31,190914.559195296,89535.711745607,113.2272759921
81294,"53214","WI","West Allis",2021-11-30,190126.124624022,89535.711745607,112.34669487435
81294,"53214","WI","West Allis",2021-12-31,189712.904735137,89535.711745607,111.885180825007
81294,"53214","WI","West Allis",2022-01-31,190730.174579941,89535.711745607,113.02134183269
81294,"53214","WI","West Allis",2022-02-28,193288.439348822,89535.711745607,115.878598137469
81294,"53214","WI","West Allis",2022-03-31,197093.505237149,89535.711745607,120.128372684566
81294,"53214","WI","West Allis",2022-04-30,201216.717207008,89535.711745607,124.733475932725
81294,"53214","WI","West Allis",2022-05-31,204536.899563049,89535.711745607,128.441697257278
81294,"53214","WI","West Allis",2022-06-30,207214.852733314,89535.711745607,131.432630280599
81294,"53214","WI","West Allis",2022-07-31,208217.002747903,89535.711745607,132.551904361356
81294,"53214","WI","West Allis",2022-08-31,208127.066624992,89535.711745607,132.451457153021
81294,"53214","WI","West Allis",2022-09-30,207537.387122665,89535.711745607,131.792860163249
81294,"53214","WI","West Allis",2022-10-31,207364.399786897,89535.711745607,131.599655315268
81294,"53214","WI","West Allis",2022-11-30,208005.546920294,89535.711745607,132.315735101642
81294,"53214","WI","West Allis",2022-12-31,209038.028888884,89535.711745607,133.468886116427
81294,"53214","WI","West Allis",2023-01-31,210419.6777675,89535.711745607,135.012012151479
81294,"53214","WI","West Allis",2023-02-28,212710.352536086,89535.711745607,137.570404466598
81294,"53214","WI","West Allis",2023-03-31,216076.194695632,89535.711745607,141.329621983189
81294,"53214","WI","West Allis",2023-04-30,220324.626320673,89535.711745607,146.07457965674
81294,"53214","WI","West Allis",2023-05-31,224670.157074025,89535.711745607,150.927984704437
81294,"53214","WI","West Allis",2023-06-30,227952.470023413,89535.711745607,154.593910719202
81294,"53214","WI","West Allis",2023-07-31,229813.353679777,89535.711745607,156.672281036569
81294,"53214","WI","West Allis",2023-08-31,230640.555625687,89535.711745607,157.59616038011
81294,"53214","WI","West Allis",2023-09-30,231208.383948644,89535.711745607,158.230352382258
81294,"53214","WI","West Allis",2023-10-31,232069.983013691,89535.711745607,159.192648932147
81294,"53214","WI","West Allis",2023-11-30,232662.93959804,89535.711745607,159.854906005654
81294,"53214","WI","West Allis",2023-12-31,233270.151254928,89535.711745607,160.533084181769
81294,"53214","WI","West Allis",2024-01-31,233944.190959379,89535.711745607,161.28590078568
81294,"53214","WI","West Allis",2024-02-29,235778.949571113,89535.711745607,163.335092751616
81294,"53214","WI","West Allis",2024-03-31,238337.931389036,89535.711745607,166.193149908957
81294,"53214","WI","West Allis",2024-04-30,241060.67870549,89535.711745607,169.234112295217
81294,"53214","WI","West Allis",2024-05-31,243028.432939401,89535.711745607,171.431843452481
81294,"53214","WI","West Allis",2024-06-30,244256.440926205,89535.711745607,172.80337215635
81294,"53214","WI","West Allis",2024-07-31,245336.097552702,89535.711745607,174.009211262833
81294,"53214","WI","West Allis",2024-08-31,246482.171211367,89535.711745607,175.289229745203
81294,"53214","WI","West Allis",2024-09-30,247791.248726975,89535.711745607,176.751302799726
81294,"53214","WI","West Allis",2024-10-31,248591.720099375,89535.711745607,177.645327493107
81294,"53214","WI","West Allis",2024-11-30,249146.988825504,89535.711745607,178.26549202333
81294,"53214","WI","West Allis",2024-12-31,249667.557630294,89535.711745607,178.846901155665
81294,"53214","WI","West Allis",2025-01-31,250281.929556232,89535.711745607,179.533076441437
81294,"53214","WI","West Allis",2025-02-28,250544.120247975,89535.711745607,179.825910090303
81294,"53214","WI","West Allis",2025-03-31,250516.494881233,89535.711745607,179.795056069931
81294,"53214","WI","West Allis",2025-04-30,250899.667691512,89535.711745607,180.223011354821
81294,"53214","WI","West Allis",2025-05-31,251768.01499104,89535.711745607,181.192844824169
81294,"53214","WI","West Allis",2025-06-30,252524.155301586,89535.711745607,182.037357360903
81294,"53214","WI","West Allis",2025-07-31,252602.916874448,89535.711745607,182.125324018371
81294,"53214","WI","West Allis",2025-08-31,252175.777145623,89535.711745607,181.648263278585
81294,"53214","WI","West Allis",2025-09-30,252107.260223678,89535.711745607,181.57173859295
82253,"55403","MN","Minneapolis",2000-01-31,127525.239897718,127525.239897718,0
82253,"55403","MN","Minneapolis",2000-02-29,127860.914577705,127525.239897718,0.263222151361007
82253,"55403","MN","Minneapolis",2000-03-31,128550.077711298,127525.239897718,0.803635275967343
82253,"55403","MN","Minneapolis",2000-04-30,130040.279069975,127525.239897718,1.97218932838195
82253,"55403","MN","Minneapolis",2000-05-31,131938.947620573,127525.239897718,3.46104639865424
82253,"55403","MN","Minneapolis",2000-06-30,133941.331281704,127525.239897718,5.03123255375327
82253,"55403","MN","Minneapolis",2000-07-31,135845.283043879,127525.239897718,6.52423249925581
82253,"55403","MN","Minneapolis",2000-08-31,138400.944620701,127525.239897718,8.52827623120411
82253,"55403","MN","Minneapolis",2000-09-30,140834.888619369,127525.239897718,10.4368740904356
82253,"55403","MN","Minneapolis",2000-10-31,143363.774216042,127525.239897718,12.4199212101282
82253,"55403","MN","Minneapolis",2000-11-30,145520.061010507,127525.239897718,14.1107918144055
82253,"55403","MN","Minneapolis",2000-12-31,147915.181651509,127525.239897718,15.9889460079784
82253,"55403","MN","Minneapolis",2001-01-31,150166.574757586,127525.239897718,17.7543950342904
82253,"55403","MN","Minneapolis",2001-02-28,151971.231872171,127525.239897718,19.1695322385273
82253,"55403","MN","Minneapolis",2001-03-31,153436.404815808,127525.239897718,20.3184600467104
82253,"55403","MN","Minneapolis",2001-04-30,154930.75909698,127525.239897718,21.4902706485732
82253,"55403","MN","Minneapolis",2001-05-31,156308.010096568,127525.239897718,22.5702537175659
82253,"55403","MN","Minneapolis",2001-06-30,157892.679234377,127525.239897718,23.8128854813483
82253,"55403","MN","Minneapolis",2001-07-31,159787.766152638,127525.239897718,25.2989339842023
82253,"55403","MN","Minneapolis",2001-08-31,161934.31991889,127525.239897718,26.9821723517392
82253,"55403","MN","Minneapolis",2001-09-30,164097.363443462,127525.239897718,28.678341303319
82253,"55403","MN","Minneapolis",2001-10-31,166193.368396906,127525.239897718,30.3219413899569
82253,"55403","MN","Minneapolis",2001-11-30,168104.78656379,127525.239897718,31.8207961801275
82253,"55403","MN","Minneapolis",2001-12-31,170041.978523568,127525.239897718,33.339861708906
82253,"55403","MN","Minneapolis",2002-01-31,171482.42135138,127525.239897718,34.4693971867197
82253,"55403","MN","Minneapolis",2002-02-28,172622.098943015,127525.239897718,35.363085050039
82253,"55403","MN","Minneapolis",2002-03-31,173105.248988225,127525.239897718,35.7419512616204
82253,"55403","MN","Minneapolis",2002-04-30,173669.778792856,127525.239897718,36.1846321027494
82253,"55403","MN","Minneapolis",2002-05-31,174895.637747444,127525.239897718,37.1458998138089
82253,"55403","MN","Minneapolis",2002-06-30,176295.212958713,127525.239897718,38.2433886030015
82253,"55403","MN","Minneapolis",2002-07-31,177850.861818563,127525.239897718,39.4632638693394
82253,"55403","MN","Minneapolis",2002-08-31,179149.858666777,127525.239897718,40.4818832808814
82253,"55403","MN","Minneapolis",2002-09-30,180619.267201959,127525.239897718,41.6341324641494
82253,"55403","MN","Minneapolis",2002-10-31,181806.596925681,127525.239897718,42.5651871515777
82253,"55403","MN","Minneapolis",2002-11-30,182913.97298917,127525.239897718,43.4335454972491
82253,"55403","MN","Minneapolis",2002-12-31,184339.37162617,127525.239897718,44.5512839450599
82253,"55403","MN","Minneapolis",2003-01-31,185916.361169305,127525.239897718,45.7878936894527
82253,"55403","MN","Minneapolis",2003-02-28,187345.103740084,127525.239897718,46.9082543113377
82253,"55403","MN","Minneapolis",2003-03-31,188677.158962363,127525.239897718,47.9527967276841
82253,"55403","MN","Minneapolis",2003-04-30,190100.360847169,127525.239897718,49.0688125736044
82253,"55403","MN","Minneapolis",2003-05-31,191846.495246865,127525.239897718,50.4380586938992
82253,"55403","MN","Minneapolis",2003-06-30,193475.958671516,127525.239897718,51.7158162781688
82253,"55403","MN","Minneapolis",2003-07-31,195205.728137353,127525.239897718,53.0722296965824
82253,"55403","MN","Minneapolis",2003-08-31,196755.883417132,127525.239897718,54.2877971254474
82253,"55403","MN","Minneapolis",2003-09-30,197775.426959052,127525.239897718,55.0872808533262
82253,"55403","MN","Minneapolis",2003-10-31,198762.719600383,127525.239897718,55.8614747635848
82253,"55403","MN","Minneapolis",2003-11-30,200090.356369825,127525.239897718,56.9025524126108
82253,"55403","MN","Minneapolis",2003-12-31,202063.277523225,127525.239897718,58.4496352920329
82253,"55403","MN","Minneapolis",2004-01-31,203592.551969171,127525.239897718,59.6488288376972
82253,"55403","MN","Minneapolis",2004-02-29,204679.174607987,127525.239897718,60.5009132091418
82253,"55403","MN","Minneapolis",2004-03-31,205643.371280584,127525.239897718,61.2569962193529
82253,"55403","MN","Minneapolis",2004-04-30,207212.485214884,127525.239897718,62.4874302381859
82253,"55403","MN","Minneapolis",2004-05-31,209077.123951464,127525.239897718,63.9496025407633
82253,"55403","MN","Minneapolis",2004-06-30,210711.007473228,127525.239897718,65.2308261817259
82253,"55403","MN","Minneapolis",2004-07-31,211865.248383391,127525.239897718,66.1359339949626
82253,"55403","MN","Minneapolis",2004-08-31,212694.006858082,127525.239897718,66.7858119919421
82253,"55403","MN","Minneapolis",2004-09-30,213918.83259966,127525.239897718,67.7462695002444
82253,"55403","MN","Minneapolis",2004-10-31,214813.943096557,127525.239897718,68.4481779989976
82253,"55403","MN","Minneapolis",2004-11-30,215164.191972592,127525.239897718,68.7228286299754
82253,"55403","MN","Minneapolis",2004-12-31,215599.949377611,127525.239897718,69.0645315002213
82253,"55403","MN","Minneapolis",2005-01-31,216636.420342736,127525.239897718,69.8772890107792
82253,"55403","MN","Minneapolis",2005-02-28,218052.593795174,127525.239897718,70.9877934517614
82253,"55403","MN","Minneapolis",2005-03-31,218434.541576576,127525.239897718,71.2873010486173
82253,"55403","MN","Minneapolis",2005-04-30,219038.276952247,127525.239897718,71.7607252712696
82253,"55403","MN","Minneapolis",2005-05-31,219890.605747412,127525.239897718,72.4290861352432
82253,"55403","MN","Minneapolis",2005-06-30,221398.116291157,127525.239897718,73.6112133321448
82253,"55403","MN","Minneapolis",2005-07-31,222467.404899637,127525.239897718,74.4497050764752
82253,"55403","MN","Minneapolis",2005-08-31,222931.342867738,127525.239897718,74.8135059746133
82253,"55403","MN","Minneapolis",2005-09-30,223187.335889436,127525.239897718,75.0142450768515
82253,"55403","MN","Minneapolis",2005-10-31,222984.218448139,127525.239897718,74.8549688100827
82253,"55403","MN","Minneapolis",2005-11-30,223125.393428533,127525.239897718,74.9656723700268
82253,"55403","MN","Minneapolis",2005-12-31,223085.281198145,127525.239897718,74.9342180238753
82253,"55403","MN","Minneapolis",2006-01-31,222857.309303497,127525.239897718,74.7554519264107
82253,"55403","MN","Minneapolis",2006-02-28,223010.356604412,127525.239897718,74.8754652673284
82253,"55403","MN","Minneapolis",2006-03-31,223696.503503774,127525.239897718,75.4135131862446
82253,"55403","MN","Minneapolis",2006-04-30,224838.597795161,127525.239897718,76.3090961252005
82253,"55403","MN","Minneapolis",2006-05-31,225327.620127387,127525.239897718,76.6925671405213
82253,"55403","MN","Minneapolis",2006-06-30,225049.655044416,127525.239897718,76.4745984598168
82253,"55403","MN","Minneapolis",2006-07-31,224674.085671352,127525.239897718,76.180092546034
82253,"55403","MN","Minneapolis",2006-08-31,223989.367675801,127525.239897718,75.6431651141779
82253,"55403","MN","Minneapolis",2006-09-30,222858.431974575,127525.239897718,74.7563322784717
82253,"55403","MN","Minneapolis",2006-10-31,221920.831687607,127525.239897718,74.0211050499483
82253,"55403","MN","Minneapolis",2006-11-30,221207.964071179,127525.239897718,73.4621038537933
82253,"55403","MN","Minneapolis",2006-12-31,220960.571130189,127525.239897718,73.268108577887
82253,"55403","MN","Minneapolis",2007-01-31,220302.21215636,127525.239897718,72.7518507967938
82253,"55403","MN","Minneapolis",2007-02-28,220072.857362033,127525.239897718,72.5720002868002
82253,"55403","MN","Minneapolis",2007-03-31,219467.262684969,127525.239897718,72.097118077169
82253,"55403","MN","Minneapolis",2007-04-30,218855.498865155,127525.239897718,71.6173982818526
82253,"55403","MN","Minneapolis",2007-05-31,217824.936145505,127525.239897718,70.8092737721659
82253,"55403","MN","Minneapolis",2007-06-30,217611.274070079,127525.239897718,70.6417288409845
82253,"55403","MN","Minneapolis",2007-07-31,217284.932461205,127525.239897718,70.3858252966064
82253,"55403","MN","Minneapolis",2007-08-31,216748.302951863,127525.239897718,69.9650227089993
82253,"55403","MN","Minneapolis",2007-09-30,215608.892390375,127525.239897718,69.071544239638
82253,"55403","MN","Minneapolis",2007-10-31,214756.031484195,127525.239897718,68.402766116292
82253,"55403","MN","Minneapolis",2007-11-30,213653.871640349,127525.239897718,67.5384981135578
82253,"55403","MN","Minneapolis",2007-12-31,211930.07850964,127525.239897718,66.1867710890945
82253,"55403","MN","Minneapolis",2008-01-31,209940.046976562,127525.239897718,64.6262709601206
82253,"55403","MN","Minneapolis",2008-02-29,207674.720103634,127525.239897718,62.8498956521862
82253,"55403","MN","Minneapolis",2008-03-31,206827.426074328,127525.239897718,62.1854828426234
82253,"55403","MN","Minneapolis",2008-04-30,205874.221304508,127525.239897718,61.4380192263349
82253,"55403","MN","Minneapolis",2008-05-31,203368.562881706,127525.239897718,59.4731858923128
82253,"55403","MN","Minneapolis",2008-06-30,199754.480327685,127525.239897718,56.639172361407
82253,"55403","MN","Minneapolis",2008-07-31,196195.252142835,127525.239897718,53.8481733499923
82253,"55403","MN","Minneapolis",2008-08-31,192856.92092851,127525.239897718,51.2303925742
82253,"55403","MN","Minneapolis",2008-09-30,189254.01022323,127525.239897718,48.4051395433731
82253,"55403","MN","Minneapolis",2008-10-31,185478.999356972,127525.239897718,45.4449327095842
82253,"55403","MN","Minneapolis",2008-11-30,183288.967483607,127525.239897718,43.7276006150732
82253,"55403","MN","Minneapolis",2008-12-31,180909.416021855,127525.239897718,41.8616551256468
82253,"55403","MN","Minneapolis",2009-01-31,178261.486771262,127525.239897718,39.7852589136371
82253,"55403","MN","Minneapolis",2009-02-28,175164.622456196,127525.239897718,37.3568264577956
82253,"55403","MN","Minneapolis",2009-03-31,173047.236813491,127525.239897718,35.6964605220769
82253,"55403","MN","Minneapolis",2009-04-30,171492.390663264,127525.239897718,34.4772147073079
82253,"55403","MN","Minneapolis",2009-05-31,171317.511481197,127525.239897718,34.3400817113557
82253,"55403","MN","Minneapolis",2009-06-30,171363.221875234,127525.239897718,34.3759259050807
82253,"55403","MN","Minneapolis",2009-07-31,170620.587417896,127525.239897718,33.793582787801
82253,"55403","MN","Minneapolis",2009-08-31,169378.977839209,127525.239897718,32.819964091077
82253,"55403","MN","Minneapolis",2009-09-30,167796.483494823,127525.239897718,31.5790377100282
82253,"55403","MN","Minneapolis",2009-10-31,166684.048182673,127525.239897718,30.7067121115488
82253,"55403","MN","Minneapolis",2009-11-30,165755.499094779,127525.239897718,29.9785824576557
82253,"55403","MN","Minneapolis",2009-12-31,165059.420509796,127525.239897718,29.4327465231056
82253,"55403","MN","Minneapolis",2010-01-31,164921.079637951,127525.239897718,29.3242653534517
82253,"55403","MN","Minneapolis",2010-02-28,164941.013250062,127525.239897718,29.3398964646941
82253,"55403","MN","Minneapolis",2010-03-31,165010.843826933,127525.239897718,29.394654704653
82253,"55403","MN","Minneapolis",2010-04-30,164597.791407781,127525.239897718,29.0707561419185
82253,"55403","MN","Minneapolis",2010-05-31,164453.871354949,127525.239897718,28.9579000101076
82253,"55403","MN","Minneapolis",2010-06-30,164313.084621102,127525.239897718,28.8475008969903
82253,"55403","MN","Minneapolis",2010-07-31,164359.287203907,127525.239897718,28.883731044718
82253,"55403","MN","Minneapolis",2010-08-31,163632.351867269,127525.239897718,28.3136985262764
82253,"55403","MN","Minneapolis",2010-09-30,162578.01857477,127525.239897718,27.4869341199955
82253,"55403","MN","Minneapolis",2010-10-31,161110.599686243,127525.239897718,26.3362451350507
82253,"55403","MN","Minneapolis",2010-11-30,159536.5304,127525.239897718,25.1019253349034
82253,"55403","MN","Minneapolis",2010-12-31,158026.323578603,127525.239897718,23.9176838289799
82253,"55403","MN","Minneapolis",2011-01-31,156641.625552539,127525.239897718,22.8318611109245
82253,"55403","MN","Minneapolis",2011-02-28,155421.334139795,127525.239897718,21.8749592350902
82253,"55403","MN","Minneapolis",2011-03-31,153938.312990819,127525.239897718,20.7120356050972
82253,"55403","MN","Minneapolis",2011-04-30,152414.548398372,127525.239897718,19.5171626578523
82253,"55403","MN","Minneapolis",2011-05-31,151520.64228263,127525.239897718,18.8161985848113
82253,"55403","MN","Minneapolis",2011-06-30,150916.413676201,127525.239897718,18.3423875910709
82253,"55403","MN","Minneapolis",2011-07-31,150753.3276,127525.239897718,18.2145022592483
82253,"55403","MN","Minneapolis",2011-08-31,150007.409192255,127525.239897718,17.6295840043653
82253,"55403","MN","Minneapolis",2011-09-30,148742.156177489,127525.239897718,16.6374251064245
82253,"55403","MN","Minneapolis",2011-10-31,146736.36364299,127525.239897718,15.06456585432
82253,"55403","MN","Minneapolis",2011-11-30,144741.93205117,127525.239897718,13.5006153819124
82253,"55403","MN","Minneapolis",2011-12-31,143198.834020488,127525.239897718,12.2905819548668
82253,"55403","MN","Minneapolis",2012-01-31,142818.614559916,127525.239897718,11.9924296354698
82253,"55403","MN","Minneapolis",2012-02-29,143093.375678588,127525.239897718,12.2078859003568
82253,"55403","MN","Minneapolis",2012-03-31,144061.7033808,127525.239897718,12.9672082925268
82253,"55403","MN","Minneapolis",2012-04-30,144385.72444728,127525.239897718,13.2212921638766
82253,"55403","MN","Minneapolis",2012-05-31,144250.41808728,127525.239897718,13.1151905324596
82253,"55403","MN","Minneapolis",2012-06-30,144142.474037788,127525.239897718,13.0305452892287
82253,"55403","MN","Minneapolis",2012-07-31,145247.896855712,127525.239897718,13.8973719808
82253,"55403","MN","Minneapolis",2012-08-31,147203.145090268,127525.239897718,15.4305964908065
82253,"55403","MN","Minneapolis",2012-09-30,149829.746189356,127525.239897718,17.4902680516633
82253,"55403","MN","Minneapolis",2012-10-31,152511.219854996,127525.239897718,19.5929684016413
82253,"55403","MN","Minneapolis",2012-11-30,154911.496093079,127525.239897718,21.4751654004543
82253,"55403","MN","Minneapolis",2012-12-31,157093.175472439,127525.239897718,23.1859478158489
82253,"55403","MN","Minneapolis",2013-01-31,158553.444311817,127525.239897718,24.3310300290243
82253,"55403","MN","Minneapolis",2013-02-28,160190.886525616,127525.239897718,25.6150442485713
82253,"55403","MN","Minneapolis",2013-03-31,161569.977780799,127525.239897718,26.6964703696196
82253,"55403","MN","Minneapolis",2013-04-30,162845.243464075,127525.239897718,27.6964807866152
82253,"55403","MN","Minneapolis",2013-05-31,163682.610203656,127525.239897718,28.3531090276228
82253,"55403","MN","Minneapolis",2013-06-30,164522.729937152,127525.239897718,29.0118960521915
82253,"55403","MN","Minneapolis",2013-07-31,165518.35334701,127525.239897718,29.7926226053479
82253,"55403","MN","Minneapolis",2013-08-31,167165.876380758,127525.239897718,31.0845417854802
82253,"55403","MN","Minneapolis",2013-09-30,169303.406987601,127525.239897718,32.7607045659284
82253,"55403","MN","Minneapolis",2013-10-31,172033.553063046,127525.239897718,34.9015717994539
82253,"55403","MN","Minneapolis",2013-11-30,174628.36143379,127525.239897718,36.9363128223489
82253,"55403","MN","Minneapolis",2013-12-31,176572.169948831,127525.239897718,38.4605667791338
82253,"55403","MN","Minneapolis",2014-01-31,177134.193480354,127525.239897718,38.901282304918
82253,"55403","MN","Minneapolis",2014-02-28,176885.459107436,127525.239897718,38.7062351337722
82253,"55403","MN","Minneapolis",2014-03-31,176411.730725953,127525.239897718,38.3347569998253
82253,"55403","MN","Minneapolis",2014-04-30,176583.469666139,127525.239897718,38.4694275484352
82253,"55403","MN","Minneapolis",2014-05-31,177309.415904585,127525.239897718,39.0386844571291
82253,"55403","MN","Minneapolis",2014-06-30,177923.496838947,127525.239897718,39.5202212374983
82253,"55403","MN","Minneapolis",2014-07-31,178710.843657965,127525.239897718,40.1376259329525
82253,"55403","MN","Minneapolis",2014-08-31,179480.3976,127525.239897718,40.7410781927972
82253,"55403","MN","Minneapolis",2014-09-30,180410.292585124,127525.239897718,41.4702632434352
82253,"55403","MN","Minneapolis",2014-10-31,181101.70887137,127525.239897718,42.0124431968309
82253,"55403","MN","Minneapolis",2014-11-30,181738.163907163,127525.239897718,42.5115248188722
82253,"55403","MN","Minneapolis",2014-12-31,182583.583554428,127525.239897718,43.1744678158372
82253,"55403","MN","Minneapolis",2015-01-31,183163.402339945,127525.239897718,43.629137641185
82253,"55403","MN","Minneapolis",2015-02-28,183815.30089665,127525.239897718,44.1403294313183
82253,"55403","MN","Minneapolis",2015-03-31,184315.976832723,127525.239897718,44.5329387190753
82253,"55403","MN","Minneapolis",2015-04-30,185494.725134438,127525.239897718,45.4572642115504
82253,"55403","MN","Minneapolis",2015-05-31,186772.175906052,127525.239897718,46.4589880841254
82253,"55403","MN","Minneapolis",2015-06-30,187924.213489284,127525.239897718,47.3623681398358
82253,"55403","MN","Minneapolis",2015-07-31,188772.805818594,127525.239897718,48.027799022373
82253,"55403","MN","Minneapolis",2015-08-31,189399.82835363,127525.239897718,48.519484068831
82253,"55403","MN","Minneapolis",2015-09-30,190160.971576174,127525.239897718,49.1163409915503
82253,"55403","MN","Minneapolis",2015-10-31,191256.000021775,127525.239897718,49.9750168477805
82253,"55403","MN","Minneapolis",2015-11-30,192695.895160583,127525.239897718,51.1041228506095
82253,"55403","MN","Minneapolis",2015-12-31,194007.065492464,127525.239897718,52.1322882027652
82253,"55403","MN","Minneapolis",2016-01-31,194976.396626765,127525.239897718,52.8923974447299
82253,"55403","MN","Minneapolis",2016-02-29,195399.544088588,127525.239897718,53.2242121209165
82253,"55403","MN","Minneapolis",2016-03-31,195554.667665936,127525.239897718,53.3458535916343
82253,"55403","MN","Minneapolis",2016-04-30,196236.295269091,127525.239897718,53.8803576660454
82253,"55403","MN","Minneapolis",2016-05-31,197078.719616277,127525.239897718,54.5409518730126
82253,"55403","MN","Minneapolis",2016-06-30,198149.09957887,127525.239897718,55.3802994119402
82253,"55403","MN","Minneapolis",2016-07-31,198429.354299534,127525.239897718,55.6000635314897
82253,"55403","MN","Minneapolis",2016-08-31,198376.122942725,127525.239897718,55.5583217109275
82253,"55403","MN","Minneapolis",2016-09-30,198268.521472221,127525.239897718,55.4739451039204
82253,"55403","MN","Minneapolis",2016-10-31,198532.833562476,127525.239897718,55.6812076744256
82253,"55403","MN","Minneapolis",2016-11-30,199491.2317,127525.239897718,56.4327437141087
82253,"55403","MN","Minneapolis",2016-12-31,200926.253303745,127525.239897718,57.5580280930254
82253,"55403","MN","Minneapolis",2017-01-31,202501.888034417,127525.239897718,58.7935754497182
82253,"55403","MN","Minneapolis",2017-02-28,203925.336377247,127525.239897718,59.9097845577907
82253,"55403","MN","Minneapolis",2017-03-31,205436.155486405,127525.239897718,61.0945061943618
82253,"55403","MN","Minneapolis",2017-04-30,207819.763362438,127525.239897718,62.9636325555004
82253,"55403","MN","Minneapolis",2017-05-31,209842.858029524,127525.239897718,64.550059421828
82253,"55403","MN","Minneapolis",2017-06-30,211534.141574241,127525.239897718,65.8762937783159
82253,"55403","MN","Minneapolis",2017-07-31,212444.86042184,127525.239897718,66.590441697841
82253,"55403","MN","Minneapolis",2017-08-31,213651.065374057,127525.239897718,67.5362975560098
82253,"55403","MN","Minneapolis",2017-09-30,214504.7708176,127525.239897718,68.2057379305022
82253,"55403","MN","Minneapolis",2017-10-31,215470.750346495,127525.239897718,68.9632189826217
82253,"55403","MN","Minneapolis",2017-11-30,216575.084983407,127525.239897718,69.8291923678095
82253,"55403","MN","Minneapolis",2017-12-31,217982.229611498,127525.239897718,70.9326167794942
82253,"55403","MN","Minneapolis",2018-01-31,220137.327223203,127525.239897718,72.6225548760107
82253,"55403","MN","Minneapolis",2018-02-28,222878.502527805,127525.239897718,74.7720707732558
82253,"55403","MN","Minneapolis",2018-03-31,226081.379649735,127525.239897718,77.2836340720189
82253,"55403","MN","Minneapolis",2018-04-30,228344.074813921,127525.239897718,79.0579457031912
82253,"55403","MN","Minneapolis",2018-05-31,229497.213741942,127525.239897718,79.9621893877714
82253,"55403","MN","Minneapolis",2018-06-30,229340.07424335,127525.239897718,79.8389671152886
82253,"55403","MN","Minneapolis",2018-07-31,228860.694710215,127525.239897718,79.4630575827754
82253,"55403","MN","Minneapolis",2018-08-31,227937.900580454,127525.239897718,78.7394407281818
82253,"55403","MN","Minneapolis",2018-09-30,227280.04437811,127525.239897718,78.2235771996198
82253,"55403","MN","Minneapolis",2018-10-31,226083.738831378,127525.239897718,77.2854840443422
82253,"55403","MN","Minneapolis",2018-11-30,225158.232553048,127525.239897718,76.5597404354121
82253,"55403","MN","Minneapolis",2018-12-31,224611.885543004,127525.239897718,76.1313177870935
82253,"55403","MN","Minneapolis",2019-01-31,225539.355604167,127525.239897718,76.858601313011
82253,"55403","MN","Minneapolis",2019-02-28,227956.310884767,127525.239897718,78.7538773246763
82253,"55403","MN","Minneapolis",2019-03-31,230957.607519811,127525.239897718,81.1073695725259
82253,"55403","MN","Minneapolis",2019-04-30,232770.030948595,127525.239897718,82.5285967980054
82253,"55403","MN","Minneapolis",2019-05-31,232838.815778571,127525.239897718,82.5825350066537
82253,"55403","MN","Minneapolis",2019-06-30,232115.983255531,127525.239897718,82.0157197443425
82253,"55403","MN","Minneapolis",2019-07-31,231426.815891881,127525.239897718,81.4753033027008
82253,"55403","MN","Minneapolis",2019-08-31,231138.141890116,127525.239897718,81.2489371323676
82253,"55403","MN","Minneapolis",2019-09-30,230679.0239,127525.239897718,80.8889158609043
82253,"55403","MN","Minneapolis",2019-10-31,230619.941557886,127525.239897718,80.8425859405204
82253,"55403","MN","Minneapolis",2019-11-30,230708.435964278,127525.239897718,80.9119795809188
82253,"55403","MN","Minneapolis",2019-12-31,231376.64172717,127525.239897718,81.4359588052887
82253,"55403","MN","Minneapolis",2020-01-31,232665.345918129,127525.239897718,82.4465071422244
82253,"55403","MN","Minneapolis",2020-02-29,234390.370045049,127525.239897718,83.7991994628218
82253,"55403","MN","Minneapolis",2020-03-31,236211.211085702,127525.239897718,85.2270274301424
82253,"55403","MN","Minneapolis",2020-04-30,237514.625667658,127525.239897718,86.2491110451206
82253,"55403","MN","Minneapolis",2020-05-31,237795.399034511,127525.239897718,86.469281865484
82253,"55403","MN","Minneapolis",2020-06-30,237002.3505,127525.239897718,85.8474061213983
82253,"55403","MN","Minneapolis",2020-07-31,235351.183675456,127525.239897718,84.5526296317654
82253,"55403","MN","Minneapolis",2020-08-31,233928.751956379,127525.239897718,83.4372177178427
82253,"55403","MN","Minneapolis",2020-09-30,233733.360354874,127525.239897718,83.2839997339663
82253,"55403","MN","Minneapolis",2020-10-31,234777.132345351,127525.239897718,84.1024824055644
82253,"55403","MN","Minneapolis",2020-11-30,236154.860637726,127525.239897718,85.1828397477507
82253,"55403","MN","Minneapolis",2020-12-31,237257.392317818,127525.239897718,86.047399329035
82253,"55403","MN","Minneapolis",2021-01-31,237880.677537825,127525.239897718,86.53615372817
82253,"55403","MN","Minneapolis",2021-02-28,238705.160218025,127525.239897718,87.1826788245832
82253,"55403","MN","Minneapolis",2021-03-31,239584.511085499,127525.239897718,87.8722292760693
82253,"55403","MN","Minneapolis",2021-04-30,240385.444186485,127525.239897718,88.5002877699242
82253,"55403","MN","Minneapolis",2021-05-31,240413.344594252,127525.239897718,88.5221661116463
82253,"55403","MN","Minneapolis",2021-06-30,240018.423633235,127525.239897718,88.2124854858078
82253,"55403","MN","Minneapolis",2021-07-31,239295.8046,127525.239897718,87.6458376333401
82253,"55403","MN","Minneapolis",2021-08-31,238678.391657477,127525.239897718,87.1616880304706
82253,"55403","MN","Minneapolis",2021-09-30,238184.717437638,127525.239897718,86.7745691979678
82253,"55403","MN","Minneapolis",2021-10-31,237481.288008043,127525.239897718,86.2229690361809
82253,"55403","MN","Minneapolis",2021-11-30,236990.092426353,127525.239897718,85.8377938488341
82253,"55403","MN","Minneapolis",2021-12-31,236400.508175992,127525.239897718,85.375466351286
82253,"55403","MN","Minneapolis",2022-01-31,236025.69302842,127525.239897718,85.0815518698293
82253,"55403","MN","Minneapolis",2022-02-28,236081.536984212,127525.239897718,85.1253423820742
82253,"55403","MN","Minneapolis",2022-03-31,235849.013108008,127525.239897718,84.9430068096091
82253,"55403","MN","Minneapolis",2022-04-30,235749.117680308,127525.239897718,84.8646729615175
82253,"55403","MN","Minneapolis",2022-05-31,234585.498495524,127525.239897718,83.9522110945831
82253,"55403","MN","Minneapolis",2022-06-30,233512.288602557,127525.239897718,83.1106444417166
82253,"55403","MN","Minneapolis",2022-07-31,231590.7598,127525.239897718,81.603861310708
82253,"55403","MN","Minneapolis",2022-08-31,229738.100582662,127525.239897718,80.1510828498917
82253,"55403","MN","Minneapolis",2022-09-30,227585.710209267,127525.239897718,78.4632676572907
82253,"55403","MN","Minneapolis",2022-10-31,226292.202811709,127525.239897718,77.4489528451049
82253,"55403","MN","Minneapolis",2022-11-30,225014.134389149,127525.239897718,76.4467446362947
82253,"55403","MN","Minneapolis",2022-12-31,223491.501156793,127525.239897718,75.2527588546741
82253,"55403","MN","Minneapolis",2023-01-31,221560.122002866,127525.239897718,73.7382514869749
82253,"55403","MN","Minneapolis",2023-02-28,219687.423055814,127525.239897718,72.2697587018961
82253,"55403","MN","Minneapolis",2023-03-31,217991.89138945,127525.239897718,70.940193144738
82253,"55403","MN","Minneapolis",2023-04-30,216380.882497454,127525.239897718,69.6769068389931
82253,"55403","MN","Minneapolis",2023-05-31,215060.265574895,127525.239897718,68.6413338625234
82253,"55403","MN","Minneapolis",2023-06-30,213828.007677799,127525.239897718,67.675048366347
82253,"55403","MN","Minneapolis",2023-07-31,212665.524827854,127525.239897718,66.7634775660275
82253,"55403","MN","Minneapolis",2023-08-31,210694.170865857,127525.239897718,65.2176236130548
82253,"55403","MN","Minneapolis",2023-09-30,208321.456073696,127525.239897718,63.3570391561551
82253,"55403","MN","Minneapolis",2023-10-31,204917.43542111,127525.239897718,60.6877474494176
82253,"55403","MN","Minneapolis",2023-11-30,202202.042226543,127525.239897718,58.5584488127362
82253,"55403","MN","Minneapolis",2023-12-31,199834.316354855,127525.239897718,56.7017764601987
82253,"55403","MN","Minneapolis",2024-01-31,198157.789970093,127525.239897718,55.3871140560297
82253,"55403","MN","Minneapolis",2024-02-29,196755.5019,127525.239897718,54.2874979555481
82253,"55403","MN","Minneapolis",2024-03-31,195102.327520749,127525.239897718,52.9911472248405
82253,"55403","MN","Minneapolis",2024-04-30,193615.570212895,127525.239897718,51.8252938541299
82253,"55403","MN","Minneapolis",2024-05-31,192030.41414973,127525.239897718,50.5822802636937
82253,"55403","MN","Minneapolis",2024-06-30,190868.088032903,127525.239897718,49.6708323669799
82253,"55403","MN","Minneapolis",2024-07-31,190846.183977381,127525.239897718,49.6536561158007
82253,"55403","MN","Minneapolis",2024-08-31,NA,127525.239897718,NA
82253,"55403","MN","Minneapolis",2024-09-30,NA,127525.239897718,NA
82253,"55403","MN","Minneapolis",2024-10-31,NA,127525.239897718,NA
82253,"55403","MN","Minneapolis",2024-11-30,202176.617666729,127525.239897718,58.5385119282151
82253,"55403","MN","Minneapolis",2024-12-31,201110.4668,127525.239897718,57.702480670729
82253,"55403","MN","Minneapolis",2025-01-31,198422.78553084,127525.239897718,55.5949125757266
82253,"55403","MN","Minneapolis",2025-02-28,195703.39045455,127525.239897718,53.462475829502
82253,"55403","MN","Minneapolis",2025-03-31,193804.253972511,127525.239897718,51.9732518268163
82253,"55403","MN","Minneapolis",2025-04-30,193222.481833749,127525.239897718,51.5170502629305
82253,"55403","MN","Minneapolis",2025-05-31,194464.88394019,127525.239897718,52.4912904270247
82253,"55403","MN","Minneapolis",2025-06-30,196330.365348341,127525.239897718,53.9541235176719
82253,"55403","MN","Minneapolis",2025-07-31,197761.618871493,127525.239897718,55.0764531241878
82253,"55403","MN","Minneapolis",2025-08-31,197960.073627754,127525.239897718,55.2320731068833
82253,"55403","MN","Minneapolis",2025-09-30,196615.498270732,127525.239897718,54.1777129205383
84615,"60613","IL","Chicago",2000-01-31,172729.915163836,172729.915163836,0
84615,"60613","IL","Chicago",2000-02-29,173118.678588313,172729.915163836,0.225070118345303
84615,"60613","IL","Chicago",2000-03-31,174081.949446912,172729.915163836,0.782744715525289
84615,"60613","IL","Chicago",2000-04-30,175887.337593881,172729.915163836,1.82795344225733
84615,"60613","IL","Chicago",2000-05-31,178345.087382323,172729.915163836,3.2508394467523
84615,"60613","IL","Chicago",2000-06-30,180759.505366674,172729.915163836,4.64863900107974
84615,"60613","IL","Chicago",2000-07-31,183141.691224012,172729.915163836,6.02777813576808
84615,"60613","IL","Chicago",2000-08-31,185555.302521429,172729.915163836,7.42511066796317
84615,"60613","IL","Chicago",2000-09-30,188068.563131586,172729.915163836,8.880134024961
84615,"60613","IL","Chicago",2000-10-31,190778.595329282,172729.915163836,10.4490760319818
84615,"60613","IL","Chicago",2000-11-30,193483.849551052,172729.915163836,12.0152518847307
84615,"60613","IL","Chicago",2000-12-31,196174.475382202,172729.915163836,13.5729587987867
84615,"60613","IL","Chicago",2001-01-31,199281.063314711,172729.915163836,15.3714821927005
84615,"60613","IL","Chicago",2001-02-28,202034.803821172,172729.915163836,16.9657286229431
84615,"60613","IL","Chicago",2001-03-31,204852.231823843,172729.915163836,18.5968461974515
84615,"60613","IL","Chicago",2001-04-30,206843.579517437,172729.915163836,19.7497140673316
84615,"60613","IL","Chicago",2001-05-31,208512.823014779,172729.915163836,20.7161034132411
84615,"60613","IL","Chicago",2001-06-30,209927.064101988,172729.915163836,21.5348620433643
84615,"60613","IL","Chicago",2001-07-31,211507.570619064,172729.915163836,22.4498781339916
84615,"60613","IL","Chicago",2001-08-31,213649.850918902,172729.915163836,23.6901267022874
84615,"60613","IL","Chicago",2001-09-30,215892.861562209,172729.915163836,24.9886919457078
84615,"60613","IL","Chicago",2001-10-31,218337.487948748,172729.915163836,26.4039803074376
84615,"60613","IL","Chicago",2001-11-30,220929.75534277,172729.915163836,27.9047437342957
84615,"60613","IL","Chicago",2001-12-31,223283.348505215,172729.915163836,29.2673294567588
84615,"60613","IL","Chicago",2002-01-31,225370.898352076,172729.915163836,30.4758924580666
84615,"60613","IL","Chicago",2002-02-28,226942.917317372,172729.915163836,31.385994778099
84615,"60613","IL","Chicago",2002-03-31,228732.76146408,172729.915163836,32.422204484455
84615,"60613","IL","Chicago",2002-04-30,230005.604112471,172729.915163836,33.1591021128617
84615,"60613","IL","Chicago",2002-05-31,230942.816402283,172729.915163836,33.7016904010124
84615,"60613","IL","Chicago",2002-06-30,231016.027968791,172729.915163836,33.744075396361
84615,"60613","IL","Chicago",2002-07-31,231185.997747763,172729.915163836,33.8424774472226
84615,"60613","IL","Chicago",2002-08-31,231918.053518198,172729.915163836,34.2662927253924
84615,"60613","IL","Chicago",2002-09-30,233514.546519443,172729.915163836,35.1905640073714
84615,"60613","IL","Chicago",2002-10-31,235379.951652689,172729.915163836,36.2705188788113
84615,"60613","IL","Chicago",2002-11-30,237051.682573584,172729.915163836,37.2383482900103
84615,"60613","IL","Chicago",2002-12-31,238489.376587178,172729.915163836,38.0706847224289
84615,"60613","IL","Chicago",2003-01-31,240016.737949227,172729.915163836,38.9549330361043
84615,"60613","IL","Chicago",2003-02-28,241607.825395628,172729.915163836,39.8760748342063
84615,"60613","IL","Chicago",2003-03-31,242929.232718117,172729.915163836,40.6410884227535
84615,"60613","IL","Chicago",2003-04-30,244105.128470308,172729.915163836,41.3218597593663
84615,"60613","IL","Chicago",2003-05-31,244243.51025871,172729.915163836,41.4019743059812
84615,"60613","IL","Chicago",2003-06-30,244146.615865343,172729.915163836,41.3458784100996
84615,"60613","IL","Chicago",2003-07-31,243719.420682485,172729.915163836,41.0985586667577
84615,"60613","IL","Chicago",2003-08-31,243852.029701666,172729.915163836,41.1753311349517
84615,"60613","IL","Chicago",2003-09-30,244484.4488783,172729.915163836,41.5414629518026
84615,"60613","IL","Chicago",2003-10-31,245601.037451865,172729.915163836,42.1878990786919
84615,"60613","IL","Chicago",2003-11-30,247051.218176421,172729.915163836,43.0274645489703
84615,"60613","IL","Chicago",2003-12-31,248471.286299985,172729.915163836,43.8495966748482
84615,"60613","IL","Chicago",2004-01-31,250041.922342548,172729.915163836,44.758898367652
84615,"60613","IL","Chicago",2004-02-29,251272.6081,172729.915163836,45.471389748363
84615,"60613","IL","Chicago",2004-03-31,252446.741691753,172729.915163836,46.1511409024344
84615,"60613","IL","Chicago",2004-04-30,253677.360538059,172729.915163836,46.8635935457066
84615,"60613","IL","Chicago",2004-05-31,254950.990045788,172729.915163836,47.6009467172871
84615,"60613","IL","Chicago",2004-06-30,256088.957751733,172729.915163836,48.2597600472567
84615,"60613","IL","Chicago",2004-07-31,256820.211228012,172729.915163836,48.6831108464429
84615,"60613","IL","Chicago",2004-08-31,257721.556574322,172729.915163836,49.2049343797057
84615,"60613","IL","Chicago",2004-09-30,258865.003914556,172729.915163836,49.8669200809949
84615,"60613","IL","Chicago",2004-10-31,260407.444940881,172729.915163836,50.7598985930621
84615,"60613","IL","Chicago",2004-11-30,262412.659827075,172729.915163836,51.9207947147861
84615,"60613","IL","Chicago",2004-12-31,264366.420177096,172729.915163836,53.0519018239213
84615,"60613","IL","Chicago",2005-01-31,266067.135090597,172729.915163836,54.0365111846608
84615,"60613","IL","Chicago",2005-02-28,267395.310890728,172729.915163836,54.8054433055801
84615,"60613","IL","Chicago",2005-03-31,268705.857745857,172729.915163836,55.564169351318
84615,"60613","IL","Chicago",2005-04-30,270162.814441351,172729.915163836,56.4076576921255
84615,"60613","IL","Chicago",2005-05-31,271698.566255741,172729.915163836,57.296763561791
84615,"60613","IL","Chicago",2005-06-30,272857.826832048,172729.915163836,57.9679041544367
84615,"60613","IL","Chicago",2005-07-31,273688.310797686,172729.915163836,58.4487033054411
84615,"60613","IL","Chicago",2005-08-31,274679.585957022,172729.915163836,59.022590670809
84615,"60613","IL","Chicago",2005-09-30,276302.564797697,172729.915163836,59.9621956252467
84615,"60613","IL","Chicago",2005-10-31,278232.389650575,172729.915163836,61.0794455532901
84615,"60613","IL","Chicago",2005-11-30,280406.58664304,172729.915163836,62.3381719241116
84615,"60613","IL","Chicago",2005-12-31,282537.120993663,172729.915163836,63.5716203100511
84615,"60613","IL","Chicago",2006-01-31,284552.421032798,172729.915163836,64.7383551152088
84615,"60613","IL","Chicago",2006-02-28,286130.929381842,172729.915163836,65.6522143894096
84615,"60613","IL","Chicago",2006-03-31,287597.182300697,172729.915163836,66.5010846719336
84615,"60613","IL","Chicago",2006-04-30,288517.695818677,172729.915163836,67.034005397974
84615,"60613","IL","Chicago",2006-05-31,288911.736411519,172729.915163836,67.2621306723184
84615,"60613","IL","Chicago",2006-06-30,288501.5923,172729.915163836,67.024682450839
84615,"60613","IL","Chicago",2006-07-31,287919.980052166,172729.915163836,66.6879647217288
84615,"60613","IL","Chicago",2006-08-31,287184.096837235,172729.915163836,66.2619335885381
84615,"60613","IL","Chicago",2006-09-30,286541.988335055,172729.915163836,65.8901922479771
84615,"60613","IL","Chicago",2006-10-31,285927.061252897,172729.915163836,65.5341872782677
84615,"60613","IL","Chicago",2006-11-30,285767.998749056,172729.915163836,65.442099869037
84615,"60613","IL","Chicago",2006-12-31,285992.809531757,172729.915163836,65.572251488974
84615,"60613","IL","Chicago",2007-01-31,286878.986116125,172729.915163836,66.0852932417749
84615,"60613","IL","Chicago",2007-02-28,287945.789382795,172729.915163836,66.7029067371891
84615,"60613","IL","Chicago",2007-03-31,288754.26732991,172729.915163836,67.1709657565829
84615,"60613","IL","Chicago",2007-04-30,289005.862746211,172729.915163836,67.3166240324304
84615,"60613","IL","Chicago",2007-05-31,288467.083678123,172729.915163836,67.0047040806512
84615,"60613","IL","Chicago",2007-06-30,287670.399734068,172729.915163836,66.5434730638351
84615,"60613","IL","Chicago",2007-07-31,286715.892484138,172729.915163836,65.990872057215
84615,"60613","IL","Chicago",2007-08-31,286232.0661,172729.915163836,65.7107663304916
84615,"60613","IL","Chicago",2007-09-30,285489.313170055,172729.915163836,65.280758054716
84615,"60613","IL","Chicago",2007-10-31,285095.533470721,172729.915163836,65.0527838216707
84615,"60613","IL","Chicago",2007-11-30,284725.898892686,172729.915163836,64.8387881292142
84615,"60613","IL","Chicago",2007-12-31,284283.831361251,172729.915163836,64.582858210522
84615,"60613","IL","Chicago",2008-01-31,283944.829518011,172729.915163836,64.386596987955
84615,"60613","IL","Chicago",2008-02-29,281679.5832,172729.915163836,63.0751586561163
84615,"60613","IL","Chicago",2008-03-31,282084.297834602,172729.915163836,63.3094635443104
84615,"60613","IL","Chicago",2008-04-30,279828.689275728,172729.915163836,62.0036048824019
84615,"60613","IL","Chicago",2008-05-31,279835.789397205,172729.915163836,62.0077154161624
84615,"60613","IL","Chicago",2008-06-30,276548.999903541,172729.915163836,60.1048663986388
84615,"60613","IL","Chicago",2008-07-31,276099.350967874,172729.915163836,59.844547313065
84615,"60613","IL","Chicago",2008-08-31,273713.346186601,172729.915163836,58.4631972562377
84615,"60613","IL","Chicago",2008-09-30,272475.8781,172729.915163836,57.7467793239837
84615,"60613","IL","Chicago",2008-10-31,269326.211312291,172729.915163836,55.9233159217574
84615,"60613","IL","Chicago",2008-11-30,266816.292461525,172729.915163836,54.4702272379675
84615,"60613","IL","Chicago",2008-12-31,263026.525351186,172729.915163836,52.2761851076596
84615,"60613","IL","Chicago",2009-01-31,258691.844134885,172729.915163836,49.766671215877
84615,"60613","IL","Chicago",2009-02-28,255439.630774218,172729.915163836,47.8838396533289
84615,"60613","IL","Chicago",2009-03-31,252160.373924192,172729.915163836,45.9853515733024
84615,"60613","IL","Chicago",2009-04-30,251701.825713709,172729.915163836,45.719880354812
84615,"60613","IL","Chicago",2009-05-31,250526.335901938,172729.915163836,45.0393440327413
84615,"60613","IL","Chicago",2009-06-30,251320.911883661,172729.915163836,45.4993546689821
84615,"60613","IL","Chicago",2009-07-31,251571.442902882,172729.915163836,45.6443967243687
84615,"60613","IL","Chicago",2009-08-31,252297.448688672,172729.915163836,46.0647094334334
84615,"60613","IL","Chicago",2009-09-30,251261.075414831,172729.915163836,45.4647130327759
84615,"60613","IL","Chicago",2009-10-31,250092.221920168,172729.915163836,44.788018730255
84615,"60613","IL","Chicago",2009-11-30,248331.845213408,172729.915163836,43.7688688597242
84615,"60613","IL","Chicago",2009-12-31,248136.465456829,172729.915163836,43.6557559942465
84615,"60613","IL","Chicago",2010-01-31,247325.360868893,172729.915163836,43.1861763113256
84615,"60613","IL","Chicago",2010-02-28,247703.556859621,172729.915163836,43.4051285353043
84615,"60613","IL","Chicago",2010-03-31,246530.320451612,172729.915163836,42.7258967954543
84615,"60613","IL","Chicago",2010-04-30,247588.473987724,172729.915163836,43.3385026287337
84615,"60613","IL","Chicago",2010-05-31,247269.9509,172729.915163836,43.154097346405
84615,"60613","IL","Chicago",2010-06-30,248468.822888763,172729.915163836,43.8481705112218
84615,"60613","IL","Chicago",2010-07-31,246259.41478368,172729.915163836,42.5690590712678
84615,"60613","IL","Chicago",2010-08-31,244659.491049485,172729.915163836,41.6428016058615
84615,"60613","IL","Chicago",2010-09-30,241736.257454938,172729.915163836,39.9504290994697
84615,"60613","IL","Chicago",2010-10-31,239576.133743448,172729.915163836,38.6998502929898
84615,"60613","IL","Chicago",2010-11-30,236399.958180098,172729.915163836,36.8610399396485
84615,"60613","IL","Chicago",2010-12-31,233179.962140104,172729.915163836,34.99686022478
84615,"60613","IL","Chicago",2011-01-31,230570.845863307,172729.915163836,33.4863423308053
84615,"60613","IL","Chicago",2011-02-28,228436.630229727,172729.915163836,32.2507627083898
84615,"60613","IL","Chicago",2011-03-31,227676.685,172729.915163836,31.8108011481665
84615,"60613","IL","Chicago",2011-04-30,226590.537788834,172729.915163836,31.1819886983163
84615,"60613","IL","Chicago",2011-05-31,226372.743173146,172729.915163836,31.0558990076675
84615,"60613","IL","Chicago",2011-06-30,225188.952699071,172729.915163836,30.3705571125173
84615,"60613","IL","Chicago",2011-07-31,224898.068838129,172729.915163836,30.2021532430048
84615,"60613","IL","Chicago",2011-08-31,223969.265161918,172729.915163836,29.6644330250969
84615,"60613","IL","Chicago",2011-09-30,223388.179370461,172729.915163836,29.3280200818575
84615,"60613","IL","Chicago",2011-10-31,221412.383808211,172729.915163836,28.1841559397514
84615,"60613","IL","Chicago",2011-11-30,220179.545638022,172729.915163836,27.4704184444134
84615,"60613","IL","Chicago",2011-12-31,218184.978114556,172729.915163836,26.3156864910205
84615,"60613","IL","Chicago",2012-01-31,216988.67895121,172729.915163836,25.6231028339214
84615,"60613","IL","Chicago",2012-02-29,214997.270390765,172729.915163836,24.4701997258777
84615,"60613","IL","Chicago",2012-03-31,212667.68483472,172729.915163836,23.1215129313318
84615,"60613","IL","Chicago",2012-04-30,209902.841231143,172729.915163836,21.52083849057
84615,"60613","IL","Chicago",2012-05-31,207975.350432258,172729.915163836,20.4049398362712
84615,"60613","IL","Chicago",2012-06-30,207736.7731931,172729.915163836,20.2668182845226
84615,"60613","IL","Chicago",2012-07-31,208786.915507067,172729.915163836,20.8747861127768
84615,"60613","IL","Chicago",2012-08-31,209875.481926863,172729.915163836,21.5049991356708
84615,"60613","IL","Chicago",2012-09-30,210440.048633432,172729.915163836,21.831848544491
84615,"60613","IL","Chicago",2012-10-31,210495.199725975,172729.915163836,21.8637776359227
84615,"60613","IL","Chicago",2012-11-30,210858.893101547,172729.915163836,22.0743337374685
84615,"60613","IL","Chicago",2012-12-31,211731.191373908,172729.915163836,22.579340800972
84615,"60613","IL","Chicago",2013-01-31,214148.77466827,172729.915163836,23.9789728751663
84615,"60613","IL","Chicago",2013-02-28,217218.752751158,172729.915163836,25.7563014172293
84615,"60613","IL","Chicago",2013-03-31,220779.845986929,172729.915163836,27.8179554349444
84615,"60613","IL","Chicago",2013-04-30,224561.353124515,172729.915163836,30.0072155489201
84615,"60613","IL","Chicago",2013-05-31,227846.283124806,172729.915163836,31.9089880341177
84615,"60613","IL","Chicago",2013-06-30,231618.048769348,172729.915163836,34.0926084226097
84615,"60613","IL","Chicago",2013-07-31,233972.013372696,172729.915163836,35.4554091865164
84615,"60613","IL","Chicago",2013-08-31,236543.215644601,172729.915163836,36.9439772029288
84615,"60613","IL","Chicago",2013-09-30,238719.007353247,172729.915163836,38.2036268163625
84615,"60613","IL","Chicago",2013-10-31,241915.440117017,172729.915163836,40.0541648431651
84615,"60613","IL","Chicago",2013-11-30,244559.770562995,172729.915163836,41.5850695758337
84615,"60613","IL","Chicago",2013-12-31,247083.289002114,172729.915163836,43.0460315850634
84615,"60613","IL","Chicago",2014-01-31,249667.361510619,172729.915163836,44.5420506770974
84615,"60613","IL","Chicago",2014-02-28,252747.741047382,172729.915163836,46.3254010213859
84615,"60613","IL","Chicago",2014-03-31,256364.842476818,172729.915163836,48.419480339381
84615,"60613","IL","Chicago",2014-04-30,258560.843746862,172729.915163836,49.6908300462113
84615,"60613","IL","Chicago",2014-05-31,260165.104557714,172729.915163836,50.6195984123225
84615,"60613","IL","Chicago",2014-06-30,260377.391066451,172729.915163836,50.7424992477308
84615,"60613","IL","Chicago",2014-07-31,260687.4882,172729.915163836,50.9220264206903
84615,"60613","IL","Chicago",2014-08-31,260599.496748609,172729.915163836,50.8710847807852
84615,"60613","IL","Chicago",2014-09-30,260421.755552422,172729.915163836,50.7681835572086
84615,"60613","IL","Chicago",2014-10-31,260386.595351407,172729.915163836,50.7478279627642
84615,"60613","IL","Chicago",2014-11-30,260194.934213573,172729.915163836,50.6368679488881
84615,"60613","IL","Chicago",2014-12-31,260294.964281863,172729.915163836,50.6947792077423
84615,"60613","IL","Chicago",2015-01-31,260929.605851659,172729.915163836,51.0621976535829
84615,"60613","IL","Chicago",2015-02-28,261581.146404189,172729.915163836,51.439399571335
84615,"60613","IL","Chicago",2015-03-31,262629.975413521,172729.915163836,52.0466070769583
84615,"60613","IL","Chicago",2015-04-30,262482.578367313,172729.915163836,51.9612732504071
84615,"60613","IL","Chicago",2015-05-31,262746.94212992,172729.915163836,52.1143236136614
84615,"60613","IL","Chicago",2015-06-30,262542.0273,172729.915163836,51.9956905270155
84615,"60613","IL","Chicago",2015-07-31,262654.434007543,172729.915163836,52.0607670989786
84615,"60613","IL","Chicago",2015-08-31,262596.621981971,172729.915163836,52.0272974909392
84615,"60613","IL","Chicago",2015-09-30,262456.302901671,172729.915163836,51.9460613714361
84615,"60613","IL","Chicago",2015-10-31,262566.766364332,172729.915163836,52.0100129240991
84615,"60613","IL","Chicago",2015-11-30,263191.408686214,172729.915163836,52.3716424202343
84615,"60613","IL","Chicago",2015-12-31,263795.038847714,172729.915163836,52.721107167512
84615,"60613","IL","Chicago",2016-01-31,264912.080228882,172729.915163836,53.3678054421617
84615,"60613","IL","Chicago",2016-02-29,266467.942848869,172729.915163836,54.2685542316871
84615,"60613","IL","Chicago",2016-03-31,267893.797477072,172729.915163836,55.0940363879484
84615,"60613","IL","Chicago",2016-04-30,269355.138782525,172729.915163836,55.9400631483203
84615,"60613","IL","Chicago",2016-05-31,269925.434964611,172729.915163836,56.2702295711685
84615,"60613","IL","Chicago",2016-06-30,270556.994470514,172729.915163836,56.6358636915262
84615,"60613","IL","Chicago",2016-07-31,270419.540370059,172729.915163836,56.5562862191905
84615,"60613","IL","Chicago",2016-08-31,270151.878971479,172729.915163836,56.4013267274737
84615,"60613","IL","Chicago",2016-09-30,270199.023415733,172729.915163836,56.4286204618624
84615,"60613","IL","Chicago",2016-10-31,270921.968866237,172729.915163836,56.847161424971
84615,"60613","IL","Chicago",2016-11-30,272415.849903389,172729.915163836,57.7120266891816
84615,"60613","IL","Chicago",2016-12-31,274712.973939049,172729.915163836,59.0419202594304
84615,"60613","IL","Chicago",2017-01-31,276724.958868896,172729.915163836,60.2067358201506
84615,"60613","IL","Chicago",2017-02-28,278619.477645389,172729.915163836,61.3035457008801
84615,"60613","IL","Chicago",2017-03-31,280208.570553254,172729.915163836,62.2235327838111
84615,"60613","IL","Chicago",2017-04-30,281507.465879799,172729.915163836,62.9755133109323
84615,"60613","IL","Chicago",2017-05-31,282462.948745033,172729.915163836,63.5286791388249
84615,"60613","IL","Chicago",2017-06-30,282491.826712262,172729.915163836,63.5453977061913
84615,"60613","IL","Chicago",2017-07-31,282841.894098904,172729.915163836,63.7480651979865
84615,"60613","IL","Chicago",2017-08-31,283141.242823425,172729.915163836,63.9213697030206
84615,"60613","IL","Chicago",2017-09-30,283972.874718922,172729.915163836,64.4028334348288
84615,"60613","IL","Chicago",2017-10-31,284324.4923,172729.915163836,64.6063983938834
84615,"60613","IL","Chicago",2017-11-30,284578.0167159,172729.915163836,64.753173441888
84615,"60613","IL","Chicago",2017-12-31,284849.957395713,172729.915163836,64.9106103743122
84615,"60613","IL","Chicago",2018-01-31,286011.24614103,172729.915163836,65.5829251521057
84615,"60613","IL","Chicago",2018-02-28,287598.411938026,172729.915163836,66.5017965563388
84615,"60613","IL","Chicago",2018-03-31,290072.113177533,172729.915163836,67.9339174701715
84615,"60613","IL","Chicago",2018-04-30,291891.892948004,172729.915163836,68.9874580619936
84615,"60613","IL","Chicago",2018-05-31,292370.481822719,172729.915163836,69.2645315928068
84615,"60613","IL","Chicago",2018-06-30,290680.318511657,172729.915163836,68.2860309610784
84615,"60613","IL","Chicago",2018-07-31,288475.867594783,172729.915163836,67.0097894282886
84615,"60613","IL","Chicago",2018-08-31,286499.116794245,172729.915163836,65.8653722619491
84615,"60613","IL","Chicago",2018-09-30,285081.036727276,172729.915163836,65.0443910985973
84615,"60613","IL","Chicago",2018-10-31,283536.52381766,172729.915163836,64.1502130935011
84615,"60613","IL","Chicago",2018-11-30,282006.78298004,172729.915163836,63.2645872097802
84615,"60613","IL","Chicago",2018-12-31,281026.171693013,172729.915163836,62.6968735707755
84615,"60613","IL","Chicago",2019-01-31,280831.139686978,172729.915163836,62.58396203148
84615,"60613","IL","Chicago",2019-02-28,281315.476139858,172729.915163836,62.8643630566417
84615,"60613","IL","Chicago",2019-03-31,281296.452504001,172729.915163836,62.8533495412122
84615,"60613","IL","Chicago",2019-04-30,281126.4118,172729.915163836,62.7549064291206
84615,"60613","IL","Chicago",2019-05-31,280442.737118595,172729.915163836,62.3591008266248
84615,"60613","IL","Chicago",2019-06-30,279688.298177514,172729.915163836,61.9223270689545
84615,"60613","IL","Chicago",2019-07-31,278398.70859295,172729.915163836,61.175733994246
84615,"60613","IL","Chicago",2019-08-31,277234.064087947,172729.915163836,60.5014764379343
84615,"60613","IL","Chicago",2019-09-30,276269.206137989,172729.915163836,59.9428830124449
84615,"60613","IL","Chicago",2019-10-31,276145.668873344,172729.915163836,59.8713625323199
84615,"60613","IL","Chicago",2019-11-30,276369.114184744,172729.915163836,60.000723628334
84615,"60613","IL","Chicago",2019-12-31,276820.744547424,172729.915163836,60.2621898383136
84615,"60613","IL","Chicago",2020-01-31,276654.222328281,172729.915163836,60.1657837126084
84615,"60613","IL","Chicago",2020-02-29,276646.471140584,172729.915163836,60.1612962515396
84615,"60613","IL","Chicago",2020-03-31,276650.887983392,172729.915163836,60.163853331941
84615,"60613","IL","Chicago",2020-04-30,276999.1697,172729.915163836,60.3654870305843
84615,"60613","IL","Chicago",2020-05-31,276738.93110217,172729.915163836,60.2148248840864
84615,"60613","IL","Chicago",2020-06-30,276173.52072601,172729.915163836,59.8874870424485
84615,"60613","IL","Chicago",2020-07-31,275401.305369629,172729.915163836,59.4404218333629
84615,"60613","IL","Chicago",2020-08-31,275593.20532631,172729.915163836,59.5515201086666
84615,"60613","IL","Chicago",2020-09-30,277046.570807374,172729.915163836,60.3929293571375
84615,"60613","IL","Chicago",2020-10-31,278930.159480459,172729.915163836,61.4834113800682
84615,"60613","IL","Chicago",2020-11-30,280748.245763824,172729.915163836,62.5359715469855
84615,"60613","IL","Chicago",2020-12-31,282070.596841566,172729.915163836,63.3015315117941
84615,"60613","IL","Chicago",2021-01-31,283490.576266003,172729.915163836,64.1236122863316
84615,"60613","IL","Chicago",2021-02-28,284822.659290035,172729.915163836,64.8948064496406
84615,"60613","IL","Chicago",2021-03-31,285361.360434016,172729.915163836,65.2066812881536
84615,"60613","IL","Chicago",2021-04-30,285427.27291104,172729.915163836,65.2448405595004
84615,"60613","IL","Chicago",2021-05-31,285044.145721409,172729.915163836,65.023033474568
84615,"60613","IL","Chicago",2021-06-30,285364.661580443,172729.915163836,65.2085924489525
84615,"60613","IL","Chicago",2021-07-31,286239.156637415,172729.915163836,65.7148713156691
84615,"60613","IL","Chicago",2021-08-31,287151.074578611,172729.915163836,66.2428157312795
84615,"60613","IL","Chicago",2021-09-30,287448.614601834,172729.915163836,66.4150731094764
84615,"60613","IL","Chicago",2021-10-31,287775.077469615,172729.915163836,66.6040750362541
84615,"60613","IL","Chicago",2021-11-30,288594.8652,172729.915163836,67.078681724741
84615,"60613","IL","Chicago",2021-12-31,290254.161106221,172729.915163836,68.0393120270528
84615,"60613","IL","Chicago",2022-01-31,291770.757847231,172729.915163836,68.9173282870454
84615,"60613","IL","Chicago",2022-02-28,293577.145052645,172729.915163836,69.9631154071863
84615,"60613","IL","Chicago",2022-03-31,295595.317923766,172729.915163836,71.1315134054178
84615,"60613","IL","Chicago",2022-04-30,297815.033563031,172729.915163836,72.4165922738695
84615,"60613","IL","Chicago",2022-05-31,298469.719604537,172729.915163836,72.7956152363277
84615,"60613","IL","Chicago",2022-06-30,298259.217541744,172729.915163836,72.6737474853982
84615,"60613","IL","Chicago",2022-07-31,297027.602118042,172729.915163836,71.9607178850918
84615,"60613","IL","Chicago",2022-08-31,295650.918031864,172729.915163836,71.1637024492467
84615,"60613","IL","Chicago",2022-09-30,294002.544801502,172729.915163836,70.2093957046398
84615,"60613","IL","Chicago",2022-10-31,292509.055556417,172729.915163836,69.344757263946
84615,"60613","IL","Chicago",2022-11-30,291426.422842108,172729.915163836,68.7179794916749
84615,"60613","IL","Chicago",2022-12-31,290330.874554462,172729.915163836,68.0837243965998
84615,"60613","IL","Chicago",2023-01-31,288524.386213738,172729.915163836,67.037878725333
84615,"60613","IL","Chicago",2023-02-28,286387.821569852,172729.915163836,65.8009391703867
84615,"60613","IL","Chicago",2023-03-31,285295.793961039,172729.915163836,65.1687223318752
84615,"60613","IL","Chicago",2023-04-30,286135.973180653,172729.915163836,65.6551344387863
84615,"60613","IL","Chicago",2023-05-31,288036.403,172729.915163836,66.7553664498679
84615,"60613","IL","Chicago",2023-06-30,289868.544885481,172729.915163836,67.8160639461547
84615,"60613","IL","Chicago",2023-07-31,291410.413768932,172729.915163836,68.7087112226782
84615,"60613","IL","Chicago",2023-08-31,293864.506234879,172729.915163836,70.1294798623309
84615,"60613","IL","Chicago",2023-09-30,296585.75830018,172729.915163836,71.7049174828035
84615,"60613","IL","Chicago",2023-10-31,298735.516694264,172729.915163836,72.9494954078517
84615,"60613","IL","Chicago",2023-11-30,299925.680774431,172729.915163836,73.6385272290264
84615,"60613","IL","Chicago",2023-12-31,300277.941443449,172729.915163836,73.8424644964558
84615,"60613","IL","Chicago",2024-01-31,300427.042258525,172729.915163836,73.9287847004198
84615,"60613","IL","Chicago",2024-02-29,300619.201757169,172729.915163836,74.0400332345615
84615,"60613","IL","Chicago",2024-03-31,301943.041774702,172729.915163836,74.8064552039561
84615,"60613","IL","Chicago",2024-04-30,303942.659991326,172729.915163836,75.9641111981295
84615,"60613","IL","Chicago",2024-05-31,306053.699894593,172729.915163836,77.1862734977313
84615,"60613","IL","Chicago",2024-06-30,306774.7682,172729.915163836,77.6037277092517
84615,"60613","IL","Chicago",2024-07-31,307099.662439797,172729.915163836,77.7918214968789
84615,"60613","IL","Chicago",2024-08-31,307453.296896491,172729.915163836,77.9965541029007
84615,"60613","IL","Chicago",2024-09-30,307686.735285898,172729.915163836,78.1317005766226
84615,"60613","IL","Chicago",2024-10-31,308255.570761296,172729.915163836,78.4610213401155
84615,"60613","IL","Chicago",2024-11-30,308905.448073207,172729.915163836,78.8372603438196
84615,"60613","IL","Chicago",2024-12-31,310788.680143111,172729.915163836,79.9275359154351
84615,"60613","IL","Chicago",2025-01-31,313408.7349,172729.915163836,81.4443865167939
84615,"60613","IL","Chicago",2025-02-28,316092.19207617,172729.915163836,82.9979432204049
84615,"60613","IL","Chicago",2025-03-31,318039.679744043,172729.915163836,84.1254188322736
84615,"60613","IL","Chicago",2025-04-30,318253.120308866,172729.915163836,84.248987795195
84615,"60613","IL","Chicago",2025-05-31,318062.73876917,172729.915163836,84.1387685899604
84615,"60613","IL","Chicago",2025-06-30,317862.465286978,172729.915163836,84.02282255826
84615,"60613","IL","Chicago",2025-07-31,318742.732530461,172729.915163836,84.5324431660442
84615,"60613","IL","Chicago",2025-08-31,320027.477747969,172729.915163836,85.2762316500996
84615,"60613","IL","Chicago",2025-09-30,322026.556348614,172729.915163836,86.4335752398008
84618,"60616","IL","Chicago",2000-01-31,190847.474697201,190847.474697201,0
84618,"60616","IL","Chicago",2000-02-29,191171.734862829,190847.474697201,0.169905400184931
84618,"60616","IL","Chicago",2000-03-31,191623.3966316,190847.474697201,0.406566518959671
84618,"60616","IL","Chicago",2000-04-30,192658.865344318,190847.474697201,0.949130005513693
84618,"60616","IL","Chicago",2000-05-31,193581.857326502,190847.474697201,1.43275808791214
84618,"60616","IL","Chicago",2000-06-30,195110.4402,190847.474697201,2.23370286117863
84618,"60616","IL","Chicago",2000-07-31,198008.84077425,190847.474697201,3.75240284861556
84618,"60616","IL","Chicago",2000-08-31,201657.520536659,190847.474697201,5.66423310374344
84618,"60616","IL","Chicago",2000-09-30,205506.754443012,190847.474697201,7.68114944621025
84618,"60616","IL","Chicago",2000-10-31,208871.784146508,190847.474697201,9.44435312958883
84618,"60616","IL","Chicago",2000-11-30,211442.415409127,190847.474697201,10.7913089992948
84618,"60616","IL","Chicago",2000-12-31,212865.818287068,190847.474697201,11.5371417016654
84618,"60616","IL","Chicago",2001-01-31,213119.387330443,190847.474697201,11.6700064638415
84618,"60616","IL","Chicago",2001-02-28,213519.559170437,190847.474697201,11.879687959826
84618,"60616","IL","Chicago",2001-03-31,214419.927367753,190847.474697201,12.3514616622259
84618,"60616","IL","Chicago",2001-04-30,215733.673678002,190847.474697201,13.0398366655283
84618,"60616","IL","Chicago",2001-05-31,217394.43526167,190847.474697201,13.9100402594208
84618,"60616","IL","Chicago",2001-06-30,218545.905866166,190847.474697201,14.5133862593208
84618,"60616","IL","Chicago",2001-07-31,219914.881423657,190847.474697201,15.2307002084118
84618,"60616","IL","Chicago",2001-08-31,222125.53708454,190847.474697201,16.3890365523382
84618,"60616","IL","Chicago",2001-09-30,225523.1582,190847.474697201,18.1693174393924
84618,"60616","IL","Chicago",2001-10-31,228820.381869569,190847.474697201,19.8969922094152
84618,"60616","IL","Chicago",2001-11-30,231194.750348247,190847.474697201,21.1411105727548
84618,"60616","IL","Chicago",2001-12-31,233381.056186433,190847.474697201,22.2866881297306
84618,"60616","IL","Chicago",2002-01-31,235692.697340364,190847.474697201,23.4979387148372
84618,"60616","IL","Chicago",2002-02-28,238514.912735794,190847.474697201,24.976719295983
84618,"60616","IL","Chicago",2002-03-31,241428.042645447,190847.474697201,26.5031371405344
84618,"60616","IL","Chicago",2002-04-30,244144.321836672,190847.474697201,27.9264094136073
84618,"60616","IL","Chicago",2002-05-31,245972.618334175,190847.474697201,28.884397723593
84618,"60616","IL","Chicago",2002-06-30,247050.455335687,190847.474697201,29.4491612884358
84618,"60616","IL","Chicago",2002-07-31,248533.958562436,190847.474697201,30.2264852897632
84618,"60616","IL","Chicago",2002-08-31,251262.682730172,190847.474697201,31.6562784646876
84618,"60616","IL","Chicago",2002-09-30,255141.977172108,190847.474697201,33.6889458856691
84618,"60616","IL","Chicago",2002-10-31,259286.537011952,190847.474697201,35.8606067087533
84618,"60616","IL","Chicago",2002-11-30,262211.038569492,190847.474697201,37.3929830538843
84618,"60616","IL","Chicago",2002-12-31,264695.961414081,190847.474697201,38.6950295433816
84618,"60616","IL","Chicago",2003-01-31,266251.41867456,190847.474697201,39.5100559213552
84618,"60616","IL","Chicago",2003-02-28,268478.181716345,190847.474697201,40.6768321888
84618,"60616","IL","Chicago",2003-03-31,270515.938480559,190847.474697201,41.7445732042091
84618,"60616","IL","Chicago",2003-04-30,273141.79952474,190847.474697201,43.1204682996757
84618,"60616","IL","Chicago",2003-05-31,274927.286896595,190847.474697201,44.0560255422791
84618,"60616","IL","Chicago",2003-06-30,277049.291011082,190847.474697201,45.1679103696017
84618,"60616","IL","Chicago",2003-07-31,279279.699459474,190847.474697201,46.3365967522385
84618,"60616","IL","Chicago",2003-08-31,282533.81236251,190847.474697201,48.0416824014981
84618,"60616","IL","Chicago",2003-09-30,285954.063412641,190847.474697201,49.8338208909158
84618,"60616","IL","Chicago",2003-10-31,289679.33273763,190847.474697201,51.785782440787
84618,"60616","IL","Chicago",2003-11-30,292749.797909472,190847.474697201,53.3946406018462
84618,"60616","IL","Chicago",2003-12-31,295596.80231634,190847.474697201,54.8864100954618
84618,"60616","IL","Chicago",2004-01-31,298191.169038118,190847.474697201,56.2458028387476
84618,"60616","IL","Chicago",2004-02-29,300553.219953003,190847.474697201,57.4834670617782
84618,"60616","IL","Chicago",2004-03-31,302184.68180463,190847.474697201,58.3383182219603
84618,"60616","IL","Chicago",2004-04-30,303654.517331527,190847.474697201,59.1084806405246
84618,"60616","IL","Chicago",2004-05-31,305226.232793243,190847.474697201,59.9320259686512
84618,"60616","IL","Chicago",2004-06-30,307130.548432295,190847.474697201,60.9298466849446
84618,"60616","IL","Chicago",2004-07-31,309399.231943356,190847.474697201,62.1185883828164
84618,"60616","IL","Chicago",2004-08-31,311600.832616708,190847.474697201,63.2721801067022
84618,"60616","IL","Chicago",2004-09-30,313778.822572966,190847.474697201,64.4134003191853
84618,"60616","IL","Chicago",2004-10-31,316176.788382236,190847.474697201,65.6698831796869
84618,"60616","IL","Chicago",2004-11-30,319044.306342363,190847.474697201,67.1724013370148
84618,"60616","IL","Chicago",2004-12-31,322031.836154624,190847.474697201,68.7378031412568
84618,"60616","IL","Chicago",2005-01-31,324461.054059259,190847.474697201,70.0106614321458
84618,"60616","IL","Chicago",2005-02-28,327105.356879492,190847.474697201,71.3962196243242
84618,"60616","IL","Chicago",2005-03-31,329621.710511007,190847.474697201,72.7147351747694
84618,"60616","IL","Chicago",2005-04-30,332479.354528891,190847.474697201,74.2120795972818
84618,"60616","IL","Chicago",2005-05-31,335061.844976407,190847.474697201,75.5652494265465
84618,"60616","IL","Chicago",2005-06-30,337404.330724753,190847.474697201,76.7926619202474
84618,"60616","IL","Chicago",2005-07-31,338898.189111189,190847.474697201,77.5754118040517
84618,"60616","IL","Chicago",2005-08-31,341296.087328113,190847.474697201,78.8318592476079
84618,"60616","IL","Chicago",2005-09-30,344977.192752958,190847.474697201,80.7606798571993
84618,"60616","IL","Chicago",2005-10-31,349514.910448027,190847.474697201,83.1383469980765
84618,"60616","IL","Chicago",2005-11-30,353560.338630682,190847.474697201,85.2580649503695
84618,"60616","IL","Chicago",2005-12-31,356416.011546885,190847.474697201,86.7543765577066
84618,"60616","IL","Chicago",2006-01-31,357966.765911988,190847.474697201,87.5669387189628
84618,"60616","IL","Chicago",2006-02-28,358599.269222739,190847.474697201,87.8983569427326
84618,"60616","IL","Chicago",2006-03-31,359677.341384787,190847.474697201,88.463243726673
84618,"60616","IL","Chicago",2006-04-30,361055.250253754,190847.474697201,89.1852385401504
84618,"60616","IL","Chicago",2006-05-31,362588.305257764,190847.474697201,89.9885266142748
84618,"60616","IL","Chicago",2006-06-30,363177.027787291,190847.474697201,90.2970046438959
84618,"60616","IL","Chicago",2006-07-31,363357.790048286,190847.474697201,90.3917202073483
84618,"60616","IL","Chicago",2006-08-31,363186.846147114,190847.474697201,90.3021492547105
84618,"60616","IL","Chicago",2006-09-30,362445.2975,190847.474697201,89.9135936040315
84618,"60616","IL","Chicago",2006-10-31,361496.736691131,190847.474697201,89.4165680026321
84618,"60616","IL","Chicago",2006-11-30,361550.038230602,190847.474697201,89.4444968707276
84618,"60616","IL","Chicago",2006-12-31,362766.599162766,190847.474697201,90.0819488119143
84618,"60616","IL","Chicago",2007-01-31,364880.511287739,190847.474697201,91.1895936095873
84618,"60616","IL","Chicago",2007-02-28,367459.735851007,190847.474697201,92.5410521852691
84618,"60616","IL","Chicago",2007-03-31,369110.41008945,190847.474697201,93.4059702257419
84618,"60616","IL","Chicago",2007-04-30,369425.518112345,190847.474697201,93.5710800986367
84618,"60616","IL","Chicago",2007-05-31,368706.237086903,190847.474697201,93.1941922060492
84618,"60616","IL","Chicago",2007-06-30,368136.448050919,190847.474697201,92.8956349226022
84618,"60616","IL","Chicago",2007-07-31,367716.174573869,190847.474697201,92.6754205981961
84618,"60616","IL","Chicago",2007-08-31,367402.159087438,190847.474697201,92.510883191071
84618,"60616","IL","Chicago",2007-09-30,366615.488877138,190847.474697201,92.0986848051357
84618,"60616","IL","Chicago",2007-10-31,366344.0009496,190847.474697201,91.956430930428
84618,"60616","IL","Chicago",2007-11-30,365569.678054225,190847.474697201,91.5507022737593
84618,"60616","IL","Chicago",2007-12-31,365312.279231151,190847.474697201,91.4158307888301
84618,"60616","IL","Chicago",2008-01-31,365658.698859222,190847.474697201,91.5973472739818
84618,"60616","IL","Chicago",2008-02-29,363955.048300173,190847.474697201,90.7046707731523
84618,"60616","IL","Chicago",2008-03-31,365778.461005595,190847.474697201,91.6601000804119
84618,"60616","IL","Chicago",2008-04-30,364711.593149192,190847.474697201,91.1010841132918
84618,"60616","IL","Chicago",2008-05-31,367283.298758955,190847.474697201,92.4486029179511
84618,"60616","IL","Chicago",2008-06-30,365202.62154084,190847.474697201,91.3583725015329
84618,"60616","IL","Chicago",2008-07-31,365389.978011044,190847.474697201,91.4565432897511
84618,"60616","IL","Chicago",2008-08-31,362649.090917517,190847.474697201,90.0203770015274
84618,"60616","IL","Chicago",2008-09-30,361090.921307292,190847.474697201,89.2039294102262
84618,"60616","IL","Chicago",2008-10-31,357163.668473563,190847.474697201,87.1461328163962
84618,"60616","IL","Chicago",2008-11-30,353922.954445659,190847.474697201,85.4480678914891
84618,"60616","IL","Chicago",2008-12-31,348375.993456041,190847.474697201,82.5415788229706
84618,"60616","IL","Chicago",2009-01-31,343201.406056515,190847.474697201,79.8302055612935
84618,"60616","IL","Chicago",2009-02-28,339225.898,190847.474697201,77.747124261516
84618,"60616","IL","Chicago",2009-03-31,336191.826171618,190847.474697201,76.1573354350223
84618,"60616","IL","Chicago",2009-04-30,336057.874058556,190847.474697201,76.0871473891628
84618,"60616","IL","Chicago",2009-05-31,335246.942125444,190847.474697201,75.662236378735
84618,"60616","IL","Chicago",2009-06-30,335712.000611801,190847.474697201,75.9059170913535
84618,"60616","IL","Chicago",2009-07-31,334336.324898209,190847.474697201,75.1850924035895
84618,"60616","IL","Chicago",2009-08-31,333129.582625157,190847.474697201,74.552785230038
84618,"60616","IL","Chicago",2009-09-30,330047.2778,190847.474697201,72.9377233435511
84618,"60616","IL","Chicago",2009-10-31,327967.523318476,190847.474697201,71.8479764213956
84618,"60616","IL","Chicago",2009-11-30,324463.954253701,190847.474697201,70.0121810720814
84618,"60616","IL","Chicago",2009-12-31,323144.579613997,190847.474697201,69.3208569443731
84618,"60616","IL","Chicago",2010-01-31,320895.094121217,190847.474697201,68.1421745979865
84618,"60616","IL","Chicago",2010-02-28,320202.205938462,190847.474697201,67.7791159911832
84618,"60616","IL","Chicago",2010-03-31,316632.260814866,190847.474697201,65.9085410049227
84618,"60616","IL","Chicago",2010-04-30,315320.324803539,190847.474697201,65.2211145595852
84618,"60616","IL","Chicago",2010-05-31,313332.486151776,190847.474697201,64.1795295687873
84618,"60616","IL","Chicago",2010-06-30,314793.880809225,190847.474697201,64.9452691520684
84618,"60616","IL","Chicago",2010-07-31,312248.346011479,190847.474697201,63.6114632938643
84618,"60616","IL","Chicago",2010-08-31,310058.13162352,190847.474697201,62.4638377402994
84618,"60616","IL","Chicago",2010-09-30,305429.098447548,190847.474697201,60.0383232380423
84618,"60616","IL","Chicago",2010-10-31,302116.71979596,190847.474697201,58.3027075811707
84618,"60616","IL","Chicago",2010-11-30,297540.504718085,190847.474697201,55.9048686340558
84618,"60616","IL","Chicago",2010-12-31,293415.872341981,190847.474697201,53.7436493762962
84618,"60616","IL","Chicago",2011-01-31,289944.320346318,190847.474697201,51.9246302872718
84618,"60616","IL","Chicago",2011-02-28,287341.602964608,190847.474697201,50.560861976562
84618,"60616","IL","Chicago",2011-03-31,286057.197827324,190847.474697201,49.8878611211296
84618,"60616","IL","Chicago",2011-04-30,284958.246684699,190847.474697201,49.312034197368
84618,"60616","IL","Chicago",2011-05-31,285413.027096765,190847.474697201,49.5503294186111
84618,"60616","IL","Chicago",2011-06-30,284019.719842335,190847.474697201,48.8202661800797
84618,"60616","IL","Chicago",2011-07-31,283390.704132172,190847.474697201,48.4906753845181
84618,"60616","IL","Chicago",2011-08-31,281289.703398455,190847.474697201,47.3897958800603
84618,"60616","IL","Chicago",2011-09-30,280017.496658947,190847.474697201,46.723186724489
84618,"60616","IL","Chicago",2011-10-31,276833.4357,190847.474697201,45.054806797535
84618,"60616","IL","Chicago",2011-11-30,274569.637915917,190847.474697201,43.8686251162341
84618,"60616","IL","Chicago",2011-12-31,270506.678867314,190847.474697201,41.7397213646657
84618,"60616","IL","Chicago",2012-01-31,267200.713720109,190847.474697201,40.0074662470903
84618,"60616","IL","Chicago",2012-02-29,262014.627596456,190847.474697201,37.2900678995979
84618,"60616","IL","Chicago",2012-03-31,256606.847061498,190847.474697201,34.4565064162523
84618,"60616","IL","Chicago",2012-04-30,250488.048437804,190847.474697201,31.2503866426464
84618,"60616","IL","Chicago",2012-05-31,245568.643840593,190847.474697201,28.6727237183576
84618,"60616","IL","Chicago",2012-06-30,243080.427688035,190847.474697201,27.368951605834
84618,"60616","IL","Chicago",2012-07-31,241636.44454956,190847.474697201,26.6123352865636
84618,"60616","IL","Chicago",2012-08-31,240211.946294246,190847.474697201,25.8659286298473
84618,"60616","IL","Chicago",2012-09-30,239034.957965451,190847.474697201,25.2492118875056
84618,"60616","IL","Chicago",2012-10-31,237565.676014136,190847.474697201,24.479339530721
84618,"60616","IL","Chicago",2012-11-30,236349.502174566,190847.474697201,23.8420904177841
84618,"60616","IL","Chicago",2012-12-31,235703.025320049,190847.474697201,23.5033503555736
84618,"60616","IL","Chicago",2013-01-31,237118.530010439,190847.474697201,24.245044576383
84618,"60616","IL","Chicago",2013-02-28,238270.214984632,190847.474697201,24.8485029014251
84618,"60616","IL","Chicago",2013-03-31,239672.2079332,190847.474697201,25.5831172581475
84618,"60616","IL","Chicago",2013-04-30,242125.598661855,190847.474697201,26.8686415924609
84618,"60616","IL","Chicago",2013-05-31,245753.924219941,190847.474697201,28.7698066793153
84618,"60616","IL","Chicago",2013-06-30,251076.195173792,190847.474697201,31.5585629687528
84618,"60616","IL","Chicago",2013-07-31,255371.087517426,190847.474697201,33.8089948125319
84618,"60616","IL","Chicago",2013-08-31,260157.123225039,190847.474697201,36.3167752875979
84618,"60616","IL","Chicago",2013-09-30,264731.508452388,190847.474697201,38.713655432125
84618,"60616","IL","Chicago",2013-10-31,269790.888286395,190847.474697201,41.3646623904484
84618,"60616","IL","Chicago",2013-11-30,274652.400910802,190847.474697201,43.911991157633
84618,"60616","IL","Chicago",2013-12-31,278789.6489093,190847.474697201,46.0798207320413
84618,"60616","IL","Chicago",2014-01-31,282950.118104314,190847.474697201,48.2598177173903
84618,"60616","IL","Chicago",2014-02-28,287376.748256889,190847.474697201,50.5792773589698
84618,"60616","IL","Chicago",2014-03-31,291679.072010887,190847.474697201,52.8336031030357
84618,"60616","IL","Chicago",2014-04-30,294260.8654,190847.474697201,54.186407688587
84618,"60616","IL","Chicago",2014-05-31,294869.7211,190847.474697201,54.5054350694659
84618,"60616","IL","Chicago",2014-06-30,295119.1167,190847.474697201,54.6361130364632
84618,"60616","IL","Chicago",2014-07-31,296181.794576178,190847.474697201,55.192933543449
84618,"60616","IL","Chicago",2014-08-31,298182.564526561,190847.474697201,56.2412942584949
84618,"60616","IL","Chicago",2014-09-30,299947.605364568,190847.474697201,57.1661379541255
84618,"60616","IL","Chicago",2014-10-31,300978.03957061,190847.474697201,57.7060634667246
84618,"60616","IL","Chicago",2014-11-30,301302.613737366,190847.474697201,57.8761333967939
84618,"60616","IL","Chicago",2014-12-31,301056.498801571,190847.474697201,57.747174427761
84618,"60616","IL","Chicago",2015-01-31,300390.8656,190847.474697201,57.3983968488973
84618,"60616","IL","Chicago",2015-02-28,299881.734395487,190847.474697201,57.1316229734132
84618,"60616","IL","Chicago",2015-03-31,300254.56671717,190847.474697201,57.3269791458096
84618,"60616","IL","Chicago",2015-04-30,301003.469501307,190847.474697201,57.7193882071947
84618,"60616","IL","Chicago",2015-05-31,302544.775570134,190847.474697201,58.5269996630301
84618,"60616","IL","Chicago",2015-06-30,303382.298843999,190847.474697201,58.9658439679884
84618,"60616","IL","Chicago",2015-07-31,304597.951986623,190847.474697201,59.6028202468479
84618,"60616","IL","Chicago",2015-08-31,306095.846048317,190847.474697201,60.3876847382802
84618,"60616","IL","Chicago",2015-09-30,308305.422056351,190847.474697201,61.5454553671763
84618,"60616","IL","Chicago",2015-10-31,310530.225488436,190847.474697201,62.7112048409981
84618,"60616","IL","Chicago",2015-11-30,313136.0149,190847.474697201,64.0765828297291
84618,"60616","IL","Chicago",2015-12-31,315459.360804064,190847.474697201,65.2939664538771
84618,"60616","IL","Chicago",2016-01-31,318155.313195706,190847.474697201,66.7065879181745
84618,"60616","IL","Chicago",2016-02-29,321144.098765961,190847.474697201,68.2726477127811
84618,"60616","IL","Chicago",2016-03-31,324205.025130347,190847.474697201,69.8765077424946
84618,"60616","IL","Chicago",2016-04-30,327106.056903299,190847.474697201,71.3965864218458
84618,"60616","IL","Chicago",2016-05-31,328339.3834,190847.474697201,72.0428231607168
84618,"60616","IL","Chicago",2016-06-30,328389.647292229,190847.474697201,72.0691603665448
84618,"60616","IL","Chicago",2016-07-31,328456.0336,190847.474697201,72.1039453737223
84618,"60616","IL","Chicago",2016-08-31,328843.759603954,190847.474697201,72.3071055174805
84618,"60616","IL","Chicago",2016-09-30,329222.9957,190847.474697201,72.5058171308502
84618,"60616","IL","Chicago",2016-10-31,329565.546894976,190847.474697201,72.6853066396947
84618,"60616","IL","Chicago",2016-11-30,329820.375654415,190847.474697201,72.8188314661791
84618,"60616","IL","Chicago",2016-12-31,331222.683748956,190847.474697201,73.5536109526595
84618,"60616","IL","Chicago",2017-01-31,332169.416,190847.474697201,74.0496784288186
84618,"60616","IL","Chicago",2017-02-28,333602.262322413,190847.474697201,74.8004592943693
84618,"60616","IL","Chicago",2017-03-31,335370.68307361,190847.474697201,75.7270739923118
84618,"60616","IL","Chicago",2017-04-30,336568.948643367,190847.474697201,76.3549395544095
84618,"60616","IL","Chicago",2017-05-31,337016.283518627,190847.474697201,76.5893334734123
84618,"60616","IL","Chicago",2017-06-30,336527.948161796,190847.474697201,76.3334561778884
84618,"60616","IL","Chicago",2017-07-31,336624.492006761,190847.474697201,76.3840430903522
84618,"60616","IL","Chicago",2017-08-31,336239.118483918,190847.474697201,76.182115596444
84618,"60616","IL","Chicago",2017-09-30,335843.255636337,190847.474697201,75.9746919204383
84618,"60616","IL","Chicago",2017-10-31,335075.93200797,190847.474697201,75.572630730169
84618,"60616","IL","Chicago",2017-11-30,335722.585685601,190847.474697201,75.9114634439144
84618,"60616","IL","Chicago",2017-12-31,336570.190006048,190847.474697201,76.3555900019375
84618,"60616","IL","Chicago",2018-01-31,337774.924443515,190847.474697201,76.9868451125323
84618,"60616","IL","Chicago",2018-02-28,338839.0881,190847.474697201,77.5444441366604
84618,"60616","IL","Chicago",2018-03-31,341514.137270479,190847.474697201,78.9461127595871
84618,"60616","IL","Chicago",2018-04-30,344414.528195918,190847.474697201,80.465855648531
84618,"60616","IL","Chicago",2018-05-31,346055.400920862,190847.474697201,81.3256379053028
84618,"60616","IL","Chicago",2018-06-30,344448.696046938,190847.474697201,80.483758872597
84618,"60616","IL","Chicago",2018-07-31,341771.165696741,190847.474697201,79.080790164499
84618,"60616","IL","Chicago",2018-08-31,338824.52852734,190847.474697201,77.5368152315971
84618,"60616","IL","Chicago",2018-09-30,337235.513763986,190847.474697201,76.7042054389475
84618,"60616","IL","Chicago",2018-10-31,336135.936048074,190847.474697201,76.128050204168
84618,"60616","IL","Chicago",2018-11-30,335259.726629343,190847.474697201,75.6689351856847
84618,"60616","IL","Chicago",2018-12-31,334813.459500241,190847.474697201,75.4351007428605
84618,"60616","IL","Chicago",2019-01-31,334790.211686479,190847.474697201,75.4229193850516
84618,"60616","IL","Chicago",2019-02-28,335853.995266619,190847.474697201,75.9803192572944
84618,"60616","IL","Chicago",2019-03-31,336557.693683172,190847.474697201,76.3490421956877
84618,"60616","IL","Chicago",2019-04-30,336857.574634614,190847.474697201,76.5061734084102
84618,"60616","IL","Chicago",2019-05-31,336340.808950075,190847.474697201,76.2353992284748
84618,"60616","IL","Chicago",2019-06-30,336074.762050109,190847.474697201,76.0959963359878
84618,"60616","IL","Chicago",2019-07-31,336018.458804714,190847.474697201,76.0664946381085
84618,"60616","IL","Chicago",2019-08-31,335730.975187674,190847.474697201,75.9158593637903
84618,"60616","IL","Chicago",2019-09-30,334499.261272097,190847.474697201,75.2704675829815
84618,"60616","IL","Chicago",2019-10-31,334283.094310831,190847.474697201,75.1572007128755
84618,"60616","IL","Chicago",2019-11-30,334777.415363891,190847.474697201,75.4162143853614
84618,"60616","IL","Chicago",2019-12-31,335958.536068872,190847.474697201,76.0350964045524
84618,"60616","IL","Chicago",2020-01-31,337034.670698373,190847.474697201,76.598967962826
84618,"60616","IL","Chicago",2020-02-29,339105.963780036,190847.474697201,77.6842812922002
84618,"60616","IL","Chicago",2020-03-31,341829.9418,190847.474697201,79.1115875870756
84618,"60616","IL","Chicago",2020-04-30,343079.169940247,190847.474697201,79.7661564474857
84618,"60616","IL","Chicago",2020-05-31,342682.976681415,190847.474697201,79.5585596430424
84618,"60616","IL","Chicago",2020-06-30,341507.283567295,190847.474697201,78.9425215655224
84618,"60616","IL","Chicago",2020-07-31,340652.844706017,190847.474697201,78.4948138540983
84618,"60616","IL","Chicago",2020-08-31,341125.74290002,190847.474697201,78.7426024060575
84618,"60616","IL","Chicago",2020-09-30,342789.60646047,190847.474697201,79.6144313695214
84618,"60616","IL","Chicago",2020-10-31,345335.504412501,190847.474697201,80.9484275128134
84618,"60616","IL","Chicago",2020-11-30,347897.519089065,190847.474697201,82.2908684754878
84618,"60616","IL","Chicago",2020-12-31,349734.309257137,190847.474697201,83.2533072874164
84618,"60616","IL","Chicago",2021-01-31,351551.80312185,190847.474697201,84.2056352485784
84618,"60616","IL","Chicago",2021-02-28,353756.355360824,190847.474697201,85.3607735298012
84618,"60616","IL","Chicago",2021-03-31,356025.879039567,190847.474697201,86.5499554575911
84618,"60616","IL","Chicago",2021-04-30,357572.322978461,190847.474697201,87.3602590475901
84618,"60616","IL","Chicago",2021-05-31,357814.79025464,190847.474697201,87.4873067209033
84618,"60616","IL","Chicago",2021-06-30,357231.018733741,190847.474697201,87.1814229140435
84618,"60616","IL","Chicago",2021-07-31,356767.451393209,190847.474697201,86.9385235299844
84618,"60616","IL","Chicago",2021-08-31,355411.346159919,190847.474697201,86.2279533558485
84618,"60616","IL","Chicago",2021-09-30,353393.438045847,190847.474697201,85.1706126091222
84618,"60616","IL","Chicago",2021-10-31,351605.519661824,190847.474697201,84.2337815680722
84618,"60616","IL","Chicago",2021-11-30,351306.193943543,190847.474697201,84.0769412856654
84618,"60616","IL","Chicago",2021-12-31,353130.78636624,190847.474697201,85.0329887395772
84618,"60616","IL","Chicago",2022-01-31,355242.974153297,190847.474697201,86.1397300210156
84618,"60616","IL","Chicago",2022-02-28,358437.486814488,190847.474697201,87.8135864166844
84618,"60616","IL","Chicago",2022-03-31,362481.057381141,190847.474697201,89.9323310178732
84618,"60616","IL","Chicago",2022-04-30,366935.232290163,190847.474697201,92.2662235234407
84618,"60616","IL","Chicago",2022-05-31,368728.888063683,190847.474697201,93.2060608340292
84618,"60616","IL","Chicago",2022-06-30,367850.697014575,190847.474697201,92.7459074835581
84618,"60616","IL","Chicago",2022-07-31,365069.985525972,190847.474697201,91.2888740630138
84618,"60616","IL","Chicago",2022-08-31,361822.3396,190847.474697201,89.5871769715933
84618,"60616","IL","Chicago",2022-09-30,358778.259247769,190847.474697201,87.9921438923971
84618,"60616","IL","Chicago",2022-10-31,355969.955486361,190847.474697201,86.5206527103083
84618,"60616","IL","Chicago",2022-11-30,354586.136430884,190847.474697201,85.7955610853483
84618,"60616","IL","Chicago",2022-12-31,352905.149217467,190847.474697201,84.9147596935126
84618,"60616","IL","Chicago",2023-01-31,351769.888305951,190847.474697201,84.3199072264746
84618,"60616","IL","Chicago",2023-02-28,349053.357391355,190847.474697201,82.8965030557322
84618,"60616","IL","Chicago",2023-03-31,346783.750855196,190847.474697201,81.7072777124258
84618,"60616","IL","Chicago",2023-04-30,345139.931853637,190847.474697201,80.845951669644
84618,"60616","IL","Chicago",2023-05-31,344997.128635808,190847.474697201,80.7711258339573
84618,"60616","IL","Chicago",2023-06-30,345182.137191762,190847.474697201,80.8680663652624
84618,"60616","IL","Chicago",2023-07-31,345558.134957688,190847.474697201,81.0650811628241
84618,"60616","IL","Chicago",2023-08-31,346634.803813273,190847.474697201,81.6292326441541
84618,"60616","IL","Chicago",2023-09-30,348572.911357131,190847.474697201,82.6447595967283
84618,"60616","IL","Chicago",2023-10-31,348633.894287092,190847.474697201,82.676713349356
84618,"60616","IL","Chicago",2023-11-30,347488.691480099,190847.474697201,82.0766515414597
84618,"60616","IL","Chicago",2023-12-31,343621.55545256,190847.474697201,80.0503548699031
84618,"60616","IL","Chicago",2024-01-31,340141.861237009,190847.474697201,78.2270694315855
84618,"60616","IL","Chicago",2024-02-29,337634.505966118,190847.474697201,76.913268829891
84618,"60616","IL","Chicago",2024-03-31,335954.910027292,190847.474697201,76.0331964362212
84618,"60616","IL","Chicago",2024-04-30,334593.3328,190847.474697201,75.3197590541167
84618,"60616","IL","Chicago",2024-05-31,331087.079409927,190847.474697201,73.4825571756869
84618,"60616","IL","Chicago",2024-06-30,328259.6549,190847.474697201,72.0010471298175
84618,"60616","IL","Chicago",2024-07-31,326228.353985776,190847.474697201,70.9366888418983
84618,"60616","IL","Chicago",2024-08-31,326994.439576287,190847.474697201,71.3381013267776
84618,"60616","IL","Chicago",2024-09-30,327517.490544496,190847.474697201,71.6121688610944
84618,"60616","IL","Chicago",2024-10-31,327697.716570627,190847.474697201,71.7066034489333
84618,"60616","IL","Chicago",2024-11-30,326319.07082541,190847.474697201,70.9842225280414
84618,"60616","IL","Chicago",2024-12-31,325615.2709,190847.474697201,70.6154464011751
84618,"60616","IL","Chicago",2025-01-31,325437.869496905,190847.474697201,70.5224918554695
84618,"60616","IL","Chicago",2025-02-28,326134.43419115,190847.474697201,70.887476875759
84618,"60616","IL","Chicago",2025-03-31,326760.761,190847.474697201,71.2156587444704
84618,"60616","IL","Chicago",2025-04-30,325689.774,190847.474697201,70.6544844340955
84618,"60616","IL","Chicago",2025-05-31,324142.365170933,190847.474697201,69.8436752622572
84618,"60616","IL","Chicago",2025-06-30,322072.110835743,190847.474697201,68.7589062138459
84618,"60616","IL","Chicago",2025-07-31,320772.331586412,190847.474697201,68.0778496521108
84618,"60616","IL","Chicago",2025-08-31,319484.508141649,190847.474697201,67.4030576765783
84618,"60616","IL","Chicago",2025-09-30,319164.166675543,190847.474697201,67.2352055912339
85920,"63102","MO","Saint Louis",2000-01-31,NA,NA,NA
85920,"63102","MO","Saint Louis",2000-02-29,NA,NA,NA
85920,"63102","MO","Saint Louis",2000-03-31,NA,NA,NA
85920,"63102","MO","Saint Louis",2000-04-30,NA,NA,NA
85920,"63102","MO","Saint Louis",2000-05-31,NA,NA,NA
85920,"63102","MO","Saint Louis",2000-06-30,NA,NA,NA
85920,"63102","MO","Saint Louis",2000-07-31,NA,NA,NA
85920,"63102","MO","Saint Louis",2000-08-31,NA,NA,NA
85920,"63102","MO","Saint Louis",2000-09-30,NA,NA,NA
85920,"63102","MO","Saint Louis",2000-10-31,NA,NA,NA
85920,"63102","MO","Saint Louis",2000-11-30,NA,NA,NA
85920,"63102","MO","Saint Louis",2000-12-31,NA,NA,NA
85920,"63102","MO","Saint Louis",2001-01-31,NA,NA,NA
85920,"63102","MO","Saint Louis",2001-02-28,NA,NA,NA
85920,"63102","MO","Saint Louis",2001-03-31,NA,NA,NA
85920,"63102","MO","Saint Louis",2001-04-30,NA,NA,NA
85920,"63102","MO","Saint Louis",2001-05-31,NA,NA,NA
85920,"63102","MO","Saint Louis",2001-06-30,NA,NA,NA
85920,"63102","MO","Saint Louis",2001-07-31,NA,NA,NA
85920,"63102","MO","Saint Louis",2001-08-31,NA,NA,NA
85920,"63102","MO","Saint Louis",2001-09-30,NA,NA,NA
85920,"63102","MO","Saint Louis",2001-10-31,NA,NA,NA
85920,"63102","MO","Saint Louis",2001-11-30,NA,NA,NA
85920,"63102","MO","Saint Louis",2001-12-31,NA,NA,NA
85920,"63102","MO","Saint Louis",2002-01-31,NA,NA,NA
85920,"63102","MO","Saint Louis",2002-02-28,NA,NA,NA
85920,"63102","MO","Saint Louis",2002-03-31,NA,NA,NA
85920,"63102","MO","Saint Louis",2002-04-30,NA,NA,NA
85920,"63102","MO","Saint Louis",2002-05-31,NA,NA,NA
85920,"63102","MO","Saint Louis",2002-06-30,NA,NA,NA
85920,"63102","MO","Saint Louis",2002-07-31,NA,NA,NA
85920,"63102","MO","Saint Louis",2002-08-31,NA,NA,NA
85920,"63102","MO","Saint Louis",2002-09-30,NA,NA,NA
85920,"63102","MO","Saint Louis",2002-10-31,NA,NA,NA
85920,"63102","MO","Saint Louis",2002-11-30,NA,NA,NA
85920,"63102","MO","Saint Louis",2002-12-31,NA,NA,NA
85920,"63102","MO","Saint Louis",2003-01-31,NA,NA,NA
85920,"63102","MO","Saint Louis",2003-02-28,NA,NA,NA
85920,"63102","MO","Saint Louis",2003-03-31,NA,NA,NA
85920,"63102","MO","Saint Louis",2003-04-30,NA,NA,NA
85920,"63102","MO","Saint Louis",2003-05-31,NA,NA,NA
85920,"63102","MO","Saint Louis",2003-06-30,NA,NA,NA
85920,"63102","MO","Saint Louis",2003-07-31,NA,NA,NA
85920,"63102","MO","Saint Louis",2003-08-31,NA,NA,NA
85920,"63102","MO","Saint Louis",2003-09-30,NA,NA,NA
85920,"63102","MO","Saint Louis",2003-10-31,NA,NA,NA
85920,"63102","MO","Saint Louis",2003-11-30,NA,NA,NA
85920,"63102","MO","Saint Louis",2003-12-31,NA,NA,NA
85920,"63102","MO","Saint Louis",2004-01-31,NA,NA,NA
85920,"63102","MO","Saint Louis",2004-02-29,NA,NA,NA
85920,"63102","MO","Saint Louis",2004-03-31,NA,NA,NA
85920,"63102","MO","Saint Louis",2004-04-30,NA,NA,NA
85920,"63102","MO","Saint Louis",2004-05-31,NA,NA,NA
85920,"63102","MO","Saint Louis",2004-06-30,NA,NA,NA
85920,"63102","MO","Saint Louis",2004-07-31,NA,NA,NA
85920,"63102","MO","Saint Louis",2004-08-31,NA,NA,NA
85920,"63102","MO","Saint Louis",2004-09-30,NA,NA,NA
85920,"63102","MO","Saint Louis",2004-10-31,NA,NA,NA
85920,"63102","MO","Saint Louis",2004-11-30,NA,NA,NA
85920,"63102","MO","Saint Louis",2004-12-31,NA,NA,NA
85920,"63102","MO","Saint Louis",2005-01-31,NA,NA,NA
85920,"63102","MO","Saint Louis",2005-02-28,NA,NA,NA
85920,"63102","MO","Saint Louis",2005-03-31,NA,NA,NA
85920,"63102","MO","Saint Louis",2005-04-30,NA,NA,NA
85920,"63102","MO","Saint Louis",2005-05-31,NA,NA,NA
85920,"63102","MO","Saint Louis",2005-06-30,NA,NA,NA
85920,"63102","MO","Saint Louis",2005-07-31,NA,NA,NA
85920,"63102","MO","Saint Louis",2005-08-31,NA,NA,NA
85920,"63102","MO","Saint Louis",2005-09-30,NA,NA,NA
85920,"63102","MO","Saint Louis",2005-10-31,NA,NA,NA
85920,"63102","MO","Saint Louis",2005-11-30,NA,NA,NA
85920,"63102","MO","Saint Louis",2005-12-31,NA,NA,NA
85920,"63102","MO","Saint Louis",2006-01-31,NA,NA,NA
85920,"63102","MO","Saint Louis",2006-02-28,NA,NA,NA
85920,"63102","MO","Saint Louis",2006-03-31,NA,NA,NA
85920,"63102","MO","Saint Louis",2006-04-30,NA,NA,NA
85920,"63102","MO","Saint Louis",2006-05-31,NA,NA,NA
85920,"63102","MO","Saint Louis",2006-06-30,NA,NA,NA
85920,"63102","MO","Saint Louis",2006-07-31,NA,NA,NA
85920,"63102","MO","Saint Louis",2006-08-31,NA,NA,NA
85920,"63102","MO","Saint Louis",2006-09-30,NA,NA,NA
85920,"63102","MO","Saint Louis",2006-10-31,NA,NA,NA
85920,"63102","MO","Saint Louis",2006-11-30,NA,NA,NA
85920,"63102","MO","Saint Louis",2006-12-31,NA,NA,NA
85920,"63102","MO","Saint Louis",2007-01-31,NA,NA,NA
85920,"63102","MO","Saint Louis",2007-02-28,NA,NA,NA
85920,"63102","MO","Saint Louis",2007-03-31,NA,NA,NA
85920,"63102","MO","Saint Louis",2007-04-30,NA,NA,NA
85920,"63102","MO","Saint Louis",2007-05-31,NA,NA,NA
85920,"63102","MO","Saint Louis",2007-06-30,NA,NA,NA
85920,"63102","MO","Saint Louis",2007-07-31,NA,NA,NA
85920,"63102","MO","Saint Louis",2007-08-31,NA,NA,NA
85920,"63102","MO","Saint Louis",2007-09-30,NA,NA,NA
85920,"63102","MO","Saint Louis",2007-10-31,NA,NA,NA
85920,"63102","MO","Saint Louis",2007-11-30,NA,NA,NA
85920,"63102","MO","Saint Louis",2007-12-31,NA,NA,NA
85920,"63102","MO","Saint Louis",2008-01-31,NA,NA,NA
85920,"63102","MO","Saint Louis",2008-02-29,NA,NA,NA
85920,"63102","MO","Saint Louis",2008-03-31,NA,NA,NA
85920,"63102","MO","Saint Louis",2008-04-30,NA,NA,NA
85920,"63102","MO","Saint Louis",2008-05-31,NA,NA,NA
85920,"63102","MO","Saint Louis",2008-06-30,NA,NA,NA
85920,"63102","MO","Saint Louis",2008-07-31,NA,NA,NA
85920,"63102","MO","Saint Louis",2008-08-31,NA,NA,NA
85920,"63102","MO","Saint Louis",2008-09-30,NA,NA,NA
85920,"63102","MO","Saint Louis",2008-10-31,NA,NA,NA
85920,"63102","MO","Saint Louis",2008-11-30,NA,NA,NA
85920,"63102","MO","Saint Louis",2008-12-31,NA,NA,NA
85920,"63102","MO","Saint Louis",2009-01-31,NA,NA,NA
85920,"63102","MO","Saint Louis",2009-02-28,NA,NA,NA
85920,"63102","MO","Saint Louis",2009-03-31,NA,NA,NA
85920,"63102","MO","Saint Louis",2009-04-30,NA,NA,NA
85920,"63102","MO","Saint Louis",2009-05-31,NA,NA,NA
85920,"63102","MO","Saint Louis",2009-06-30,NA,NA,NA
85920,"63102","MO","Saint Louis",2009-07-31,NA,NA,NA
85920,"63102","MO","Saint Louis",2009-08-31,185699.35334816,NA,NA
85920,"63102","MO","Saint Louis",2009-09-30,184605.323977509,NA,NA
85920,"63102","MO","Saint Louis",2009-10-31,180065.274400161,NA,NA
85920,"63102","MO","Saint Louis",2009-11-30,171864.5904897,NA,NA
85920,"63102","MO","Saint Louis",2009-12-31,165308.490800525,NA,NA
85920,"63102","MO","Saint Louis",2010-01-31,163660.841496825,NA,NA
85920,"63102","MO","Saint Louis",2010-02-28,164926.713558736,NA,NA
85920,"63102","MO","Saint Louis",2010-03-31,167716.28665711,NA,NA
85920,"63102","MO","Saint Louis",2010-04-30,169354.210968992,NA,NA
85920,"63102","MO","Saint Louis",2010-05-31,171027.87600454,NA,NA
85920,"63102","MO","Saint Louis",2010-06-30,168345.545531534,NA,NA
85920,"63102","MO","Saint Louis",2010-07-31,164558.590947598,NA,NA
85920,"63102","MO","Saint Louis",2010-08-31,159456.915411406,NA,NA
85920,"63102","MO","Saint Louis",2010-09-30,156653.222816629,NA,NA
85920,"63102","MO","Saint Louis",2010-10-31,152786.11251455,NA,NA
85920,"63102","MO","Saint Louis",2010-11-30,147876.914018835,NA,NA
85920,"63102","MO","Saint Louis",2010-12-31,142290.885956376,NA,NA
85920,"63102","MO","Saint Louis",2011-01-31,139465.557714448,NA,NA
85920,"63102","MO","Saint Louis",2011-02-28,139437.97794997,NA,NA
85920,"63102","MO","Saint Louis",2011-03-31,139260.825552403,NA,NA
85920,"63102","MO","Saint Louis",2011-04-30,138479.723939711,NA,NA
85920,"63102","MO","Saint Louis",2011-05-31,136946.057087299,NA,NA
85920,"63102","MO","Saint Louis",2011-06-30,134980.789378043,NA,NA
85920,"63102","MO","Saint Louis",2011-07-31,132328.986424383,NA,NA
85920,"63102","MO","Saint Louis",2011-08-31,130749.010809697,NA,NA
85920,"63102","MO","Saint Louis",2011-09-30,130584.531720312,NA,NA
85920,"63102","MO","Saint Louis",2011-10-31,133993.048984131,NA,NA
85920,"63102","MO","Saint Louis",2011-11-30,136468.859920857,NA,NA
85920,"63102","MO","Saint Louis",2011-12-31,138029.305368343,NA,NA
85920,"63102","MO","Saint Louis",2012-01-31,136391.013480027,NA,NA
85920,"63102","MO","Saint Louis",2012-02-29,135859.486027278,NA,NA
85920,"63102","MO","Saint Louis",2012-03-31,136708.226109269,NA,NA
85920,"63102","MO","Saint Louis",2012-04-30,139196.216999155,NA,NA
85920,"63102","MO","Saint Louis",2012-05-31,141507.315542083,NA,NA
85920,"63102","MO","Saint Louis",2012-06-30,142251.165689238,NA,NA
85920,"63102","MO","Saint Louis",2012-07-31,141014.176346911,NA,NA
85920,"63102","MO","Saint Louis",2012-08-31,139661.851142753,NA,NA
85920,"63102","MO","Saint Louis",2012-09-30,137746.828075185,NA,NA
85920,"63102","MO","Saint Louis",2012-10-31,135618.097390808,NA,NA
85920,"63102","MO","Saint Louis",2012-11-30,133130.669025844,NA,NA
85920,"63102","MO","Saint Louis",2012-12-31,131316.473894915,NA,NA
85920,"63102","MO","Saint Louis",2013-01-31,132876.0273,NA,NA
85920,"63102","MO","Saint Louis",2013-02-28,136332.998013442,NA,NA
85920,"63102","MO","Saint Louis",2013-03-31,140251.557152107,NA,NA
85920,"63102","MO","Saint Louis",2013-04-30,143639.126485001,NA,NA
85920,"63102","MO","Saint Louis",2013-05-31,144414.960732449,NA,NA
85920,"63102","MO","Saint Louis",2013-06-30,145257.672543821,NA,NA
85920,"63102","MO","Saint Louis",2013-07-31,144830.520977879,NA,NA
85920,"63102","MO","Saint Louis",2013-08-31,146820.126935603,NA,NA
85920,"63102","MO","Saint Louis",2013-09-30,149333.113002692,NA,NA
85920,"63102","MO","Saint Louis",2013-10-31,152201.5332,NA,NA
85920,"63102","MO","Saint Louis",2013-11-30,153838.410078938,NA,NA
85920,"63102","MO","Saint Louis",2013-12-31,154096.470507531,NA,NA
85920,"63102","MO","Saint Louis",2014-01-31,153474.135945162,NA,NA
85920,"63102","MO","Saint Louis",2014-02-28,152559.157489855,NA,NA
85920,"63102","MO","Saint Louis",2014-03-31,153248.507065635,NA,NA
85920,"63102","MO","Saint Louis",2014-04-30,153741.425654184,NA,NA
85920,"63102","MO","Saint Louis",2014-05-31,154349.184146068,NA,NA
85920,"63102","MO","Saint Louis",2014-06-30,154650.821490467,NA,NA
85920,"63102","MO","Saint Louis",2014-07-31,155163.407229146,NA,NA
85920,"63102","MO","Saint Louis",2014-08-31,155147.596910808,NA,NA
85920,"63102","MO","Saint Louis",2014-09-30,153420.245902187,NA,NA
85920,"63102","MO","Saint Louis",2014-10-31,151354.183682473,NA,NA
85920,"63102","MO","Saint Louis",2014-11-30,148798.877120398,NA,NA
85920,"63102","MO","Saint Louis",2014-12-31,146958.855599255,NA,NA
85920,"63102","MO","Saint Louis",2015-01-31,146323.586560209,NA,NA
85920,"63102","MO","Saint Louis",2015-02-28,147468.102787456,NA,NA
85920,"63102","MO","Saint Louis",2015-03-31,149999.49982419,NA,NA
85920,"63102","MO","Saint Louis",2015-04-30,151673.609594066,NA,NA
85920,"63102","MO","Saint Louis",2015-05-31,152989.282056549,NA,NA
85920,"63102","MO","Saint Louis",2015-06-30,152877.833914182,NA,NA
85920,"63102","MO","Saint Louis",2015-07-31,152628.395734309,NA,NA
85920,"63102","MO","Saint Louis",2015-08-31,151935.231343795,NA,NA
85920,"63102","MO","Saint Louis",2015-09-30,150956.1151,NA,NA
85920,"63102","MO","Saint Louis",2015-10-31,149864.121873861,NA,NA
85920,"63102","MO","Saint Louis",2015-11-30,148584.549468982,NA,NA
85920,"63102","MO","Saint Louis",2015-12-31,147581.925829537,NA,NA
85920,"63102","MO","Saint Louis",2016-01-31,147849.690571348,NA,NA
85920,"63102","MO","Saint Louis",2016-02-29,149194.540546287,NA,NA
85920,"63102","MO","Saint Louis",2016-03-31,151193.650058747,NA,NA
85920,"63102","MO","Saint Louis",2016-04-30,152765.26868624,NA,NA
85920,"63102","MO","Saint Louis",2016-05-31,153817.056096433,NA,NA
85920,"63102","MO","Saint Louis",2016-06-30,154687.954527997,NA,NA
85920,"63102","MO","Saint Louis",2016-07-31,155391.640262545,NA,NA
85920,"63102","MO","Saint Louis",2016-08-31,155300.072730658,NA,NA
85920,"63102","MO","Saint Louis",2016-09-30,155363.547368571,NA,NA
85920,"63102","MO","Saint Louis",2016-10-31,155391.671416959,NA,NA
85920,"63102","MO","Saint Louis",2016-11-30,156513.395121095,NA,NA
85920,"63102","MO","Saint Louis",2016-12-31,157573.230358848,NA,NA
85920,"63102","MO","Saint Louis",2017-01-31,158118.90956803,NA,NA
85920,"63102","MO","Saint Louis",2017-02-28,158119.732974209,NA,NA
85920,"63102","MO","Saint Louis",2017-03-31,158096.5599,NA,NA
85920,"63102","MO","Saint Louis",2017-04-30,157919.362297485,NA,NA
85920,"63102","MO","Saint Louis",2017-05-31,156524.193501145,NA,NA
85920,"63102","MO","Saint Louis",2017-06-30,154266.594076193,NA,NA
85920,"63102","MO","Saint Louis",2017-07-31,151570.912173525,NA,NA
85920,"63102","MO","Saint Louis",2017-08-31,149433.263222901,NA,NA
85920,"63102","MO","Saint Louis",2017-09-30,147620.701819859,NA,NA
85920,"63102","MO","Saint Louis",2017-10-31,147724.093956593,NA,NA
85920,"63102","MO","Saint Louis",2017-11-30,148664.581093373,NA,NA
85920,"63102","MO","Saint Louis",2017-12-31,150560.669970506,NA,NA
85920,"63102","MO","Saint Louis",2018-01-31,151441.989784182,NA,NA
85920,"63102","MO","Saint Louis",2018-02-28,151728.439098895,NA,NA
85920,"63102","MO","Saint Louis",2018-03-31,152805.417184306,NA,NA
85920,"63102","MO","Saint Louis",2018-04-30,155047.989510141,NA,NA
85920,"63102","MO","Saint Louis",2018-05-31,157683.733950339,NA,NA
85920,"63102","MO","Saint Louis",2018-06-30,158757.263478323,NA,NA
85920,"63102","MO","Saint Louis",2018-07-31,159118.708058513,NA,NA
85920,"63102","MO","Saint Louis",2018-08-31,159055.862143076,NA,NA
85920,"63102","MO","Saint Louis",2018-09-30,159205.215521753,NA,NA
85920,"63102","MO","Saint Louis",2018-10-31,159260.067269129,NA,NA
85920,"63102","MO","Saint Louis",2018-11-30,159069.7343,NA,NA
85920,"63102","MO","Saint Louis",2018-12-31,158289.04304334,NA,NA
85920,"63102","MO","Saint Louis",2019-01-31,155809.342634904,NA,NA
85920,"63102","MO","Saint Louis",2019-02-28,151847.101439555,NA,NA
85920,"63102","MO","Saint Louis",2019-03-31,147185.413320278,NA,NA
85920,"63102","MO","Saint Louis",2019-04-30,143111.350171621,NA,NA
85920,"63102","MO","Saint Louis",2019-05-31,140760.512082408,NA,NA
85920,"63102","MO","Saint Louis",2019-06-30,138563.573303848,NA,NA
85920,"63102","MO","Saint Louis",2019-07-31,136807.346905391,NA,NA
85920,"63102","MO","Saint Louis",2019-08-31,136463.68614931,NA,NA
85920,"63102","MO","Saint Louis",2019-09-30,138747.935704084,NA,NA
85920,"63102","MO","Saint Louis",2019-10-31,141867.853303668,NA,NA
85920,"63102","MO","Saint Louis",2019-11-30,144776.186411681,NA,NA
85920,"63102","MO","Saint Louis",2019-12-31,147078.16676061,NA,NA
85920,"63102","MO","Saint Louis",2020-01-31,150206.585739267,NA,NA
85920,"63102","MO","Saint Louis",2020-02-29,153118.724031184,NA,NA
85920,"63102","MO","Saint Louis",2020-03-31,155915.905755786,NA,NA
85920,"63102","MO","Saint Louis",2020-04-30,157136.421098455,NA,NA
85920,"63102","MO","Saint Louis",2020-05-31,157427.877702241,NA,NA
85920,"63102","MO","Saint Louis",2020-06-30,156717.272235124,NA,NA
85920,"63102","MO","Saint Louis",2020-07-31,156866.08557747,NA,NA
85920,"63102","MO","Saint Louis",2020-08-31,157259.146887934,NA,NA
85920,"63102","MO","Saint Louis",2020-09-30,158467.097633593,NA,NA
85920,"63102","MO","Saint Louis",2020-10-31,159127.076054533,NA,NA
85920,"63102","MO","Saint Louis",2020-11-30,159997.80563586,NA,NA
85920,"63102","MO","Saint Louis",2020-12-31,161031.135805128,NA,NA
85920,"63102","MO","Saint Louis",2021-01-31,162413.668405062,NA,NA
85920,"63102","MO","Saint Louis",2021-02-28,163726.973107534,NA,NA
85920,"63102","MO","Saint Louis",2021-03-31,162525.9613,NA,NA
85920,"63102","MO","Saint Louis",2021-04-30,158366.65161072,NA,NA
85920,"63102","MO","Saint Louis",2021-05-31,153069.379887792,NA,NA
85920,"63102","MO","Saint Louis",2021-06-30,148017.341668691,NA,NA
85920,"63102","MO","Saint Louis",2021-07-31,146107.217197903,NA,NA
85920,"63102","MO","Saint Louis",2021-08-31,145833.573830811,NA,NA
85920,"63102","MO","Saint Louis",2021-09-30,147731.073368571,NA,NA
85920,"63102","MO","Saint Louis",2021-10-31,149244.006569306,NA,NA
85920,"63102","MO","Saint Louis",2021-11-30,149627.437848615,NA,NA
85920,"63102","MO","Saint Louis",2021-12-31,148812.935789842,NA,NA
85920,"63102","MO","Saint Louis",2022-01-31,146890.451570303,NA,NA
85920,"63102","MO","Saint Louis",2022-02-28,145875.288797223,NA,NA
85920,"63102","MO","Saint Louis",2022-03-31,146104.184025137,NA,NA
85920,"63102","MO","Saint Louis",2022-04-30,148067.589975306,NA,NA
85920,"63102","MO","Saint Louis",2022-05-31,148657.721323777,NA,NA
85920,"63102","MO","Saint Louis",2022-06-30,148744.436527253,NA,NA
85920,"63102","MO","Saint Louis",2022-07-31,147640.734268808,NA,NA
85920,"63102","MO","Saint Louis",2022-08-31,147124.306672091,NA,NA
85920,"63102","MO","Saint Louis",2022-09-30,147074.423313593,NA,NA
85920,"63102","MO","Saint Louis",2022-10-31,147463.193396415,NA,NA
85920,"63102","MO","Saint Louis",2022-11-30,147880.083278574,NA,NA
85920,"63102","MO","Saint Louis",2022-12-31,147985.418672305,NA,NA
85920,"63102","MO","Saint Louis",2023-01-31,147184.786159362,NA,NA
85920,"63102","MO","Saint Louis",2023-02-28,146505.768056214,NA,NA
85920,"63102","MO","Saint Louis",2023-03-31,145860.750955014,NA,NA
85920,"63102","MO","Saint Louis",2023-04-30,146427.725924161,NA,NA
85920,"63102","MO","Saint Louis",2023-05-31,147060.32428679,NA,NA
85920,"63102","MO","Saint Louis",2023-06-30,148089.446508366,NA,NA
85920,"63102","MO","Saint Louis",2023-07-31,149384.062442013,NA,NA
85920,"63102","MO","Saint Louis",2023-08-31,151305.341994224,NA,NA
85920,"63102","MO","Saint Louis",2023-09-30,151808.874010207,NA,NA
85920,"63102","MO","Saint Louis",2023-10-31,151160.122617936,NA,NA
85920,"63102","MO","Saint Louis",2023-11-30,149631.727909715,NA,NA
85920,"63102","MO","Saint Louis",2023-12-31,147603.094689351,NA,NA
85920,"63102","MO","Saint Louis",2024-01-31,146331.203278345,NA,NA
85920,"63102","MO","Saint Louis",2024-02-29,146182.042111299,NA,NA
85920,"63102","MO","Saint Louis",2024-03-31,148188.959879956,NA,NA
85920,"63102","MO","Saint Louis",2024-04-30,150560.058588257,NA,NA
85920,"63102","MO","Saint Louis",2024-05-31,151752.765440849,NA,NA
85920,"63102","MO","Saint Louis",2024-06-30,151863.854471034,NA,NA
85920,"63102","MO","Saint Louis",2024-07-31,150918.658594317,NA,NA
85920,"63102","MO","Saint Louis",2024-08-31,149833.071282697,NA,NA
85920,"63102","MO","Saint Louis",2024-09-30,148296.704975596,NA,NA
85920,"63102","MO","Saint Louis",2024-10-31,146802.961502608,NA,NA
85920,"63102","MO","Saint Louis",2024-11-30,145934.303889115,NA,NA
85920,"63102","MO","Saint Louis",2024-12-31,145342.205590729,NA,NA
85920,"63102","MO","Saint Louis",2025-01-31,145222.725925364,NA,NA
85920,"63102","MO","Saint Louis",2025-02-28,145234.6078,NA,NA
85920,"63102","MO","Saint Louis",2025-03-31,146064.480933043,NA,NA
85920,"63102","MO","Saint Louis",2025-04-30,147091.603002846,NA,NA
85920,"63102","MO","Saint Louis",2025-05-31,147918.90998814,NA,NA
85920,"63102","MO","Saint Louis",2025-06-30,148551.188974691,NA,NA
85920,"63102","MO","Saint Louis",2025-07-31,149269.173981891,NA,NA
85920,"63102","MO","Saint Louis",2025-08-31,150070.980400206,NA,NA
85920,"63102","MO","Saint Louis",2025-09-30,150256.605402268,NA,NA
86366,"64129","MO","Kansas City",2000-01-31,48552.5811882159,48552.5811882159,0
86366,"64129","MO","Kansas City",2000-02-29,48732.0919586239,48552.5811882159,0.369724463694567
86366,"64129","MO","Kansas City",2000-03-31,48933.2256016284,48552.5811882159,0.783983887358976
86366,"64129","MO","Kansas City",2000-04-30,49172.5160680584,48552.5811882159,1.27683197200033
86366,"64129","MO","Kansas City",2000-05-31,49244.7353195739,48552.5811882159,1.42557638423968
86366,"64129","MO","Kansas City",2000-06-30,49329.64044,48552.5811882159,1.60044890048553
86366,"64129","MO","Kansas City",2000-07-31,49462.6004978645,48552.5811882159,1.87429645835077
86366,"64129","MO","Kansas City",2000-08-31,49734.7943342822,48552.5811882159,2.43491307183745
86366,"64129","MO","Kansas City",2000-09-30,49905.1680957854,48552.5811882159,2.7858187442728
86366,"64129","MO","Kansas City",2000-10-31,50117.5754624574,48552.5811882159,3.2232977854972
86366,"64129","MO","Kansas City",2000-11-30,50402.2188895011,48552.5811882159,3.80955585886382
86366,"64129","MO","Kansas City",2000-12-31,50781.064242482,48552.5811882159,4.58983436045837
86366,"64129","MO","Kansas City",2001-01-31,51126.8448011325,48552.5811882159,5.3020118599614
86366,"64129","MO","Kansas City",2001-02-28,51332.8555744415,48552.5811882159,5.72631633207683
86366,"64129","MO","Kansas City",2001-03-31,51449.8199764021,48552.5811882159,5.96721887340031
86366,"64129","MO","Kansas City",2001-04-30,51657.747382352,48552.5811882159,6.39547088567514
86366,"64129","MO","Kansas City",2001-05-31,52046.5546523199,48552.5811882159,7.19626717796845
86366,"64129","MO","Kansas City",2001-06-30,52473.7892938888,48552.5811882159,8.07620935841128
86366,"64129","MO","Kansas City",2001-07-31,52935.3556736649,48552.5811882159,9.02686196735668
86366,"64129","MO","Kansas City",2001-08-31,53331.6513260905,48552.5811882159,9.84308150239925
86366,"64129","MO","Kansas City",2001-09-30,53746.4018707071,48552.5811882159,10.6973111529482
86366,"64129","MO","Kansas City",2001-10-31,54132.8216760283,48552.5811882159,11.493190168779
86366,"64129","MO","Kansas City",2001-11-30,54477.5837387559,48552.5811882159,12.2032699509251
86366,"64129","MO","Kansas City",2001-12-31,54910.8590543549,48552.5811882159,13.0956536409279
86366,"64129","MO","Kansas City",2002-01-31,55308.7363530112,48552.5811882159,13.915130770504
86366,"64129","MO","Kansas City",2002-02-28,55688.5397564109,48552.5811882159,14.6973824945212
86366,"64129","MO","Kansas City",2002-03-31,55907.858619881,48552.5811882159,15.1490966116757
86366,"64129","MO","Kansas City",2002-04-30,56070.0994778292,48552.5811882159,15.4832515710575
86366,"64129","MO","Kansas City",2002-05-31,56158.8785989784,48552.5811882159,15.6661030672632
86366,"64129","MO","Kansas City",2002-06-30,56300.8058947561,48552.5811882159,15.958419752194
86366,"64129","MO","Kansas City",2002-07-31,56411.0743521762,48552.5811882159,16.1855311739177
86366,"64129","MO","Kansas City",2002-08-31,56742.25845,48552.5811882159,16.8676454708691
86366,"64129","MO","Kansas City",2002-09-30,57168.4247268378,48552.5811882159,17.7453872230238
86366,"64129","MO","Kansas City",2002-10-31,57700.5044440229,48552.5811882159,18.841270704733
86366,"64129","MO","Kansas City",2002-11-30,57970.1730455379,48552.5811882159,19.3966862870059
86366,"64129","MO","Kansas City",2002-12-31,58085.1022396726,48552.5811882159,19.6333970680232
86366,"64129","MO","Kansas City",2003-01-31,58061.7321137427,48552.5811882159,19.5852634253662
86366,"64129","MO","Kansas City",2003-02-28,58013.5530200933,48552.5811882159,19.4860326687918
86366,"64129","MO","Kansas City",2003-03-31,57716.106756058,48552.5811882159,18.8734055813004
86366,"64129","MO","Kansas City",2003-04-30,57520.6328876731,48552.5811882159,18.4708031581108
86366,"64129","MO","Kansas City",2003-05-31,57588.4870723775,48552.5811882159,18.6105571795115
86366,"64129","MO","Kansas City",2003-06-30,57982.288621935,48552.5811882159,19.4216398035864
86366,"64129","MO","Kansas City",2003-07-31,58392.7675222694,48552.5811882159,20.267071478461
86366,"64129","MO","Kansas City",2003-08-31,58599.7165803807,48552.5811882159,20.6933084632859
86366,"64129","MO","Kansas City",2003-09-30,58685.6397500974,48552.5811882159,20.8702777769947
86366,"64129","MO","Kansas City",2003-10-31,58528.3566399176,48552.5811882159,20.5463339076254
86366,"64129","MO","Kansas City",2003-11-30,58397.9172249409,48552.5811882159,20.2776779231557
86366,"64129","MO","Kansas City",2003-12-31,58434.7175526352,48552.5811882159,20.3534727146862
86366,"64129","MO","Kansas City",2004-01-31,58567.6384971084,48552.5811882159,20.6272397137215
86366,"64129","MO","Kansas City",2004-02-29,58734.44581,48552.5811882159,20.9707998475174
86366,"64129","MO","Kansas City",2004-03-31,58861.4306202029,48552.5811882159,21.2323406494587
86366,"64129","MO","Kansas City",2004-04-30,58926.5781222135,48552.5811882159,21.3665199256501
86366,"64129","MO","Kansas City",2004-05-31,59064.5099040985,48552.5811882159,21.6506073593344
86366,"64129","MO","Kansas City",2004-06-30,59343.8917166841,48552.5811882159,22.2260284919463
86366,"64129","MO","Kansas City",2004-07-31,59807.7792529077,48552.5811882159,23.1814618074797
86366,"64129","MO","Kansas City",2004-08-31,60059.8866900033,48552.5811882159,23.7007080162823
86366,"64129","MO","Kansas City",2004-09-30,60287.9668952255,48552.5811882159,24.170467192088
86366,"64129","MO","Kansas City",2004-10-31,60629.4311474476,48552.5811882159,24.8737547287452
86366,"64129","MO","Kansas City",2004-11-30,61292.5288904805,48552.5811882159,26.2394859150284
86366,"64129","MO","Kansas City",2004-12-31,61837.1550940898,48552.5811882159,27.3612104254062
86366,"64129","MO","Kansas City",2005-01-31,62331.4494407348,48552.5811882159,28.3792702989459
86366,"64129","MO","Kansas City",2005-02-28,62640.8848327626,48552.5811882159,29.0165904670091
86366,"64129","MO","Kansas City",2005-03-31,62956.6536127784,48552.5811882159,29.6669550249545
86366,"64129","MO","Kansas City",2005-04-30,63082.2489035825,48552.5811882159,29.925633941153
86366,"64129","MO","Kansas City",2005-05-31,63141.5640530426,48552.5811882159,30.04780077144
86366,"64129","MO","Kansas City",2005-06-30,63118.6536078935,48552.5811882159,30.0006138977693
86366,"64129","MO","Kansas City",2005-07-31,63121.7425865122,48552.5811882159,30.0069760283568
86366,"64129","MO","Kansas City",2005-08-31,63375.176813511,48552.5811882159,30.5289549238069
86366,"64129","MO","Kansas City",2005-09-30,63537.5063020557,48552.5811882159,30.8632924287799
86366,"64129","MO","Kansas City",2005-10-31,63652.7400014576,48552.5811882159,31.1006303757681
86366,"64129","MO","Kansas City",2005-11-30,63438.707434534,48552.5811882159,30.6598040351584
86366,"64129","MO","Kansas City",2005-12-31,63291.5955485614,48552.5811882159,30.3568090503968
86366,"64129","MO","Kansas City",2006-01-31,63214.2521205023,48552.5811882159,30.197510767656
86366,"64129","MO","Kansas City",2006-02-28,63063.3203777727,48552.5811882159,29.8866483190779
86366,"64129","MO","Kansas City",2006-03-31,62930.6694221362,48552.5811882159,29.6134373951884
86366,"64129","MO","Kansas City",2006-04-30,62856.49887,48552.5811882159,29.4606740398301
86366,"64129","MO","Kansas City",2006-05-31,62712.7779762801,48552.5811882159,29.1646632198022
86366,"64129","MO","Kansas City",2006-06-30,62549.5884058893,48552.5811882159,28.828554270706
86366,"64129","MO","Kansas City",2006-07-31,62360.6740122125,48552.5811882159,28.4394618907471
86366,"64129","MO","Kansas City",2006-08-31,62538.2320035715,48552.5811882159,28.8051643663182
86366,"64129","MO","Kansas City",2006-09-30,62758.3818715851,48552.5811882159,29.2585900393224
86366,"64129","MO","Kansas City",2006-10-31,63050.8603908087,48552.5811882159,29.860985446664
86366,"64129","MO","Kansas City",2006-11-30,63231.1791130593,48552.5811882159,30.2323739863413
86366,"64129","MO","Kansas City",2006-12-31,63557.305112045,48552.5811882159,30.9040705079362
86366,"64129","MO","Kansas City",2007-01-31,64004.6153801204,48552.5811882159,31.8253609051271
86366,"64129","MO","Kansas City",2007-02-28,64557.0015809316,48552.5811882159,32.9630680821562
86366,"64129","MO","Kansas City",2007-03-31,64916.7170081873,48552.5811882159,33.7039461538312
86366,"64129","MO","Kansas City",2007-04-30,65260.7408733581,48552.5811882159,34.4125055275072
86366,"64129","MO","Kansas City",2007-05-31,65600.2922816321,48552.5811882159,35.1118533272827
86366,"64129","MO","Kansas City",2007-06-30,65638.3480825713,48552.5811882159,35.1902339200502
86366,"64129","MO","Kansas City",2007-07-31,65420.8395782488,48552.5811882159,34.7422484597524
86366,"64129","MO","Kansas City",2007-08-31,64949.8326852241,48552.5811882159,33.7721519551015
86366,"64129","MO","Kansas City",2007-09-30,64601.3553235965,48552.5811882159,33.054420058878
86366,"64129","MO","Kansas City",2007-10-31,64140.4611415606,48552.5811882159,32.10515192368
86366,"64129","MO","Kansas City",2007-11-30,63508.9859401624,48552.5811882159,30.8045512430482
86366,"64129","MO","Kansas City",2007-12-31,62700.6804428265,48552.5811882159,29.1397468648784
86366,"64129","MO","Kansas City",2008-01-31,61782.3257325271,48552.5811882159,27.2482826258518
86366,"64129","MO","Kansas City",2008-02-29,60978.5289200566,48552.5811882159,25.5927644375304
86366,"64129","MO","Kansas City",2008-03-31,60334.2065742261,48552.5811882159,24.2657034861613
86366,"64129","MO","Kansas City",2008-04-30,59760.0656748409,48552.5811882159,23.0831898373823
86366,"64129","MO","Kansas City",2008-05-31,59371.9134893808,48552.5811882159,22.2837427720338
86366,"64129","MO","Kansas City",2008-06-30,58960.8601659377,48552.5811882159,21.4371280022659
86366,"64129","MO","Kansas City",2008-07-31,58229.6572539501,48552.5811882159,19.9311258617141
86366,"64129","MO","Kansas City",2008-08-31,57085.7556151439,48552.5811882159,17.5751200411958
86366,"64129","MO","Kansas City",2008-09-30,55825.2662747752,48552.5811882159,14.978987540058
86366,"64129","MO","Kansas City",2008-10-31,54848.7276127161,48552.5811882159,12.9676863112448
86366,"64129","MO","Kansas City",2008-11-30,53069.8593069747,48552.5811882159,9.3038887083005
86366,"64129","MO","Kansas City",2008-12-31,51007.7385258061,48552.5811882159,5.05669786756077
86366,"64129","MO","Kansas City",2009-01-31,49055.3600563652,48552.5811882159,1.03553478691551
86366,"64129","MO","Kansas City",2009-02-28,47852.7904289031,48552.5811882159,-1.4413049567849
86366,"64129","MO","Kansas City",2009-03-31,46966.8570027706,48552.5811882159,-3.2659935818822
86366,"64129","MO","Kansas City",2009-04-30,45933.057192077,48552.5811882159,-5.39523117418666
86366,"64129","MO","Kansas City",2009-05-31,45596.8016383992,48552.5811882159,-6.08779075690848
86366,"64129","MO","Kansas City",2009-06-30,45408.7965985469,48552.5811882159,-6.47501021105756
86366,"64129","MO","Kansas City",2009-07-31,45335.5599194687,48552.5811882159,-6.62585014023518
86366,"64129","MO","Kansas City",2009-08-31,45009.9928257362,48552.5811882159,-7.29639552786422
86366,"64129","MO","Kansas City",2009-09-30,45102.0018030565,48552.5811882159,-7.10689174646147
86366,"64129","MO","Kansas City",2009-10-31,45143.7063270945,48552.5811882159,-7.0209961606506
86366,"64129","MO","Kansas City",2009-11-30,45393.3243596641,48552.5811882159,-6.5068771860033
86366,"64129","MO","Kansas City",2009-12-31,45476.6925261606,48552.5811882159,-6.33517021501186
86366,"64129","MO","Kansas City",2010-01-31,45934.1998252975,48552.5811882159,-5.39287778082923
86366,"64129","MO","Kansas City",2010-02-28,46388.0912114616,48552.5811882159,-4.45803276320886
86366,"64129","MO","Kansas City",2010-03-31,46982.97603,48552.5811882159,-3.23279446695373
86366,"64129","MO","Kansas City",2010-04-30,47388.4677756642,48552.5811882159,-2.39763444921487
86366,"64129","MO","Kansas City",2010-05-31,47311.3810951502,48552.5811882159,-2.55640392887482
86366,"64129","MO","Kansas City",2010-06-30,46855.6788057772,48552.5811882159,-3.49497872391293
86366,"64129","MO","Kansas City",2010-07-31,46187.0046422501,48552.5811882159,-4.87219523261901
86366,"64129","MO","Kansas City",2010-08-31,45491.8196819175,48552.5811882159,-6.30401398111707
86366,"64129","MO","Kansas City",2010-09-30,44466.49598,48552.5811882159,-8.41579398709206
86366,"64129","MO","Kansas City",2010-10-31,43687.28742,48552.5811882159,-10.0206696516409
86366,"64129","MO","Kansas City",2010-11-30,43187.6966266873,48552.5811882159,-11.0496382071458
86366,"64129","MO","Kansas City",2010-12-31,42907.8570816185,48552.5811882159,-11.6260020959862
86366,"64129","MO","Kansas City",2011-01-31,42356.640964494,48552.5811882159,-12.7612993420536
86366,"64129","MO","Kansas City",2011-02-28,41772.3408583573,48552.5811882159,-13.9647371240156
86366,"64129","MO","Kansas City",2011-03-31,41225.8101120005,48552.5811882159,-15.0903842739335
86366,"64129","MO","Kansas City",2011-04-30,40650.8303514829,48552.5811882159,-16.2746256601714
86366,"64129","MO","Kansas City",2011-05-31,39431.07681,48552.5811882159,-18.7868577838447
86366,"64129","MO","Kansas City",2011-06-30,37880.6167062434,48552.5811882159,-21.9802206613942
86366,"64129","MO","Kansas City",2011-07-31,36822.6618940822,48552.5811882159,-24.1592084438563
86366,"64129","MO","Kansas City",2011-08-31,36247.6590239668,48552.5811882159,-25.3434974271472
86366,"64129","MO","Kansas City",2011-09-30,36051.0297311721,48552.5811882159,-25.7484795887185
86366,"64129","MO","Kansas City",2011-10-31,35370.1559805986,48552.5811882159,-27.1508226442484
86366,"64129","MO","Kansas City",2011-11-30,34915.9076816084,48552.5811882159,-28.0864027676394
86366,"64129","MO","Kansas City",2011-12-31,34499.4224089855,48552.5811882159,-28.9442053034273
86366,"64129","MO","Kansas City",2012-01-31,33970.8290639029,48552.5811882159,-30.0329081738955
86366,"64129","MO","Kansas City",2012-02-29,33364.9816117921,48552.5811882159,-31.2807253594788
86366,"64129","MO","Kansas City",2012-03-31,32674.4659368518,48552.5811882159,-32.7029271416323
86366,"64129","MO","Kansas City",2012-04-30,32274.6984199156,48552.5811882159,-33.5262974077495
86366,"64129","MO","Kansas City",2012-05-31,31955.9801889003,48552.5811882159,-34.1827367220257
86366,"64129","MO","Kansas City",2012-06-30,31949.975426971,48552.5811882159,-34.1951042662063
86366,"64129","MO","Kansas City",2012-07-31,32343.2572599566,48552.5811882159,-33.385092062198
86366,"64129","MO","Kansas City",2012-08-31,32993.270496067,48552.5811882159,-32.0463100238329
86366,"64129","MO","Kansas City",2012-09-30,33611.2689808544,48552.5811882159,-30.7734662951098
86366,"64129","MO","Kansas City",2012-10-31,33655.3135573866,48552.5811882159,-30.6827510839836
86366,"64129","MO","Kansas City",2012-11-30,33079.8546429795,48552.5811882159,-31.8679793464652
86366,"64129","MO","Kansas City",2012-12-31,32262.5406491857,48552.5811882159,-33.5513378287371
86366,"64129","MO","Kansas City",2013-01-31,31473.1137830061,48552.5811882159,-35.1772593489943
86366,"64129","MO","Kansas City",2013-02-28,30903.1140380686,48552.5811882159,-36.3512437819288
86366,"64129","MO","Kansas City",2013-03-31,30606.2091207717,48552.5811882159,-36.962755899371
86366,"64129","MO","Kansas City",2013-04-30,30808.8237054828,48552.5811882159,-36.5454462945003
86366,"64129","MO","Kansas City",2013-05-31,31592.0373807192,48552.5811882159,-34.9323216035589
86366,"64129","MO","Kansas City",2013-06-30,32589.5048833815,48552.5811882159,-32.8779148588475
86366,"64129","MO","Kansas City",2013-07-31,33672.0105503351,48552.5811882159,-30.6483615777207
86366,"64129","MO","Kansas City",2013-08-31,34635.9158918601,48552.5811882159,-28.6630802230829
86366,"64129","MO","Kansas City",2013-09-30,35496.988096792,48552.5811882159,-26.8895963343604
86366,"64129","MO","Kansas City",2013-10-31,36274.4206588879,48552.5811882159,-25.28837855547
86366,"64129","MO","Kansas City",2013-11-30,36668.3578232634,48552.5811882159,-24.4770166160329
86366,"64129","MO","Kansas City",2013-12-31,36741.1282706036,48552.5811882159,-24.327136948342
86366,"64129","MO","Kansas City",2014-01-31,36403.2517638292,48552.5811882159,-25.0230350829122
86366,"64129","MO","Kansas City",2014-02-28,35998.4076928734,48552.5811882159,-25.8568611350976
86366,"64129","MO","Kansas City",2014-03-31,35915.3842857901,48552.5811882159,-26.027858031764
86366,"64129","MO","Kansas City",2014-04-30,36229.3592930987,48552.5811882159,-25.3811879688657
86366,"64129","MO","Kansas City",2014-05-31,37084.4886563842,48552.5811882159,-23.6199440919015
86366,"64129","MO","Kansas City",2014-06-30,37899.255686381,48552.5811882159,-21.9418313941681
86366,"64129","MO","Kansas City",2014-07-31,38718.8575998138,48552.5811882159,-20.2537606605945
86366,"64129","MO","Kansas City",2014-08-31,39363.9420986477,48552.5811882159,-18.9251299615732
86366,"64129","MO","Kansas City",2014-09-30,39923.3721865978,48552.5811882159,-17.7729150344585
86366,"64129","MO","Kansas City",2014-10-31,40390.0307669031,48552.5811882159,-16.8117744135381
86366,"64129","MO","Kansas City",2014-11-30,40856.3746207374,48552.5811882159,-15.8512820104122
86366,"64129","MO","Kansas City",2014-12-31,41432.1439648735,48552.5811882159,-14.6654143798034
86366,"64129","MO","Kansas City",2015-01-31,41852.5650014792,48552.5811882159,-13.7995056550418
86366,"64129","MO","Kansas City",2015-02-28,41922.345160443,48552.5811882159,-13.6557848532719
86366,"64129","MO","Kansas City",2015-03-31,41873.7107050556,48552.5811882159,-13.7559534832337
86366,"64129","MO","Kansas City",2015-04-30,42147.9082356122,48552.5811882159,-13.191210015747
86366,"64129","MO","Kansas City",2015-05-31,42929.2015261534,48552.5811882159,-11.5820405927816
86366,"64129","MO","Kansas City",2015-06-30,43805.85058709,48552.5811882159,-9.77647425731087
86366,"64129","MO","Kansas City",2015-07-31,44357.4582559053,48552.5811882159,-8.64037056247941
86366,"64129","MO","Kansas City",2015-08-31,44561.9872314604,48552.5811882159,-8.219118034705
86366,"64129","MO","Kansas City",2015-09-30,44863.76182,48552.5811882159,-7.59757623166525
86366,"64129","MO","Kansas City",2015-10-31,45697.5684972403,48552.5811882159,-5.88024904362544
86366,"64129","MO","Kansas City",2015-11-30,46619.6686779395,48552.5811882159,-3.98107054861474
86366,"64129","MO","Kansas City",2015-12-31,47547.8306216742,48552.5811882159,-2.06940710864939
86366,"64129","MO","Kansas City",2016-01-31,48219.6320609316,48552.5811882159,-0.685749591754062
86366,"64129","MO","Kansas City",2016-02-29,48922.0523720936,48552.5811882159,0.760971249799258
86366,"64129","MO","Kansas City",2016-03-31,49347.2179828155,48552.5811882159,1.63665200727275
86366,"64129","MO","Kansas City",2016-04-30,49656.131637678,48552.5811882159,2.27289759360928
86366,"64129","MO","Kansas City",2016-05-31,49993.3758526262,48552.5811882159,2.9674934455596
86366,"64129","MO","Kansas City",2016-06-30,50874.835729695,48552.5811882159,4.78296824730448
86366,"64129","MO","Kansas City",2016-07-31,51794.0945558398,48552.5811882159,6.67629462388033
86366,"64129","MO","Kansas City",2016-08-31,53016.0041712638,48552.5811882159,9.19296744645829
86366,"64129","MO","Kansas City",2016-09-30,53908.1046513995,48552.5811882159,11.0303578761813
86366,"64129","MO","Kansas City",2016-10-31,55012.9870465637,48552.5811882159,13.3059987754386
86366,"64129","MO","Kansas City",2016-11-30,56025.0346715861,48552.5811882159,15.3904350716246
86366,"64129","MO","Kansas City",2016-12-31,57073.1063543816,48552.5811882159,17.5490673361642
86366,"64129","MO","Kansas City",2017-01-31,57967.3850710105,48552.5811882159,19.3909441112878
86366,"64129","MO","Kansas City",2017-02-28,58645.5766299453,48552.5811882159,20.7877628639425
86366,"64129","MO","Kansas City",2017-03-31,59255.810060123,48552.5811882159,22.0446135096621
86366,"64129","MO","Kansas City",2017-04-30,59882.9162368972,48552.5811882159,23.3362156478537
86366,"64129","MO","Kansas City",2017-05-31,60544.6781330365,48552.5811882159,24.699195493506
86366,"64129","MO","Kansas City",2017-06-30,61483.0209463415,48552.5811882159,26.6318276838884
86366,"64129","MO","Kansas City",2017-07-31,62460.7823320515,48552.5811882159,28.6456472621301
86366,"64129","MO","Kansas City",2017-08-31,63622.9405386321,48552.5811882159,31.0392547246776
86366,"64129","MO","Kansas City",2017-09-30,64658.6083053899,48552.5811882159,33.1723396017576
86366,"64129","MO","Kansas City",2017-10-31,65680.4881147446,48552.5811882159,35.2770264883175
86366,"64129","MO","Kansas City",2017-11-30,66400.0290407902,48552.5811882159,36.7590093375016
86366,"64129","MO","Kansas City",2017-12-31,67058.26904,48552.5811882159,38.1147354041717
86366,"64129","MO","Kansas City",2018-01-31,67993.7556082982,48552.5811882159,40.0414848074048
86366,"64129","MO","Kansas City",2018-02-28,69384.01667,48552.5811882159,42.9048980960051
86366,"64129","MO","Kansas City",2018-03-31,71053.7145899024,48552.5811882159,46.3438458904174
86366,"64129","MO","Kansas City",2018-04-30,72690.0328188269,48552.5811882159,49.7140441144443
86366,"64129","MO","Kansas City",2018-05-31,74174.2016003019,48552.5811882159,52.770871877569
86366,"64129","MO","Kansas City",2018-06-30,75007.2872345905,48552.5811882159,54.4867139891533
86366,"64129","MO","Kansas City",2018-07-31,75451.56648,48552.5811882159,55.401761623155
86366,"64129","MO","Kansas City",2018-08-31,75741.0419031381,48552.5811882159,55.997971785527
86366,"64129","MO","Kansas City",2018-09-30,76522.7316072934,48552.5811882159,57.6079576709839
86366,"64129","MO","Kansas City",2018-10-31,77534.0242943165,48552.5811882159,59.6908390797042
86366,"64129","MO","Kansas City",2018-11-30,78701.1356256522,48552.5811882159,62.0946481106006
86366,"64129","MO","Kansas City",2018-12-31,79751.4087254768,48552.5811882159,64.2578144636998
86366,"64129","MO","Kansas City",2019-01-31,81148.1013971021,48552.5811882159,67.1344744423134
86366,"64129","MO","Kansas City",2019-02-28,82545.6134356074,48552.5811882159,70.0128220075804
86366,"64129","MO","Kansas City",2019-03-31,84004.5213316246,48552.5811882159,73.0176218767402
86366,"64129","MO","Kansas City",2019-04-30,84899.896611992,48552.5811882159,74.8617571594689
86366,"64129","MO","Kansas City",2019-05-31,85483.5035469395,48552.5811882159,76.0637672702912
86366,"64129","MO","Kansas City",2019-06-30,85655.34337,48552.5811882159,76.417692476439
86366,"64129","MO","Kansas City",2019-07-31,85262.8030394886,48552.5811882159,75.6092074877836
86366,"64129","MO","Kansas City",2019-08-31,84489.9865436849,48552.5811882159,74.0174970639694
86366,"64129","MO","Kansas City",2019-09-30,83599.884574688,48552.5811882159,72.1842228132218
86366,"64129","MO","Kansas City",2019-10-31,83253.99304,48552.5811882159,71.4718167449488
86366,"64129","MO","Kansas City",2019-11-30,83185.608500142,48552.5811882159,71.3309703920167
86366,"64129","MO","Kansas City",2019-12-31,83455.3756216742,48552.5811882159,71.8865888883566
86366,"64129","MO","Kansas City",2020-01-31,84327.2840377284,48552.5811882159,73.6823912838549
86366,"64129","MO","Kansas City",2020-02-29,86034.7572253456,48552.5811882159,77.1991418784282
86366,"64129","MO","Kansas City",2020-03-31,88319.73063,48552.5811882159,81.9053250487865
86366,"64129","MO","Kansas City",2020-04-30,90205.9968822616,48552.5811882159,85.7903219039473
86366,"64129","MO","Kansas City",2020-05-31,90888.4968983337,48552.5811882159,87.1960144528693
86366,"64129","MO","Kansas City",2020-06-30,90565.2245247642,48552.5811882159,86.5301953230555
86366,"64129","MO","Kansas City",2020-07-31,90046.2101921926,48552.5811882159,85.4612216045223
86366,"64129","MO","Kansas City",2020-08-31,90198.8843913892,48552.5811882159,85.7756728560525
86366,"64129","MO","Kansas City",2020-09-30,91359.0372947826,48552.5811882159,88.1651501505675
86366,"64129","MO","Kansas City",2020-10-31,93261.2185064405,48552.5811882159,92.0829258179086
86366,"64129","MO","Kansas City",2020-11-30,95729.7418652976,48552.5811882159,97.167152646731
86366,"64129","MO","Kansas City",2020-12-31,98456.949645227,48552.5811882159,102.784171790074
86366,"64129","MO","Kansas City",2021-01-31,100892.395618278,48552.5811882159,107.800271683117
86366,"64129","MO","Kansas City",2021-02-28,103740.506850348,48552.5811882159,113.666306325083
86366,"64129","MO","Kansas City",2021-03-31,106761.079689418,48552.5811882159,119.887546813535
86366,"64129","MO","Kansas City",2021-04-30,110184.684345077,48552.5811882159,126.938880793879
86366,"64129","MO","Kansas City",2021-05-31,113342.776345543,48552.5811882159,133.443358873478
86366,"64129","MO","Kansas City",2021-06-30,116130.107758417,48552.5811882159,139.184210018072
86366,"64129","MO","Kansas City",2021-07-31,117911.177714484,48552.5811882159,142.852542190079
86366,"64129","MO","Kansas City",2021-08-31,118294.947713702,48552.5811882159,143.642963605018
86366,"64129","MO","Kansas City",2021-09-30,117717.152324293,48552.5811882159,142.452923085507
86366,"64129","MO","Kansas City",2021-10-31,117354.619057047,48552.5811882159,141.706241326528
86366,"64129","MO","Kansas City",2021-11-30,117667.47617824,48552.5811882159,142.350608965767
86366,"64129","MO","Kansas City",2021-12-31,118720.520045735,48552.5811882159,144.519482054951
86366,"64129","MO","Kansas City",2022-01-31,120902.305710622,48552.5811882159,149.013137410634
86366,"64129","MO","Kansas City",2022-02-28,124471.572368475,48552.5811882159,156.364480162149
86366,"64129","MO","Kansas City",2022-03-31,128379.924280806,48552.5811882159,164.414210612482
86366,"64129","MO","Kansas City",2022-04-30,131608.023185493,48552.5811882159,171.062876503537
86366,"64129","MO","Kansas City",2022-05-31,133703.605227815,48552.5811882159,175.378984918449
86366,"64129","MO","Kansas City",2022-06-30,135465.046571429,48552.5811882159,179.006889554015
86366,"64129","MO","Kansas City",2022-07-31,136670.26729215,48552.5811882159,181.489189549662
86366,"64129","MO","Kansas City",2022-08-31,137174.65854257,48552.5811882159,182.528045235757
86366,"64129","MO","Kansas City",2022-09-30,136996.5136482,48552.5811882159,182.161133961401
86366,"64129","MO","Kansas City",2022-10-31,136480.066621883,48552.5811882159,181.097447925194
86366,"64129","MO","Kansas City",2022-11-30,135800.944310432,48552.5811882159,179.698712173499
86366,"64129","MO","Kansas City",2022-12-31,134791.609436215,48552.5811882159,177.619863120543
86366,"64129","MO","Kansas City",2023-01-31,133893.280891701,48552.5811882159,175.769645227839
86366,"64129","MO","Kansas City",2023-02-28,133963.403073904,48552.5811882159,175.914070468448
86366,"64129","MO","Kansas City",2023-03-31,134906.058690534,48552.5811882159,177.855585406604
86366,"64129","MO","Kansas City",2023-04-30,136497.586561551,48552.5811882159,181.13353239123
86366,"64129","MO","Kansas City",2023-05-31,137343.445135112,48552.5811882159,182.875681938917
86366,"64129","MO","Kansas City",2023-06-30,137880.014498139,48552.5811882159,183.980812397269
86366,"64129","MO","Kansas City",2023-07-31,138592.1387,48552.5811882159,185.447519592712
86366,"64129","MO","Kansas City",2023-08-31,140411.505950879,48552.5811882159,189.194729743756
86366,"64129","MO","Kansas City",2023-09-30,142285.886290217,48552.5811882159,193.055246102448
86366,"64129","MO","Kansas City",2023-10-31,143653.958740337,48552.5811882159,195.872959222203
86366,"64129","MO","Kansas City",2023-11-30,143997.463531586,48552.5811882159,196.58044949943
86366,"64129","MO","Kansas City",2023-12-31,144532.024574515,48552.5811882159,197.68144357605
86366,"64129","MO","Kansas City",2024-01-31,145111.58645505,48552.5811882159,198.875122400846
86366,"64129","MO","Kansas City",2024-02-29,146277.991639742,48552.5811882159,201.277477036062
86366,"64129","MO","Kansas City",2024-03-31,147304.26914451,48552.5811882159,203.39122151607
86366,"64129","MO","Kansas City",2024-04-30,148532.596321178,48552.5811882159,205.921112093681
86366,"64129","MO","Kansas City",2024-05-31,149139.613747526,48552.5811882159,207.171338984802
86366,"64129","MO","Kansas City",2024-06-30,149829.411925597,48552.5811882159,208.592062994092
86366,"64129","MO","Kansas City",2024-07-31,150112.886435515,48552.5811882159,209.175913539172
86366,"64129","MO","Kansas City",2024-08-31,150284.38364402,48552.5811882159,209.529133088594
86366,"64129","MO","Kansas City",2024-09-30,149912.407603532,48552.5811882159,208.763002779174
86366,"64129","MO","Kansas City",2024-10-31,149434.880551093,48552.5811882159,207.779477205965
86366,"64129","MO","Kansas City",2024-11-30,149150.26246945,48552.5811882159,207.193271334563
86366,"64129","MO","Kansas City",2024-12-31,149343.798206058,48552.5811882159,207.591881937485
86366,"64129","MO","Kansas City",2025-01-31,149688.029170441,48552.5811882159,208.300867857405
86366,"64129","MO","Kansas City",2025-02-28,149916.045859605,48552.5811882159,208.770496214094
86366,"64129","MO","Kansas City",2025-03-31,149493.864511026,48552.5811882159,207.900961910773
86366,"64129","MO","Kansas City",2025-04-30,148501.656488961,48552.5811882159,205.857387711868
86366,"64129","MO","Kansas City",2025-05-31,147575.518951549,48552.5811882159,203.949893785187
86366,"64129","MO","Kansas City",2025-06-30,147235.713286102,48552.5811882159,203.250022311559
86366,"64129","MO","Kansas City",2025-07-31,147626.133706026,48552.5811882159,204.054141084174
86366,"64129","MO","Kansas City",2025-08-31,148420.844037007,48552.5811882159,205.69094454865
86366,"64129","MO","Kansas City",2025-09-30,149305.660749013,48552.5811882159,207.513333163945
91185,"76011","TX","Arlington",2000-01-31,73336.6764820613,73336.6764820613,0
91185,"76011","TX","Arlington",2000-02-29,73218.6344581855,73336.6764820613,-0.160959058329619
91185,"76011","TX","Arlington",2000-03-31,73101.6981484445,73336.6764820613,-0.320410393392037
91185,"76011","TX","Arlington",2000-04-30,72911.876337655,73336.6764820613,-0.5792465172732
91185,"76011","TX","Arlington",2000-05-31,72715.7622496891,73336.6764820613,-0.846662627974458
91185,"76011","TX","Arlington",2000-06-30,72599.2783861284,73336.6764820613,-1.00549701909824
91185,"76011","TX","Arlington",2000-07-31,72514.6727285049,73336.6764820613,-1.12086311104854
91185,"76011","TX","Arlington",2000-08-31,72732.5648334163,73336.6764820613,-0.823751058302657
91185,"76011","TX","Arlington",2000-09-30,72917.5668040115,73336.6764820613,-0.571487144160758
91185,"76011","TX","Arlington",2000-10-31,73306.5443305588,73336.6764820613,-0.0410874243938562
91185,"76011","TX","Arlington",2000-11-30,73548.2006418676,73336.6764820613,0.288428887090445
91185,"76011","TX","Arlington",2000-12-31,73881.25196,73336.6764820613,0.742569071932123
91185,"76011","TX","Arlington",2001-01-31,73939.6691718607,73336.6764820613,0.82222527488951
91185,"76011","TX","Arlington",2001-02-28,73880.6985843122,73336.6764820613,0.741814503121086
91185,"76011","TX","Arlington",2001-03-31,73691.7327397931,73336.6764820613,0.484145552762653
91185,"76011","TX","Arlington",2001-04-30,73499.8239795816,73336.6764820613,0.222463718491869
91185,"76011","TX","Arlington",2001-05-31,73502.4904846906,73336.6764820613,0.226099696063867
91185,"76011","TX","Arlington",2001-06-30,73771.6591361938,73336.6764820613,0.593131124832104
91185,"76011","TX","Arlington",2001-07-31,74119.4368555849,73336.6764820613,1.06735185049604
91185,"76011","TX","Arlington",2001-08-31,74374.1848451698,73336.6764820613,1.41471963671866
91185,"76011","TX","Arlington",2001-09-30,74518.4767472711,73336.6764820613,1.61147235176239
91185,"76011","TX","Arlington",2001-10-31,74541.2273427867,73336.6764820613,1.64249447685297
91185,"76011","TX","Arlington",2001-11-30,74427.5018952532,73336.6764820613,1.48742139065804
91185,"76011","TX","Arlington",2001-12-31,74178.0031901525,73336.6764820613,1.14721139332927
91185,"76011","TX","Arlington",2002-01-31,74105.6639287991,73336.6764820613,1.04857144286591
91185,"76011","TX","Arlington",2002-02-28,74227.4042716039,73336.6764820613,1.21457343347221
91185,"76011","TX","Arlington",2002-03-31,74391.8423933646,73336.6764820613,1.43879701388082
91185,"76011","TX","Arlington",2002-04-30,74620.38309,73336.6764820613,1.7504292115729
91185,"76011","TX","Arlington",2002-05-31,74933.5874366603,73336.6764820613,2.17750657815757
91185,"76011","TX","Arlington",2002-06-30,75468.3438759556,73336.6764820613,2.90668666232194
91185,"76011","TX","Arlington",2002-07-31,76049.5841488525,73336.6764820613,3.69925090272513
91185,"76011","TX","Arlington",2002-08-31,76550.2512576216,73336.6764820613,4.38194765527231
91185,"76011","TX","Arlington",2002-09-30,76649.609439833,73336.6764820613,4.51742990914249
91185,"76011","TX","Arlington",2002-10-31,76664.6243131789,73336.6764820613,4.53790380306048
91185,"76011","TX","Arlington",2002-11-30,76775.6681373665,73336.6764820613,4.68932029684551
91185,"76011","TX","Arlington",2002-12-31,77238.1002916524,73336.6764820613,5.31988085190288
91185,"76011","TX","Arlington",2003-01-31,77654.4432526333,73336.6764820613,5.88759537204854
91185,"76011","TX","Arlington",2003-02-28,77777.4025470302,73336.6764820613,6.0552594935975
91185,"76011","TX","Arlington",2003-03-31,77820.7151290906,73336.6764820613,6.11431941305136
91185,"76011","TX","Arlington",2003-04-30,77830.667597353,73336.6764820613,6.12789034200501
91185,"76011","TX","Arlington",2003-05-31,77814.5215040609,73336.6764820613,6.10587394575333
91185,"76011","TX","Arlington",2003-06-30,77621.8092817093,73336.6764820613,5.84309653123723
91185,"76011","TX","Arlington",2003-07-31,77367.2910157674,73336.6764820613,5.49604199024763
91185,"76011","TX","Arlington",2003-08-31,77320.042315558,73336.6764820613,5.43161488163571
91185,"76011","TX","Arlington",2003-09-30,77566.4630298569,73336.6764820613,5.76762781011802
91185,"76011","TX","Arlington",2003-10-31,78022.23117,73336.6764820613,6.38910148741856
91185,"76011","TX","Arlington",2003-11-30,78471.646571483,73336.6764820613,7.0019127341799
91185,"76011","TX","Arlington",2003-12-31,78686.2345983477,73336.6764820613,7.29451943134481
91185,"76011","TX","Arlington",2004-01-31,78929.4236465308,73336.6764820613,7.62612574328688
91185,"76011","TX","Arlington",2004-02-29,79325.2639165094,73336.6764820613,8.16588332294132
91185,"76011","TX","Arlington",2004-03-31,80151.7008914449,73336.6764820613,9.29279146028747
91185,"76011","TX","Arlington",2004-04-30,81146.0730964511,73336.6764820613,10.6486917447099
91185,"76011","TX","Arlington",2004-05-31,81952.5686770991,73336.6764820613,11.7484083112838
91185,"76011","TX","Arlington",2004-06-30,82547.78702122,73336.6764820613,12.5600326889804
91185,"76011","TX","Arlington",2004-07-31,82923.7703866162,73336.6764820613,13.0727139058449
91185,"76011","TX","Arlington",2004-08-31,83407.53689,73336.6764820613,13.7323654289162
91185,"76011","TX","Arlington",2004-09-30,83899.65322,73336.6764820613,14.4034025601399
91185,"76011","TX","Arlington",2004-10-31,84230.3913885652,73336.6764820613,14.8543885939099
91185,"76011","TX","Arlington",2004-11-30,84236.2772732836,73336.6764820613,14.8624144344589
91185,"76011","TX","Arlington",2004-12-31,84086.1597187046,73336.6764820613,14.6577180099956
91185,"76011","TX","Arlington",2005-01-31,84168.8472993472,73336.6764820613,14.7704686616601
91185,"76011","TX","Arlington",2005-02-28,84436.3790828422,73336.6764820613,15.1352680994427
91185,"76011","TX","Arlington",2005-03-31,84674.1187259906,73336.6764820613,15.4594437432715
91185,"76011","TX","Arlington",2005-04-30,84794.0598470422,73336.6764820613,15.6229923615143
91185,"76011","TX","Arlington",2005-05-31,84830.5932321491,73336.6764820613,15.6728083429024
91185,"76011","TX","Arlington",2005-06-30,84820.2355438099,73336.6764820613,15.6586848663064
91185,"76011","TX","Arlington",2005-07-31,84865.0707952278,73336.6764820613,15.7198210584119
91185,"76011","TX","Arlington",2005-08-31,85218.8396189611,73336.6764820613,16.2022110993894
91185,"76011","TX","Arlington",2005-09-30,85649.946132379,73336.6764820613,16.7900568187456
91185,"76011","TX","Arlington",2005-10-31,85963.2837749907,73336.6764820613,17.2173159442507
91185,"76011","TX","Arlington",2005-11-30,86015.0818757606,73336.6764820613,17.2879464980943
91185,"76011","TX","Arlington",2005-12-31,86072.7670913124,73336.6764820613,17.3666045697701
91185,"76011","TX","Arlington",2006-01-31,86237.39787,73336.6764820613,17.5910908521936
91185,"76011","TX","Arlington",2006-02-28,86555.8727834234,73336.6764820613,18.0253550276384
91185,"76011","TX","Arlington",2006-03-31,86873.5383776526,73336.6764820613,18.4585156363099
91185,"76011","TX","Arlington",2006-04-30,86987.23793,73336.6764820613,18.6135534124972
91185,"76011","TX","Arlington",2006-05-31,87381.115029042,73336.6764820613,19.1506340629113
91185,"76011","TX","Arlington",2006-06-30,87835.2253840899,73336.6764820613,19.7698472272262
91185,"76011","TX","Arlington",2006-07-31,88492.504443855,73336.6764820613,20.6660959956386
91185,"76011","TX","Arlington",2006-08-31,88711.708512905,73336.6764820613,20.9649970088357
91185,"76011","TX","Arlington",2006-09-30,88879.0200993422,73336.6764820613,21.1931387715431
91185,"76011","TX","Arlington",2006-10-31,89049.9323759483,73336.6764820613,21.4261903424687
91185,"76011","TX","Arlington",2006-11-30,89234.2809637336,73336.6764820613,21.677563320668
91185,"76011","TX","Arlington",2006-12-31,89319.8705469807,73336.6764820613,21.7942710682137
91185,"76011","TX","Arlington",2007-01-31,89086.53668,73336.6764820613,21.4761030271003
91185,"76011","TX","Arlington",2007-02-28,88814.8301537933,73336.6764820613,21.1056110178623
91185,"76011","TX","Arlington",2007-03-31,88390.8218349469,73336.6764820613,20.5274442134939
91185,"76011","TX","Arlington",2007-04-30,88218.5142690481,73336.6764820613,20.2924900620865
91185,"76011","TX","Arlington",2007-05-31,87796.2983654017,73336.6764820613,19.7167673488412
91185,"76011","TX","Arlington",2007-06-30,87461.73671,73336.6764820613,19.2605677070651
91185,"76011","TX","Arlington",2007-07-31,87024.1018306635,73336.6764820613,18.663820076371
91185,"76011","TX","Arlington",2007-08-31,87094.5852866553,73336.6764820613,18.7599294985222
91185,"76011","TX","Arlington",2007-09-30,87457.3017978088,73336.6764820613,19.2545203752199
91185,"76011","TX","Arlington",2007-10-31,87976.0352123559,73336.6764820613,19.9618518762239
91185,"76011","TX","Arlington",2007-11-30,88038.836829562,73336.6764820613,20.0474865411947
91185,"76011","TX","Arlington",2007-12-31,87931.9828181738,73336.6764820613,19.9017831680478
91185,"76011","TX","Arlington",2008-01-31,87268.0298615559,73336.6764820613,18.9964340460701
91185,"76011","TX","Arlington",2008-02-29,86655.9264404564,73336.6764820613,18.1617856130324
91185,"76011","TX","Arlington",2008-03-31,85861.6825693503,73336.6764820613,17.0787751615016
91185,"76011","TX","Arlington",2008-04-30,85387.2666298348,73336.6764820613,16.431873826081
91185,"76011","TX","Arlington",2008-05-31,84844.2389781245,73336.6764820613,15.6914153300607
91185,"76011","TX","Arlington",2008-06-30,84561.2662879765,73336.6764820613,15.305561070334
91185,"76011","TX","Arlington",2008-07-31,84271.80664,73336.6764820613,14.9108613622728
91185,"76011","TX","Arlington",2008-08-31,83731.8458185955,73336.6764820613,14.1745847169349
91185,"76011","TX","Arlington",2008-09-30,82799.1437383496,73336.6764820613,12.902776223576
91185,"76011","TX","Arlington",2008-10-31,81761.5111538589,73336.6764820613,11.4878872017855
91185,"76011","TX","Arlington",2008-11-30,81277.9045844568,73336.6764820613,10.8284537605655
91185,"76011","TX","Arlington",2008-12-31,81050.9108192495,73336.6764820613,10.5189309186587
91185,"76011","TX","Arlington",2009-01-31,80939.6383306491,73336.6764820613,10.3672026239797
91185,"76011","TX","Arlington",2009-02-28,80785.1968611049,73336.6764820613,10.1566102206248
91185,"76011","TX","Arlington",2009-03-31,80850.9256190804,73336.6764820613,10.2462362592299
91185,"76011","TX","Arlington",2009-04-30,81266.5868118255,73336.6764820613,10.8130211377986
91185,"76011","TX","Arlington",2009-05-31,81914.1727351755,73336.6764820613,11.6960525954736
91185,"76011","TX","Arlington",2009-06-30,82338.1050880535,73336.6764820613,12.2741158146075
91185,"76011","TX","Arlington",2009-07-31,82626.2282754926,73336.6764820613,12.6669931595599
91185,"76011","TX","Arlington",2009-08-31,82875.11051,73336.6764820613,13.0063625534924
91185,"76011","TX","Arlington",2009-09-30,83173.3874499071,73336.6764820613,13.4130852933484
91185,"76011","TX","Arlington",2009-10-31,83469.05769,73336.6764820613,13.8162536045892
91185,"76011","TX","Arlington",2009-11-30,83598.61122,73336.6764820613,13.9929094556785
91185,"76011","TX","Arlington",2009-12-31,83763.1619395452,73336.6764820613,14.217286571521
91185,"76011","TX","Arlington",2010-01-31,83829.8284740571,73336.6764820613,14.308191338017
91185,"76011","TX","Arlington",2010-02-28,83904.4416418934,73336.6764820613,14.4099319286947
91185,"76011","TX","Arlington",2010-03-31,84071.5658595717,73336.6764820613,14.6378182001966
91185,"76011","TX","Arlington",2010-04-30,84356.7373809374,73336.6764820613,15.0266707294429
91185,"76011","TX","Arlington",2010-05-31,84633.9853645423,73336.6764820613,15.4047189270221
91185,"76011","TX","Arlington",2010-06-30,84684.834351886,73336.6764820613,15.4740552942844
91185,"76011","TX","Arlington",2010-07-31,84480.09567,73336.6764820613,15.1948789098242
91185,"76011","TX","Arlington",2010-08-31,83870.3752630493,73336.6764820613,14.3634798933991
91185,"76011","TX","Arlington",2010-09-30,83207.6215375887,73336.6764820613,13.459766012088
91185,"76011","TX","Arlington",2010-10-31,82414.6502022757,73336.6764820613,12.3784907575338
91185,"76011","TX","Arlington",2010-11-30,81923.2288281486,73336.6764820613,11.7084012502089
91185,"76011","TX","Arlington",2010-12-31,81448.056477374,73336.6764820613,11.0604684919105
91185,"76011","TX","Arlington",2011-01-31,81197.480194672,73336.6764820613,10.7187891375655
91185,"76011","TX","Arlington",2011-02-28,80744.2658961347,73336.6764820613,10.1007978127906
91185,"76011","TX","Arlington",2011-03-31,80611.0199688184,73336.6764820613,9.91910710398295
91185,"76011","TX","Arlington",2011-04-30,80374.8529804631,73336.6764820613,9.59707589165624
91185,"76011","TX","Arlington",2011-05-31,80358.6959685337,73336.6764820613,9.57504460703247
91185,"76011","TX","Arlington",2011-06-30,79868.291610137,73336.6764820613,8.90634187611893
91185,"76011","TX","Arlington",2011-07-31,79499.349421043,73336.6764820613,8.40326182560123
91185,"76011","TX","Arlington",2011-08-31,79137.6463651859,73336.6764820613,7.91005287039916
91185,"76011","TX","Arlington",2011-09-30,79112.4681735278,73336.6764820613,7.8757205378394
91185,"76011","TX","Arlington",2011-10-31,79283.8816098436,73336.6764820613,8.10945547721544
91185,"76011","TX","Arlington",2011-11-30,79511.91222,73336.6764820613,8.4203921341448
91185,"76011","TX","Arlington",2011-12-31,79650.8610839566,73336.6764820613,8.60985922022222
91185,"76011","TX","Arlington",2012-01-31,79537.5815793119,73336.6764820613,8.45539421024538
91185,"76011","TX","Arlington",2012-02-29,79541.9475568876,73336.6764820613,8.46134754462756
91185,"76011","TX","Arlington",2012-03-31,79614.69471,73336.6764820613,8.56054368577005
91185,"76011","TX","Arlington",2012-04-30,79725.8661297756,73336.6764820613,8.71213416560703
91185,"76011","TX","Arlington",2012-05-31,79830.6395399138,73336.6764820613,8.85500048456787
91185,"76011","TX","Arlington",2012-06-30,80061.8937244166,73336.6764820613,9.17033272430927
91185,"76011","TX","Arlington",2012-07-31,80399.6865151956,73336.6764820613,9.63093825892425
91185,"76011","TX","Arlington",2012-08-31,80595.0068285296,73336.6764820613,9.89727199901638
91185,"76011","TX","Arlington",2012-09-30,80760.2881,73336.6764820613,10.1226452766163
91185,"76011","TX","Arlington",2012-10-31,80996.5392304208,73336.6764820613,10.4447912228927
91185,"76011","TX","Arlington",2012-11-30,81348.538805368,73336.6764820613,10.924768761871
91185,"76011","TX","Arlington",2012-12-31,81757.5662758644,73336.6764820613,11.4825080679282
91185,"76011","TX","Arlington",2013-01-31,82311.2798561942,73336.6764820613,12.2375376205223
91185,"76011","TX","Arlington",2013-02-28,83094.10614,73336.6764820613,13.3049793445786
91185,"76011","TX","Arlington",2013-03-31,83834.6579146516,73336.6764820613,14.3147766386144
91185,"76011","TX","Arlington",2013-04-30,84390.4941815544,73336.6764820613,15.072700631855
91185,"76011","TX","Arlington",2013-05-31,84944.3203810294,73336.6764820613,15.8278837490098
91185,"76011","TX","Arlington",2013-06-30,85592.960725835,73336.6764820613,16.7123529885782
91185,"76011","TX","Arlington",2013-07-31,86263.8786410246,73336.6764820613,17.6271993483716
91185,"76011","TX","Arlington",2013-08-31,86758.9861977122,73336.6764820613,18.3023152391344
91185,"76011","TX","Arlington",2013-09-30,87190.5599924037,73336.6764820613,18.8907981311795
91185,"76011","TX","Arlington",2013-10-31,87718.5711470711,73336.6764820613,19.6107805192504
91185,"76011","TX","Arlington",2013-11-30,88379.6277325512,73336.6764820613,20.5121802242695
91185,"76011","TX","Arlington",2013-12-31,89069.2165881212,73336.6764820613,21.4524857966644
91185,"76011","TX","Arlington",2014-01-31,89709.6839236695,73336.6764820613,22.3258105316692
91185,"76011","TX","Arlington",2014-02-28,90286.23031,73336.6764820613,23.1119743094503
91185,"76011","TX","Arlington",2014-03-31,90886.1173216601,73336.6764820613,23.929964761754
91185,"76011","TX","Arlington",2014-04-30,91621.62669,73336.6764820613,24.9328863606348
91185,"76011","TX","Arlington",2014-05-31,92387.5178747153,73336.6764820613,25.9772358204888
91185,"76011","TX","Arlington",2014-06-30,93135.0919221857,73336.6764820613,26.996608504569
91185,"76011","TX","Arlington",2014-07-31,93718.5314492909,73336.6764820613,27.7921715912708
91185,"76011","TX","Arlington",2014-08-31,93911.44404,73336.6764820613,28.0552222229098
91185,"76011","TX","Arlington",2014-09-30,94114.62,73336.6764820613,28.3322677201238
91185,"76011","TX","Arlington",2014-10-31,94271.4114689849,73336.6764820613,28.5460645220873
91185,"76011","TX","Arlington",2014-11-30,94945.1432567455,73336.6764820613,29.4647478059219
91185,"76011","TX","Arlington",2014-12-31,95542.4568387523,73336.6764820613,30.2792291959436
91185,"76011","TX","Arlington",2015-01-31,96107.6212008448,73336.6764820613,31.0498727391246
91185,"76011","TX","Arlington",2015-02-28,96664.7302788006,73336.6764820613,31.8095323046791
91185,"76011","TX","Arlington",2015-03-31,97312.6057717694,73336.6764820613,32.6929586120156
91185,"76011","TX","Arlington",2015-04-30,98031.9815333547,73336.6764820613,33.6738808409651
91185,"76011","TX","Arlington",2015-05-31,98611.4132820291,73336.6764820613,34.4639790243975
91185,"76011","TX","Arlington",2015-06-30,99186.670334815,73336.6764820613,35.2483847002214
91185,"76011","TX","Arlington",2015-07-31,100135.388719207,73336.6764820613,36.5420326127007
91185,"76011","TX","Arlington",2015-08-31,101113.294511945,73336.6764820613,37.8754797221793
91185,"76011","TX","Arlington",2015-09-30,102250.566375626,73336.6764820613,39.4262342944292
91185,"76011","TX","Arlington",2015-10-31,103059.110192268,73336.6764820613,40.5287437827605
91185,"76011","TX","Arlington",2015-11-30,103902.68350857,73336.6764820613,41.6790185930854
91185,"76011","TX","Arlington",2015-12-31,104803.059985131,73336.6764820613,42.9067487272442
91185,"76011","TX","Arlington",2016-01-31,105881.485152076,73336.6764820613,44.3772614620405
91185,"76011","TX","Arlington",2016-02-29,107042.703235215,73336.6764820613,45.9606684813404
91185,"76011","TX","Arlington",2016-03-31,107970.826706906,73336.6764820613,47.2262337021995
91185,"76011","TX","Arlington",2016-04-30,108997.779268439,73336.6764820613,48.6265597202255
91185,"76011","TX","Arlington",2016-05-31,110027.909274806,73336.6764820613,50.0312184200491
91185,"76011","TX","Arlington",2016-06-30,111107.968941245,73336.6764820613,51.5039599161856
91185,"76011","TX","Arlington",2016-07-31,111962.603662886,73336.6764820613,52.6693177734511
91185,"76011","TX","Arlington",2016-08-31,112742.713248034,73336.6764820613,53.7330550773071
91185,"76011","TX","Arlington",2016-09-30,113699.02937872,73336.6764820613,55.0370630806157
91185,"76011","TX","Arlington",2016-10-31,114932.925923872,73336.6764820613,56.7195725756472
91185,"76011","TX","Arlington",2016-11-30,116351.670473498,73336.6764820613,58.6541360405909
91185,"76011","TX","Arlington",2016-12-31,117799.712089259,73336.6764820613,60.6286482290674
91185,"76011","TX","Arlington",2017-01-31,119360.41837348,73336.6764820613,62.7567870527604
91185,"76011","TX","Arlington",2017-02-28,120819.231158109,73336.6764820613,64.7459865292132
91185,"76011","TX","Arlington",2017-03-31,122111.701116347,73336.6764820613,66.5083652191634
91185,"76011","TX","Arlington",2017-04-30,123351.897959668,73336.6764820613,68.199465638234
91185,"76011","TX","Arlington",2017-05-31,124824.522237186,73336.6764820613,70.2074981100609
91185,"76011","TX","Arlington",2017-06-30,126570.781299821,73336.6764820613,72.5886519152278
91185,"76011","TX","Arlington",2017-07-31,128288.17541229,73336.6764820613,74.9304462190483
91185,"76011","TX","Arlington",2017-08-31,129977.072115679,73336.6764820613,77.2333821910679
91185,"76011","TX","Arlington",2017-09-30,131653.153788996,73336.6764820613,79.5188439187037
91185,"76011","TX","Arlington",2017-10-31,133217.903656261,73336.6764820613,81.6524964679132
91185,"76011","TX","Arlington",2017-11-30,134728.660106404,73336.6764820613,83.7125249865394
91185,"76011","TX","Arlington",2017-12-31,136423.587100446,73336.6764820613,86.0236837073146
91185,"76011","TX","Arlington",2018-01-31,138221.041797581,73336.6764820613,88.4746465588625
91185,"76011","TX","Arlington",2018-02-28,140211.537048711,73336.6764820613,91.1888345294842
91185,"76011","TX","Arlington",2018-03-31,141914.96764835,73336.6764820613,93.5115885474618
91185,"76011","TX","Arlington",2018-04-30,143365.638394207,73336.6764820613,95.4896857499066
91185,"76011","TX","Arlington",2018-05-31,144512.28443453,73336.6764820613,97.0532227075744
91185,"76011","TX","Arlington",2018-06-30,145308.254625009,73336.6764820613,98.1385871236645
91185,"76011","TX","Arlington",2018-07-31,146218.179220459,73336.6764820613,99.379336826404
91185,"76011","TX","Arlington",2018-08-31,147003.851116804,73336.6764820613,100.450658754304
91185,"76011","TX","Arlington",2018-09-30,147983.50226426,73336.6764820613,101.786485784446
91185,"76011","TX","Arlington",2018-10-31,148851.980473235,73336.6764820613,102.970720263885
91185,"76011","TX","Arlington",2018-11-30,149886.2339,73336.6764820613,104.381001553381
91185,"76011","TX","Arlington",2018-12-31,150969.871148807,73336.6764820613,105.858621348536
91185,"76011","TX","Arlington",2019-01-31,152303.312664676,73336.6764820613,107.676867797425
91185,"76011","TX","Arlington",2019-02-28,153493.405061001,73336.6764820613,109.299647085243
91185,"76011","TX","Arlington",2019-03-31,154741.239071213,73336.6764820613,111.001161348052
91185,"76011","TX","Arlington",2019-04-30,155822.982693656,73336.6764820613,112.47619904315
91185,"76011","TX","Arlington",2019-05-31,157095.177328091,73336.6764820613,114.210930824658
91185,"76011","TX","Arlington",2019-06-30,158682.646393211,73336.6764820613,116.375562685917
91185,"76011","TX","Arlington",2019-07-31,160217.602176828,73336.6764820613,118.468588791338
91185,"76011","TX","Arlington",2019-08-31,161575.507517104,73336.6764820613,120.320193480034
91185,"76011","TX","Arlington",2019-09-30,162733.674475969,73336.6764820613,121.899440064992
91185,"76011","TX","Arlington",2019-10-31,164144.545180137,73336.6764820613,123.823266957411
91185,"76011","TX","Arlington",2019-11-30,165840.866716216,73336.6764820613,126.13632723973
91185,"76011","TX","Arlington",2019-12-31,167565.707350793,73336.6764820613,128.488275428981
91185,"76011","TX","Arlington",2020-01-31,169525.286107461,73336.6764820613,131.160306465385
91185,"76011","TX","Arlington",2020-02-29,171420.42898576,73336.6764820613,133.74447440046
91185,"76011","TX","Arlington",2020-03-31,173262.528845797,73336.6764820613,136.256314244317
91185,"76011","TX","Arlington",2020-04-30,174377.918194957,73336.6764820613,137.777230384324
91185,"76011","TX","Arlington",2020-05-31,174763.228006241,73336.6764820613,138.302628902183
91185,"76011","TX","Arlington",2020-06-30,174895.623874586,73336.6764820613,138.483160492509
91185,"76011","TX","Arlington",2020-07-31,175575.273068394,73336.6764820613,139.409912598563
91185,"76011","TX","Arlington",2020-08-31,176963.726695187,73336.6764820613,141.303172142624
91185,"76011","TX","Arlington",2020-09-30,179080.146919964,73336.6764820613,144.189068158507
91185,"76011","TX","Arlington",2020-10-31,181359.938991877,73336.6764820613,147.297733810229
91185,"76011","TX","Arlington",2020-11-30,184001.007296148,73336.6764820613,150.899026411642
91185,"76011","TX","Arlington",2020-12-31,186483.966292688,73336.6764820613,154.284725240178
91185,"76011","TX","Arlington",2021-01-31,188927.536083804,73336.6764820613,157.616713964421
91185,"76011","TX","Arlington",2021-02-28,191451.140753162,73336.6764820613,161.057836183771
91185,"76011","TX","Arlington",2021-03-31,194466.87910741,73336.6764820613,165.170019199027
91185,"76011","TX","Arlington",2021-04-30,197655.923955103,73336.6764820613,169.518518477519
91185,"76011","TX","Arlington",2021-05-31,201005.942693321,73336.6764820613,174.086517600083
91185,"76011","TX","Arlington",2021-06-30,203837.305453552,73336.6764820613,177.947290812138
91185,"76011","TX","Arlington",2021-07-31,205728.781845486,73336.6764820613,180.526459220999
91185,"76011","TX","Arlington",2021-08-31,206139.494729551,73336.6764820613,181.086496713516
91185,"76011","TX","Arlington",2021-09-30,205664.017746817,73336.6764820613,180.438148566938
91185,"76011","TX","Arlington",2021-10-31,205840.4478804,73336.6764820613,180.678724145278
91185,"76011","TX","Arlington",2021-11-30,207543.9127,73336.6764820613,183.001524824713
91185,"76011","TX","Arlington",2021-12-31,210186.640386723,73336.6764820613,186.605080117226
91185,"76011","TX","Arlington",2022-01-31,214888.642647297,73336.6764820613,193.016609090352
91185,"76011","TX","Arlington",2022-02-28,220863.556514369,73336.6764820613,201.16384748959
91185,"76011","TX","Arlington",2022-03-31,228027.55228432,73336.6764820613,210.932487293854
91185,"76011","TX","Arlington",2022-04-30,234617.382297245,73336.6764820613,219.918209485037
91185,"76011","TX","Arlington",2022-05-31,240199.212504097,73336.6764820613,227.52944914657
91185,"76011","TX","Arlington",2022-06-30,244829.839040753,73336.6764820613,233.843652024018
91185,"76011","TX","Arlington",2022-07-31,248183.065115198,73336.6764820613,238.416024587514
91185,"76011","TX","Arlington",2022-08-31,250112.975178272,73336.6764820613,241.047600158772
91185,"76011","TX","Arlington",2022-09-30,251222.787997703,73336.6764820613,242.560912286711
91185,"76011","TX","Arlington",2022-10-31,251829.515532922,73336.6764820613,243.388230300458
91185,"76011","TX","Arlington",2022-11-30,252339.507323262,73336.6764820613,244.083641948222
91185,"76011","TX","Arlington",2022-12-31,252376.270194127,73336.6764820613,244.133770850469
91185,"76011","TX","Arlington",2023-01-31,251183.106845227,73336.6764820613,242.50680409095
91185,"76011","TX","Arlington",2023-02-28,249820.691825133,73336.6764820613,240.6490501192
91185,"76011","TX","Arlington",2023-03-31,248684.78879979,73336.6764820613,239.100162059594
91185,"76011","TX","Arlington",2023-04-30,248642.876950071,73336.6764820613,239.043012142622
91185,"76011","TX","Arlington",2023-05-31,249322.173212945,73336.6764820613,239.969283001162
91185,"76011","TX","Arlington",2023-06-30,250101.614878395,73336.6764820613,241.032109546949
91185,"76011","TX","Arlington",2023-07-31,250955.016819643,73336.6764820613,242.195786416676
91185,"76011","TX","Arlington",2023-08-31,251874.739766275,73336.6764820613,243.449896898295
91185,"76011","TX","Arlington",2023-09-30,252776.330676965,73336.6764820613,244.679283003499
91185,"76011","TX","Arlington",2023-10-31,253336.220268276,73336.6764820613,245.442734005329
91185,"76011","TX","Arlington",2023-11-30,253154.607451931,73336.6764820613,245.195091454485
91185,"76011","TX","Arlington",2023-12-31,252986.3925791,73336.6764820613,244.965717993755
91185,"76011","TX","Arlington",2024-01-31,253312.641246481,73336.6764820613,245.410582259537
91185,"76011","TX","Arlington",2024-02-29,253988.8865,73336.6764820613,246.332692840434
91185,"76011","TX","Arlington",2024-03-31,255341.594380784,73336.6764820613,248.17721040746
91185,"76011","TX","Arlington",2024-04-30,257109.965765032,73336.6764820613,250.58851600389
91185,"76011","TX","Arlington",2024-05-31,258592.677820403,73336.6764820613,252.610303909337
91185,"76011","TX","Arlington",2024-06-30,259203.373062751,73336.6764820613,253.443032186159
91185,"76011","TX","Arlington",2024-07-31,259245.905670584,73336.6764820613,253.501028552879
91185,"76011","TX","Arlington",2024-08-31,258824.12013092,73336.6764820613,252.925892672857
91185,"76011","TX","Arlington",2024-09-30,258391.968798906,73336.6764820613,252.336622265819
91185,"76011","TX","Arlington",2024-10-31,257375.085538018,73336.6764820613,250.950026486371
91185,"76011","TX","Arlington",2024-11-30,256699.030891843,73336.6764820613,250.028175812731
91185,"76011","TX","Arlington",2024-12-31,256118.972232194,73336.6764820613,249.237222789667
91185,"76011","TX","Arlington",2025-01-31,255624.32522927,73336.6764820613,248.562734898134
91185,"76011","TX","Arlington",2025-02-28,255085.13781338,73336.6764820613,247.827512848603
91185,"76011","TX","Arlington",2025-03-31,253911.941631056,73336.6764820613,246.227772802282
91185,"76011","TX","Arlington",2025-04-30,252573.203777033,73336.6764820613,244.402304403328
91185,"76011","TX","Arlington",2025-05-31,250935.296269687,73336.6764820613,242.168895983537
91185,"76011","TX","Arlington",2025-06-30,249549.06996859,73336.6764820613,240.278673563332
91185,"76011","TX","Arlington",2025-07-31,248590.310793662,73336.6764820613,238.971334287925
91185,"76011","TX","Arlington",2025-08-31,248253.030300954,73336.6764820613,238.511427309743
91185,"76011","TX","Arlington",2025-09-30,248090.035034553,73336.6764820613,238.289171169678
91651,"77002","TX","Houston",2000-01-31,158872.287911373,158872.287911373,0
91651,"77002","TX","Houston",2000-02-29,157344.341425381,158872.287911373,-0.961745126276805
91651,"77002","TX","Houston",2000-03-31,157224.587129176,158872.287911373,-1.0371228386392
91651,"77002","TX","Houston",2000-04-30,156010.857011401,158872.287911373,-1.8010887471884
91651,"77002","TX","Houston",2000-05-31,157375.572131827,158872.287911373,-0.942087383031339
91651,"77002","TX","Houston",2000-06-30,159665.470856078,158872.287911373,0.499258212449952
91651,"77002","TX","Houston",2000-07-31,163353.335450854,158872.287911373,2.82053440432624
91651,"77002","TX","Houston",2000-08-31,165885.993706137,158872.287911373,4.41468168361525
91651,"77002","TX","Houston",2000-09-30,167098.999296913,158872.287911373,5.17819154850304
91651,"77002","TX","Houston",2000-10-31,166865.837223253,158872.287911373,5.03143085365469
91651,"77002","TX","Houston",2000-11-30,165673.293835959,158872.287911373,4.28080064433876
91651,"77002","TX","Houston",2000-12-31,164428.590365611,158872.287911373,3.49733898043811
91651,"77002","TX","Houston",2001-01-31,163096.15301588,158872.287911373,2.65865441987175
91651,"77002","TX","Houston",2001-02-28,161206.267241861,158872.287911373,1.4690915333135
91651,"77002","TX","Houston",2001-03-31,159967.242664299,158872.287911373,0.689204371209353
91651,"77002","TX","Houston",2001-04-30,159028.532665845,158872.287911373,0.0983461348268473
91651,"77002","TX","Houston",2001-05-31,159799.634253926,158872.287911373,0.583705537790023
91651,"77002","TX","Houston",2001-06-30,160274.772643394,158872.287911373,0.882774932279765
91651,"77002","TX","Houston",2001-07-31,161445.005240177,158872.287911373,1.61936191807049
91651,"77002","TX","Houston",2001-08-31,162470.466624956,158872.287911373,2.26482463423073
91651,"77002","TX","Houston",2001-09-30,163745.307542986,158872.287911373,3.06725590452353
91651,"77002","TX","Houston",2001-10-31,165126.80241835,158872.287911373,3.93681905711937
91651,"77002","TX","Houston",2001-11-30,168769.698381249,158872.287911373,6.22979035550704
91651,"77002","TX","Houston",2001-12-31,172787.300216999,158872.287911373,8.75861516728953
91651,"77002","TX","Houston",2002-01-31,175799.18193257,158872.287911373,10.6544031333138
91651,"77002","TX","Houston",2002-02-28,175460.3333,158872.287911373,10.4411194719374
91651,"77002","TX","Houston",2002-03-31,174965.304423414,158872.287911373,10.1295302809625
91651,"77002","TX","Houston",2002-04-30,175878.552423239,158872.287911373,10.7043618087457
91651,"77002","TX","Houston",2002-05-31,177876.660116681,158872.287911373,11.9620435100109
91651,"77002","TX","Houston",2002-06-30,179941.353315507,158872.287911373,13.2616365516728
91651,"77002","TX","Houston",2002-07-31,181757.556890539,158872.287911373,14.4048211806026
91651,"77002","TX","Houston",2002-08-31,183501.880978857,158872.287911373,15.5027622446173
91651,"77002","TX","Houston",2002-09-30,184936.451163794,158872.287911373,16.4057329286781
91651,"77002","TX","Houston",2002-10-31,185424.749127221,158872.287911373,16.7130854379463
91651,"77002","TX","Houston",2002-11-30,186131.07820454,158872.287911373,17.1576746653092
91651,"77002","TX","Houston",2002-12-31,186781.406405151,158872.287911373,17.5670149027795
91651,"77002","TX","Houston",2003-01-31,187225.967593392,158872.287911373,17.846837893992
91651,"77002","TX","Houston",2003-02-28,186464.842578446,158872.287911373,17.3677581092463
91651,"77002","TX","Houston",2003-03-31,185050.589526771,158872.287911373,16.4775757682809
91651,"77002","TX","Houston",2003-04-30,184461.693470384,158872.287911373,16.106903158143
91651,"77002","TX","Houston",2003-05-31,185372.267002767,158872.287911373,16.6800512787836
91651,"77002","TX","Houston",2003-06-30,186337.06236116,158872.287911373,17.2873285900613
91651,"77002","TX","Houston",2003-07-31,187878.4608,158872.287911373,18.2575408650299
91651,"77002","TX","Houston",2003-08-31,188159.97335545,158872.287911373,18.434735112781
91651,"77002","TX","Houston",2003-09-30,188220.388372948,158872.287911373,18.4727625235348
91651,"77002","TX","Houston",2003-10-31,186853.237251717,158872.287911373,17.6122278518159
91651,"77002","TX","Houston",2003-11-30,185724.451309485,158872.287911373,16.9017288988069
91651,"77002","TX","Houston",2003-12-31,185372.726138753,158872.287911373,16.6803402756828
91651,"77002","TX","Houston",2004-01-31,185743.926857298,158872.287911373,16.9139875173921
91651,"77002","TX","Houston",2004-02-29,186157.320542516,158872.287911373,17.1741925478932
91651,"77002","TX","Houston",2004-03-31,187135.560307501,158872.287911373,17.7899322579745
91651,"77002","TX","Houston",2004-04-30,187542.349591995,158872.287911373,18.0459802382999
91651,"77002","TX","Houston",2004-05-31,188862.511972017,158872.287911373,18.8769384861972
91651,"77002","TX","Houston",2004-06-30,189776.953159462,158872.287911373,19.4525210496929
91651,"77002","TX","Houston",2004-07-31,191339.377434219,158872.287911373,20.4359677510012
91651,"77002","TX","Houston",2004-08-31,191926.612460015,158872.287911373,20.8055948480338
91651,"77002","TX","Houston",2004-09-30,192455.776594015,158872.287911373,21.1386700123411
91651,"77002","TX","Houston",2004-10-31,193136.026939422,158872.287911373,21.566844336731
91651,"77002","TX","Houston",2004-11-30,194314.819065566,158872.287911373,22.3088190018163
91651,"77002","TX","Houston",2004-12-31,196057.037502011,158872.287911373,23.405434691909
91651,"77002","TX","Houston",2005-01-31,197455.733374782,158872.287911373,24.2858247782855
91651,"77002","TX","Houston",2005-02-28,198527.940293101,158872.287911373,24.9607108345098
91651,"77002","TX","Houston",2005-03-31,198798.81157476,158872.287911373,25.1312070772592
91651,"77002","TX","Houston",2005-04-30,199516.83573172,158872.287911373,25.583157613378
91651,"77002","TX","Houston",2005-05-31,200102.090457008,158872.287911373,25.9515382372001
91651,"77002","TX","Houston",2005-06-30,200067.83023188,158872.287911373,25.9299736046398
91651,"77002","TX","Houston",2005-07-31,201240.7815,158872.287911373,26.6682718211134
91651,"77002","TX","Houston",2005-08-31,202269.536635359,158872.287911373,27.3158077437613
91651,"77002","TX","Houston",2005-09-30,204122.720702491,158872.287911373,28.4822692402848
91651,"77002","TX","Houston",2005-10-31,204286.133045416,158872.287911373,28.585126916141
91651,"77002","TX","Houston",2005-11-30,204566.85437798,158872.287911373,28.7618231394122
91651,"77002","TX","Houston",2005-12-31,204573.002657392,158872.287911373,28.7656930902342
91651,"77002","TX","Houston",2006-01-31,204907.816240134,158872.287911373,28.9764369443973
91651,"77002","TX","Houston",2006-02-28,205264.345510959,158872.287911373,29.2008494429598
91651,"77002","TX","Houston",2006-03-31,205670.044564416,158872.287911373,29.4562111921931
91651,"77002","TX","Houston",2006-04-30,206372.224022709,158872.287911373,29.89818849832
91651,"77002","TX","Houston",2006-05-31,208093.020816162,158872.287911373,30.9813206266949
91651,"77002","TX","Houston",2006-06-30,209320.036472133,158872.287911373,31.7536489364983
91651,"77002","TX","Houston",2006-07-31,210694.735472357,158872.287911373,32.6189345179522
91651,"77002","TX","Houston",2006-08-31,212644.05709665,158872.287911373,33.8459084917775
91651,"77002","TX","Houston",2006-09-30,216179.963529105,158872.287911373,36.0715366859327
91651,"77002","TX","Houston",2006-10-31,220532.118863492,158872.287911373,38.8109416454781
91651,"77002","TX","Houston",2006-11-30,223715.730770636,158872.287911373,40.8148228440165
91651,"77002","TX","Houston",2006-12-31,225056.554286646,158872.287911373,41.6587859628443
91651,"77002","TX","Houston",2007-01-31,224795.898622745,158872.287911373,41.4947198016985
91651,"77002","TX","Houston",2007-02-28,223601.846397325,158872.287911373,40.7431398747535
91651,"77002","TX","Houston",2007-03-31,222773.25084767,158872.287911373,40.2215916799439
91651,"77002","TX","Houston",2007-04-30,222547.404949796,158872.287911373,40.0794360523998
91651,"77002","TX","Houston",2007-05-31,222752.3511,158872.287911373,40.2084366181359
91651,"77002","TX","Houston",2007-06-30,223431.747821448,158872.287911373,40.6360736405392
91651,"77002","TX","Houston",2007-07-31,223620.242306411,158872.287911373,40.7547189294317
91651,"77002","TX","Houston",2007-08-31,224182.962254273,158872.287911373,41.1089153442126
91651,"77002","TX","Houston",2007-09-30,224390.190416459,158872.287911373,41.2393522913418
91651,"77002","TX","Houston",2007-10-31,224140.237433736,158872.287911373,41.0820227872419
91651,"77002","TX","Houston",2007-11-30,223086.7248,158872.287911373,40.4189035940924
91651,"77002","TX","Houston",2007-12-31,222422.627819913,158872.287911373,40.0008967857198
91651,"77002","TX","Houston",2008-01-31,221598.370011978,158872.287911373,39.482078923416
91651,"77002","TX","Houston",2008-02-29,221130.337752553,158872.287911373,39.1874823857955
91651,"77002","TX","Houston",2008-03-31,220366.740283222,158872.287911373,38.706846348278
91651,"77002","TX","Houston",2008-04-30,220064.820291161,158872.287911373,38.5168069172162
91651,"77002","TX","Houston",2008-05-31,219834.638177944,158872.287911373,38.3719219179237
91651,"77002","TX","Houston",2008-06-30,219460.150131912,158872.287911373,38.1362055126553
91651,"77002","TX","Houston",2008-07-31,218836.953663042,158872.287911373,37.7439429745733
91651,"77002","TX","Houston",2008-08-31,217474.621021375,158872.287911373,36.8864412292553
91651,"77002","TX","Houston",2008-09-30,215754.701726616,158872.287911373,35.8038614304937
91651,"77002","TX","Houston",2008-10-31,213858.133026436,158872.287911373,34.6100920669919
91651,"77002","TX","Houston",2008-11-30,211030.428094,158872.287911373,32.8302316711922
91651,"77002","TX","Houston",2008-12-31,207457.393546445,158872.287911373,30.5812336901542
91651,"77002","TX","Houston",2009-01-31,202668.531619181,158872.287911373,27.5669497075789
91651,"77002","TX","Houston",2009-02-28,199147.088001913,158872.287911373,25.3504249356611
91651,"77002","TX","Houston",2009-03-31,196449.766424152,158872.287911373,23.6526325684572
91651,"77002","TX","Houston",2009-04-30,195605.233606439,158872.287911373,23.121052877112
91651,"77002","TX","Houston",2009-05-31,195215.58664736,158872.287911373,22.8757949002795
91651,"77002","TX","Houston",2009-06-30,195007.083260984,158872.287911373,22.7445552806343
91651,"77002","TX","Houston",2009-07-31,194452.458876295,158872.287911373,22.3954545079443
91651,"77002","TX","Houston",2009-08-31,192920.193464477,158872.287911373,21.43099089257
91651,"77002","TX","Houston",2009-09-30,191075.069525729,158872.287911373,20.2696027341914
91651,"77002","TX","Houston",2009-10-31,189010.889738873,158872.287911373,18.9703328527081
91651,"77002","TX","Houston",2009-11-30,187684.745396864,158872.287911373,18.1356093402294
91651,"77002","TX","Houston",2009-12-31,186704.395142308,158872.287911373,17.518541211203
91651,"77002","TX","Houston",2010-01-31,185572.440436499,158872.287911373,16.8060477230745
91651,"77002","TX","Houston",2010-02-28,184973.280934615,158872.287911373,16.4289149268135
91651,"77002","TX","Houston",2010-03-31,184564.584853068,158872.287911373,16.1716667390272
91651,"77002","TX","Houston",2010-04-30,184650.205790396,158872.287911373,16.2255596730645
91651,"77002","TX","Houston",2010-05-31,184634.892533738,158872.287911373,16.2159209520143
91651,"77002","TX","Houston",2010-06-30,184570.952890134,158872.287911373,16.1756750133143
91651,"77002","TX","Houston",2010-07-31,183666.113212982,158872.287911373,15.6061359898333
91651,"77002","TX","Houston",2010-08-31,182076.209798343,158872.287911373,14.6053929178097
91651,"77002","TX","Houston",2010-09-30,180106.589,158872.287911373,13.3656419050706
91651,"77002","TX","Houston",2010-10-31,179003.2843,158872.287911373,12.671181773285
91651,"77002","TX","Houston",2010-11-30,178234.492100016,158872.287911373,12.1872759832375
91651,"77002","TX","Houston",2010-12-31,177743.184707626,158872.287911373,11.8780292298553
91651,"77002","TX","Houston",2011-01-31,177218.484596111,158872.287911373,11.5477638837633
91651,"77002","TX","Houston",2011-02-28,176898.387930957,158872.287911373,11.3462833931362
91651,"77002","TX","Houston",2011-03-31,176741.098015453,158872.287911373,11.2472793959182
91651,"77002","TX","Houston",2011-04-30,176747.549226105,158872.287911373,11.2513400226877
91651,"77002","TX","Houston",2011-05-31,176800.15678571,158872.287911373,11.2844531352995
91651,"77002","TX","Houston",2011-06-30,177171.344857922,158872.287911373,11.5180924169463
91651,"77002","TX","Houston",2011-07-31,177646.578881119,158872.287911373,11.8172220067854
91651,"77002","TX","Houston",2011-08-31,178313.713613351,158872.287911373,12.2371408869139
91651,"77002","TX","Houston",2011-09-30,178260.699198816,158872.287911373,12.2037716850017
91651,"77002","TX","Houston",2011-10-31,178031.999214047,158872.287911373,12.0598195912945
91651,"77002","TX","Houston",2011-11-30,177414.054519772,158872.287911373,11.6708627112756
91651,"77002","TX","Houston",2011-12-31,177514.636686295,158872.287911373,11.7341727874667
91651,"77002","TX","Houston",2012-01-31,177718.480281951,158872.287911373,11.8624793652442
91651,"77002","TX","Houston",2012-02-29,177978.992317521,158872.287911373,12.0264551214911
91651,"77002","TX","Houston",2012-03-31,177765.070290128,158872.287911373,11.8918048119848
91651,"77002","TX","Houston",2012-04-30,177537.372353808,158872.287911373,11.7484834440399
91651,"77002","TX","Houston",2012-05-31,177602.50596349,158872.287911373,11.7894809084422
91651,"77002","TX","Houston",2012-06-30,178277.54145744,158872.287911373,12.2143728155358
91651,"77002","TX","Houston",2012-07-31,179381.152253959,158872.287911373,12.9090256156109
91651,"77002","TX","Houston",2012-08-31,181113.738087765,158872.287911373,13.9995781950335
91651,"77002","TX","Houston",2012-09-30,182904.501097883,158872.287911373,15.1267496065241
91651,"77002","TX","Houston",2012-10-31,184612.787389044,158872.287911373,16.2020071694504
91651,"77002","TX","Houston",2012-11-30,185880.736182839,158872.287911373,17.0001002859183
91651,"77002","TX","Houston",2012-12-31,187134.1206,158872.287911373,17.789026053677
91651,"77002","TX","Houston",2013-01-31,189423.2061009,158872.287911373,19.229859776785
91651,"77002","TX","Houston",2013-02-28,193025.249993309,158872.287911373,21.4971172952376
91651,"77002","TX","Houston",2013-03-31,197184.036580999,158872.287911373,24.1148089281612
91651,"77002","TX","Houston",2013-04-30,200874.571369869,158872.287911373,26.4377658373793
91651,"77002","TX","Houston",2013-05-31,205057.421755169,158872.287911373,29.0706041002947
91651,"77002","TX","Houston",2013-06-30,209330.509235493,158872.287911373,31.7602408749017
91651,"77002","TX","Houston",2013-07-31,213142.452317261,158872.287911373,34.1596165821959
91651,"77002","TX","Houston",2013-08-31,216275.347213954,158872.287911373,36.1315746485648
91651,"77002","TX","Houston",2013-09-30,219183.335129197,158872.287911373,37.9619680755578
91651,"77002","TX","Houston",2013-10-31,222441.735240653,158872.287911373,40.012923691728
91651,"77002","TX","Houston",2013-11-30,224786.456963098,158872.287911373,41.4887768774977
91651,"77002","TX","Houston",2013-12-31,226834.682724442,158872.287911373,42.7780047146935
91651,"77002","TX","Houston",2014-01-31,229332.718937683,158872.287911373,44.3503596206888
91651,"77002","TX","Houston",2014-02-28,232444.508206378,158872.287911373,46.3090330366782
91651,"77002","TX","Houston",2014-03-31,236003.957983756,158872.287911373,48.5494802689632
91651,"77002","TX","Houston",2014-04-30,239030.171830788,158872.287911373,50.4542894001321
91651,"77002","TX","Houston",2014-05-31,241881.40169145,158872.287911373,52.2489572419219
91651,"77002","TX","Houston",2014-06-30,244373.394732107,158872.287911373,53.8175083551582
91651,"77002","TX","Houston",2014-07-31,246701.907608393,158872.287911373,55.2831591032513
91651,"77002","TX","Houston",2014-08-31,249269.669458703,158872.287911373,56.8994018628079
91651,"77002","TX","Houston",2014-09-30,251615.848916225,158872.287911373,58.3761726000878
91651,"77002","TX","Houston",2014-10-31,254393.518419792,158872.287911373,60.1245388759713
91651,"77002","TX","Houston",2014-11-30,256893.469520025,158872.287911373,61.6980990815296
91651,"77002","TX","Houston",2014-12-31,260073.8399,158872.287911373,63.6999399448959
91651,"77002","TX","Houston",2015-01-31,263718.620438098,158872.287911373,65.9940974635009
91651,"77002","TX","Houston",2015-02-28,267224.557114205,158872.287911373,68.2008616022932
91651,"77002","TX","Houston",2015-03-31,270217.279066866,158872.287911373,70.0845897162419
91651,"77002","TX","Houston",2015-04-30,272222.137873679,158872.287911373,71.3465208139623
91651,"77002","TX","Houston",2015-05-31,273490.625866019,158872.287911373,72.1449533216175
91651,"77002","TX","Houston",2015-06-30,273774.167913594,158872.287911373,72.3234250055735
91651,"77002","TX","Houston",2015-07-31,273117.537097288,158872.287911373,71.9101176724076
91651,"77002","TX","Houston",2015-08-31,272688.2554,158872.287911373,71.6399121488822
91651,"77002","TX","Houston",2015-09-30,272712.564886058,158872.287911373,71.6552134241249
91651,"77002","TX","Houston",2015-10-31,273301.72860428,158872.287911373,72.0260545103635
91651,"77002","TX","Houston",2015-11-30,273577.498717813,158872.287911373,72.1996342561818
91651,"77002","TX","Houston",2015-12-31,273212.98842289,158872.287911373,71.9701982105918
91651,"77002","TX","Houston",2016-01-31,273192.290777678,158872.287911373,71.9571703594259
91651,"77002","TX","Houston",2016-02-29,272777.207069407,158872.287911373,71.6959015669085
91651,"77002","TX","Houston",2016-03-31,272243.729188748,158872.287911373,71.3601111734599
91651,"77002","TX","Houston",2016-04-30,271196.465228001,158872.287911373,70.7009251225035
91651,"77002","TX","Houston",2016-05-31,270558.669477028,158872.287911373,70.2994732649407
91651,"77002","TX","Houston",2016-06-30,269884.031801744,158872.287911373,69.8748317593933
91651,"77002","TX","Houston",2016-07-31,268877.834613282,158872.287911373,69.2414946294946
91651,"77002","TX","Houston",2016-08-31,267707.899250158,158872.287911373,68.5050947333866
91651,"77002","TX","Houston",2016-09-30,267079.410644509,158872.287911373,68.1095011318144
91651,"77002","TX","Houston",2016-10-31,266967.672815595,158872.287911373,68.0391692757156
91651,"77002","TX","Houston",2016-11-30,266957.889487162,158872.287911373,68.0330112927461
91651,"77002","TX","Houston",2016-12-31,266453.710928588,158872.287911373,67.7156629589355
91651,"77002","TX","Houston",2017-01-31,265823.609465241,158872.287911373,67.3190541660299
91651,"77002","TX","Houston",2017-02-28,265670.347497083,158872.287911373,67.2225855054642
91651,"77002","TX","Houston",2017-03-31,265592.331259722,158872.287911373,67.1734792463506
91651,"77002","TX","Houston",2017-04-30,265711.9669,158872.287911373,67.2487822723541
91651,"77002","TX","Houston",2017-05-31,265306.292872175,158872.287911373,66.9934362751649
91651,"77002","TX","Houston",2017-06-30,265696.423482635,158872.287911373,67.238998679778
91651,"77002","TX","Houston",2017-07-31,266164.366460348,158872.287911373,67.5335390202397
91651,"77002","TX","Houston",2017-08-31,267026.770405723,158872.287911373,68.0763674497366
91651,"77002","TX","Houston",2017-09-30,267495.371002522,158872.287911373,68.3713217195844
91651,"77002","TX","Houston",2017-10-31,267817.712682684,158872.287911373,68.5742153043619
91651,"77002","TX","Houston",2017-11-30,267606.077353372,158872.287911373,68.4410043258497
91651,"77002","TX","Houston",2017-12-31,267486.97775057,158872.287911373,68.366038701342
91651,"77002","TX","Houston",2018-01-31,266906.073809117,158872.287911373,68.0003966192078
91651,"77002","TX","Houston",2018-02-28,266471.414644652,158872.287911373,67.7268063221337
91651,"77002","TX","Houston",2018-03-31,266436.213206014,158872.287911373,67.7046492555362
91651,"77002","TX","Houston",2018-04-30,266507.714437247,158872.287911373,67.7496547326858
91651,"77002","TX","Houston",2018-05-31,266585.670451369,158872.287911373,67.7987230851009
91651,"77002","TX","Houston",2018-06-30,265890.915995509,158872.287911373,67.3614193457301
91651,"77002","TX","Houston",2018-07-31,265659.688228504,158872.287911373,67.2158761738873
91651,"77002","TX","Houston",2018-08-31,265494.464996957,158872.287911373,67.1118786588274
91651,"77002","TX","Houston",2018-09-30,265525.342910779,158872.287911373,67.1313143415558
91651,"77002","TX","Houston",2018-10-31,265226.385480043,158872.287911373,66.9431396544121
91651,"77002","TX","Houston",2018-11-30,264371.970741254,158872.287911373,66.4053399222987
91651,"77002","TX","Houston",2018-12-31,263648.913370195,158872.287911373,65.9502212980473
91651,"77002","TX","Houston",2019-01-31,263358.395461381,158872.287911373,65.7673587531486
91651,"77002","TX","Houston",2019-02-28,263749.668759655,158872.287911373,66.0136404070592
91651,"77002","TX","Houston",2019-03-31,264284.456649125,158872.287911373,66.3502553677303
91651,"77002","TX","Houston",2019-04-30,264023.429246716,158872.287911373,66.1859552208382
91651,"77002","TX","Houston",2019-05-31,263312.483118078,158872.287911373,65.7384598533426
91651,"77002","TX","Houston",2019-06-30,262003.443647893,158872.287911373,64.9145027697039
91651,"77002","TX","Houston",2019-07-31,260929.11222484,158872.287911373,64.2382794728805
91651,"77002","TX","Houston",2019-08-31,259782.247135598,158872.287911373,63.5164008467716
91651,"77002","TX","Houston",2019-09-30,259017.959282945,158872.287911373,63.035330256865
91651,"77002","TX","Houston",2019-10-31,258705.309257743,158872.287911373,62.8385369524369
91651,"77002","TX","Houston",2019-11-30,259104.42070749,158872.287911373,63.0897522241455
91651,"77002","TX","Houston",2019-12-31,259505.880210749,158872.287911373,63.34244544619
91651,"77002","TX","Houston",2020-01-31,259923.422696389,158872.287911373,63.6052618826682
91651,"77002","TX","Houston",2020-02-29,260249.156142339,158872.287911373,63.8102903682731
91651,"77002","TX","Houston",2020-03-31,260752.638832035,158872.287911373,64.1272006968868
91651,"77002","TX","Houston",2020-04-30,260463.381271482,158872.287911373,63.9451314610524
91651,"77002","TX","Houston",2020-05-31,259750.614201374,158872.287911373,63.4964899267239
91651,"77002","TX","Houston",2020-06-30,258669.468657073,158872.287911373,62.8159775739946
91651,"77002","TX","Houston",2020-07-31,258323.142419854,158872.287911373,62.5979872361121
91651,"77002","TX","Houston",2020-08-31,258484.236056657,158872.287911373,62.6993854339482
91651,"77002","TX","Houston",2020-09-30,259174.699951535,158872.287911373,63.1339885380861
91651,"77002","TX","Houston",2020-10-31,259446.900738132,158872.287911373,63.3053216196298
91651,"77002","TX","Houston",2020-11-30,259812.652896478,158872.287911373,63.5355393392547
91651,"77002","TX","Houston",2020-12-31,259595.850521227,158872.287911373,63.3990760339795
91651,"77002","TX","Houston",2021-01-31,259125.2554,158872.287911373,63.1028663378681
91651,"77002","TX","Houston",2021-02-28,258113.364041363,158872.287911373,62.4659450900279
91651,"77002","TX","Houston",2021-03-31,257611.316855088,158872.287911373,62.149938319511
91651,"77002","TX","Houston",2021-04-30,257240.626427936,158872.287911373,61.9166122737768
91651,"77002","TX","Houston",2021-05-31,257216.788497666,158872.287911373,61.9016078129084
91651,"77002","TX","Houston",2021-06-30,257019.285802455,158872.287911373,61.7772924286413
91651,"77002","TX","Houston",2021-07-31,257270.294378374,158872.287911373,61.9352863615158
91651,"77002","TX","Houston",2021-08-31,257520.416872953,158872.287911373,62.0927225625469
91651,"77002","TX","Houston",2021-09-30,258703.8608,158872.287911373,62.8376252404182
91651,"77002","TX","Houston",2021-10-31,260420.1302,158872.287911373,63.9179076625845
91651,"77002","TX","Houston",2021-11-30,262962.849054403,158872.287911373,65.5183874491045
91651,"77002","TX","Houston",2021-12-31,265421.079133706,158872.287911373,67.0656869256963
91651,"77002","TX","Houston",2022-01-31,268268.653571846,158872.287911373,68.8580539115165
91651,"77002","TX","Houston",2022-02-28,271074.5197,158872.287911373,70.6241681691012
91651,"77002","TX","Houston",2022-03-31,274120.756921484,158872.287911373,72.541580740879
91651,"77002","TX","Houston",2022-04-30,276873.1352,158872.287911373,74.2740277992683
91651,"77002","TX","Houston",2022-05-31,279457.656040601,158872.287911373,75.9008192772398
91651,"77002","TX","Houston",2022-06-30,281518.218818427,158872.287911373,77.1978124816028
91651,"77002","TX","Houston",2022-07-31,283193.618523586,158872.287911373,78.2523700304266
91651,"77002","TX","Houston",2022-08-31,283998.169010851,158872.287911373,78.7587833878737
91651,"77002","TX","Houston",2022-09-30,284272.511878653,158872.287911373,78.9314647732863
91651,"77002","TX","Houston",2022-10-31,284397.446650787,158872.287911373,79.0101032657361
91651,"77002","TX","Houston",2022-11-30,284841.031650108,158872.287911373,79.2893118081151
91651,"77002","TX","Houston",2022-12-31,285266.822813546,158872.287911373,79.557320262601
91651,"77002","TX","Houston",2023-01-31,284593.623507068,158872.287911373,79.1335841187287
91651,"77002","TX","Houston",2023-02-28,282909.606656103,158872.287911373,78.0736026247221
91651,"77002","TX","Houston",2023-03-31,281312.589572191,158872.287911373,77.0683819503635
91651,"77002","TX","Houston",2023-04-30,280828.989583687,158872.287911373,76.7639865174894
91651,"77002","TX","Houston",2023-05-31,282652.428156784,158872.287911373,77.9117251175115
91651,"77002","TX","Houston",2023-06-30,285356.249451649,158872.287911373,79.6136086432111
91651,"77002","TX","Houston",2023-07-31,287669.475131275,158872.287911373,81.0696370733653
91651,"77002","TX","Houston",2023-08-31,288420.895256023,158872.287911373,81.5426082470208
91651,"77002","TX","Houston",2023-09-30,288585.039696424,158872.287911373,81.6459267316721
91651,"77002","TX","Houston",2023-10-31,288079.6158,158872.287911373,81.3277945368957
91651,"77002","TX","Houston",2023-11-30,288329.091075,158872.287911373,81.4848233543687
91651,"77002","TX","Houston",2023-12-31,288265.071721601,158872.287911373,81.444527243423
91651,"77002","TX","Houston",2024-01-31,288327.834085303,158872.287911373,81.484032159307
91651,"77002","TX","Houston",2024-02-29,287187.359269273,158872.287911373,80.7661758037248
91651,"77002","TX","Houston",2024-03-31,285057.016033231,158872.287911373,79.4252602393751
91651,"77002","TX","Houston",2024-04-30,283123.317587247,158872.287911373,78.2081200625671
91651,"77002","TX","Houston",2024-05-31,280703.753825347,158872.287911373,76.6851585733674
91651,"77002","TX","Houston",2024-06-30,278732.2111,158872.287911373,75.4441978298258
91651,"77002","TX","Houston",2024-07-31,277173.597999287,158872.287911373,74.4631500201646
91651,"77002","TX","Houston",2024-08-31,275319.67140159,158872.287911373,73.29622114788
91651,"77002","TX","Houston",2024-09-30,272341.2323523,158872.287911373,71.4214832131239
91651,"77002","TX","Houston",2024-10-31,267861.501262129,158872.287911373,68.6017774299034
91651,"77002","TX","Houston",2024-11-30,263372.679151146,158872.287911373,65.7763494273267
91651,"77002","TX","Houston",2024-12-31,260041.875804986,158872.287911373,63.6798205801947
91651,"77002","TX","Houston",2025-01-31,258140.100373376,158872.287911373,62.4827739104377
91651,"77002","TX","Houston",2025-02-28,257112.496111299,158872.287911373,61.8359623893179
91651,"77002","TX","Houston",2025-03-31,256181.182279106,158872.287911373,61.2497595691554
91651,"77002","TX","Houston",2025-04-30,255508.815394106,158872.287911373,60.8265473816562
91651,"77002","TX","Houston",2025-05-31,254928.498101031,158872.287911373,60.4612745573617
91651,"77002","TX","Houston",2025-06-30,254309.506452832,158872.287911373,60.0716586864405
91651,"77002","TX","Houston",2025-07-31,253456.475611934,158872.287911373,59.5347300300256
91651,"77002","TX","Houston",2025-08-31,252687.766622435,158872.287911373,59.0508766156859
91651,"77002","TX","Houston",2025-09-30,252061.801600175,158872.287911373,58.6568714493416
93282,"80205","CO","Denver",2000-01-31,161182.831663466,161182.831663466,0
93282,"80205","CO","Denver",2000-02-29,162364.192075246,161182.831663466,0.732931913150313
93282,"80205","CO","Denver",2000-03-31,163726.461494617,161182.831663466,1.57810221156962
93282,"80205","CO","Denver",2000-04-30,166682.019121382,161182.831663466,3.41176997646876
93282,"80205","CO","Denver",2000-05-31,169905.872840415,161182.831663466,5.41189225113161
93282,"80205","CO","Denver",2000-06-30,172998.126415526,161182.831663466,7.33036802376653
93282,"80205","CO","Denver",2000-07-31,175994.539246607,161182.831663466,9.18938290776943
93282,"80205","CO","Denver",2000-08-31,178826.969287462,161182.831663466,10.9466606597626
93282,"80205","CO","Denver",2000-09-30,181896.0902,161182.831663466,12.850784616926
93282,"80205","CO","Denver",2000-10-31,184566.69086571,161182.831663466,14.5076612446338
93282,"80205","CO","Denver",2000-11-30,187185.054812108,161182.831663466,16.1321295080188
93282,"80205","CO","Denver",2000-12-31,189898.813552156,161182.831663466,17.8157819864134
93282,"80205","CO","Denver",2001-01-31,193030.128230681,161182.831663466,19.7584917937843
93282,"80205","CO","Denver",2001-02-28,196113.832269733,161182.831663466,21.6716633190809
93282,"80205","CO","Denver",2001-03-31,198760.904000257,161182.831663466,23.3139422784496
93282,"80205","CO","Denver",2001-04-30,201387.7948,161182.831663466,24.9437007165121
93282,"80205","CO","Denver",2001-05-31,204139.372677515,161182.831663466,26.6508166972392
93282,"80205","CO","Denver",2001-06-30,206679.991542294,161182.831663466,28.227050864711
93282,"80205","CO","Denver",2001-07-31,208929.050466073,161182.831663466,29.6223973172879
93282,"80205","CO","Denver",2001-08-31,210625.950162638,161182.831663466,30.6751767473625
93282,"80205","CO","Denver",2001-09-30,212603.855254005,161182.831663466,31.9022957096956
93282,"80205","CO","Denver",2001-10-31,214490.805662719,161182.831663466,33.0729851616926
93282,"80205","CO","Denver",2001-11-30,217034.411400708,161182.831663466,34.651072425539
93282,"80205","CO","Denver",2001-12-31,219618.429884696,161182.831663466,36.2542323013896
93282,"80205","CO","Denver",2002-01-31,221574.692400718,161182.831663466,37.4679239184388
93282,"80205","CO","Denver",2002-02-28,223216.7761847,161182.831663466,38.4866948179413
93282,"80205","CO","Denver",2002-03-31,224749.882515113,161182.831663466,39.4378546372543
93282,"80205","CO","Denver",2002-04-30,226279.0007,161182.831663466,40.3865401573593
93282,"80205","CO","Denver",2002-05-31,227553.429190916,161182.831663466,41.1772127604916
93282,"80205","CO","Denver",2002-06-30,227893.0689,161182.831663466,41.3879298111719
93282,"80205","CO","Denver",2002-07-31,228222.26549331,161182.831663466,41.5921678121502
93282,"80205","CO","Denver",2002-08-31,228137.310292723,161182.831663466,41.5394604613052
93282,"80205","CO","Denver",2002-09-30,228057.788348624,161182.831663466,41.4901239759744
93282,"80205","CO","Denver",2002-10-31,228315.517504411,161182.831663466,41.6500226160016
93282,"80205","CO","Denver",2002-11-30,228627.70639824,161182.831663466,41.8437088111179
93282,"80205","CO","Denver",2002-12-31,229083.083678782,161182.831663466,42.1262310101892
93282,"80205","CO","Denver",2003-01-31,229137.137115275,161182.831663466,42.1597664903241
93282,"80205","CO","Denver",2003-02-28,228955.205350612,161182.831663466,42.0468935727901
93282,"80205","CO","Denver",2003-03-31,228763.721272855,161182.831663466,41.9280942715364
93282,"80205","CO","Denver",2003-04-30,227953.306610043,161182.831663466,41.4253020979229
93282,"80205","CO","Denver",2003-05-31,227359.062245083,161182.831663466,41.0566248890494
93282,"80205","CO","Denver",2003-06-30,226941.100119661,161182.831663466,40.7973155562205
93282,"80205","CO","Denver",2003-07-31,227431.654440217,161182.831663466,41.101662064774
93282,"80205","CO","Denver",2003-08-31,227998.883000049,161182.831663466,41.4535783042257
93282,"80205","CO","Denver",2003-09-30,228908.659958284,161182.831663466,42.0180161843935
93282,"80205","CO","Denver",2003-10-31,230160.35033333,161182.831663466,42.7945817541429
93282,"80205","CO","Denver",2003-11-30,231430.144060956,161182.831663466,43.5823788876972
93282,"80205","CO","Denver",2003-12-31,232149.333156853,161182.831663466,44.0285734907295
93282,"80205","CO","Denver",2004-01-31,232226.983387382,161182.831663466,44.0767487397476
93282,"80205","CO","Denver",2004-02-29,232383.405667812,161182.831663466,44.173795229635
93282,"80205","CO","Denver",2004-03-31,233212.273353483,161182.831663466,44.688035907204
93282,"80205","CO","Denver",2004-04-30,234337.079909409,161182.831663466,45.385881046365
93282,"80205","CO","Denver",2004-05-31,235672.960934665,161182.831663466,46.214679629607
93282,"80205","CO","Denver",2004-06-30,236222.100119162,161182.831663466,46.5553729769254
93282,"80205","CO","Denver",2004-07-31,236242.894096808,161182.831663466,46.5682738407656
93282,"80205","CO","Denver",2004-08-31,235653.991853137,161182.831663466,46.2029109559011
93282,"80205","CO","Denver",2004-09-30,234919.643035312,161182.831663466,45.7473110571741
93282,"80205","CO","Denver",2004-10-31,235284.436054377,161182.831663466,45.9736335601973
93282,"80205","CO","Denver",2004-11-30,236171.439826107,161182.831663466,46.5239426486877
93282,"80205","CO","Denver",2004-12-31,237842.694369915,161182.831663466,47.5608114805355
93282,"80205","CO","Denver",2005-01-31,239197.973860705,161182.831663466,48.4016451331043
93282,"80205","CO","Denver",2005-02-28,240508.918393542,161182.831663466,49.2149727805389
93282,"80205","CO","Denver",2005-03-31,241612.326894676,161182.831663466,49.8995422782617
93282,"80205","CO","Denver",2005-04-30,242265.14494562,161182.831663466,50.3045593909445
93282,"80205","CO","Denver",2005-05-31,242919.991387151,161182.831663466,50.7108349444716
93282,"80205","CO","Denver",2005-06-30,244265.712481226,161182.831663466,51.5457384389606
93282,"80205","CO","Denver",2005-07-31,246017.4233059,161182.831663466,52.6325234312556
93282,"80205","CO","Denver",2005-08-31,247288.938481229,161182.831663466,53.4213885741531
93282,"80205","CO","Denver",2005-09-30,247796.609191265,161182.831663466,53.7363543213091
93282,"80205","CO","Denver",2005-10-31,248036.067855456,161182.831663466,53.8849177022349
93282,"80205","CO","Denver",2005-11-30,248708.939178683,161182.831663466,54.3023761351729
93282,"80205","CO","Denver",2005-12-31,248806.142346364,161182.831663466,54.3626822897909
93282,"80205","CO","Denver",2006-01-31,249281.396791227,161182.831663466,54.657536549366
93282,"80205","CO","Denver",2006-02-28,249418.541682558,161182.831663466,54.7426230873768
93282,"80205","CO","Denver",2006-03-31,251044.504575781,161182.831663466,55.7513923690945
93282,"80205","CO","Denver",2006-04-30,252175.302153122,161182.831663466,56.4529544186442
93282,"80205","CO","Denver",2006-05-31,253742.121361562,161182.831663466,57.425030161619
93282,"80205","CO","Denver",2006-06-30,254420.444108225,161182.831663466,57.8458707310905
93282,"80205","CO","Denver",2006-07-31,255035.485196287,161182.831663466,58.2274505071216
93282,"80205","CO","Denver",2006-08-31,255578.486648371,161182.831663466,58.5643359225718
93282,"80205","CO","Denver",2006-09-30,255481.305937762,161182.831663466,58.5040437006234
93282,"80205","CO","Denver",2006-10-31,255360.175710767,161182.831663466,58.4288928760939
93282,"80205","CO","Denver",2006-11-30,255225.317382552,161182.831663466,58.3452249526414
93282,"80205","CO","Denver",2006-12-31,255265.470827882,161182.831663466,58.3701366910169
93282,"80205","CO","Denver",2007-01-31,255009.802263943,161182.831663466,58.2115164699298
93282,"80205","CO","Denver",2007-02-28,253776.397419175,161182.831663466,57.4462954894827
93282,"80205","CO","Denver",2007-03-31,253438.293826108,161182.831663466,57.2365314658717
93282,"80205","CO","Denver",2007-04-30,254274.38310292,161182.831663466,57.7552525158642
93282,"80205","CO","Denver",2007-05-31,255764.340760979,161182.831663466,58.6796423176079
93282,"80205","CO","Denver",2007-06-30,256078.095204425,161182.831663466,58.8742998007949
93282,"80205","CO","Denver",2007-07-31,256235.562655816,161182.831663466,58.9719947288253
93282,"80205","CO","Denver",2007-08-31,256659.244091442,161182.831663466,59.2348523987479
93282,"80205","CO","Denver",2007-09-30,257561.921357281,161182.831663466,59.7948855341157
93282,"80205","CO","Denver",2007-10-31,256963.730147632,161182.831663466,59.4237596496306
93282,"80205","CO","Denver",2007-11-30,255514.814290166,161182.831663466,58.5248327338343
93282,"80205","CO","Denver",2007-12-31,253199.722132521,161182.831663466,57.0885183734566
93282,"80205","CO","Denver",2008-01-31,251447.781645787,161182.831663466,56.0015908957266
93282,"80205","CO","Denver",2008-02-29,250190.305188124,161182.831663466,55.2214355623791
93282,"80205","CO","Denver",2008-03-31,249491.467317821,161182.831663466,54.787867133849
93282,"80205","CO","Denver",2008-04-30,248695.895038059,161182.831663466,54.2942833746166
93282,"80205","CO","Denver",2008-05-31,247302.619435081,161182.831663466,53.4298764222144
93282,"80205","CO","Denver",2008-06-30,245787.137763664,161182.831663466,52.4896511787584
93282,"80205","CO","Denver",2008-07-31,242174.702508484,161182.831663466,50.2484476846277
93282,"80205","CO","Denver",2008-08-31,239128.655581334,161182.831663466,48.3586391388209
93282,"80205","CO","Denver",2008-09-30,236415.889232376,161182.831663466,46.6756023532267
93282,"80205","CO","Denver",2008-10-31,236242.435204159,161182.831663466,46.5679891375842
93282,"80205","CO","Denver",2008-11-30,235403.293595366,161182.831663466,46.0473743797139
93282,"80205","CO","Denver",2008-12-31,234723.02006738,161182.831663466,45.6253235192315
93282,"80205","CO","Denver",2009-01-31,233507.246735616,161182.831663466,44.8710413669594
93282,"80205","CO","Denver",2009-02-28,233332.449096879,161182.831663466,44.7625945572507
93282,"80205","CO","Denver",2009-03-31,233157.278284608,161182.831663466,44.6539162256553
93282,"80205","CO","Denver",2009-04-30,233910.624625736,161182.831663466,45.1213024437486
93282,"80205","CO","Denver",2009-05-31,236192.85422004,161182.831663466,46.5372284271491
93282,"80205","CO","Denver",2009-06-30,239720.527146168,161182.831663466,48.7258442305329
93282,"80205","CO","Denver",2009-07-31,242275.694262938,161182.831663466,50.3111043295151
93282,"80205","CO","Denver",2009-08-31,243111.152320174,161182.831663466,50.8294337623789
93282,"80205","CO","Denver",2009-09-30,243065.75516055,161182.831663466,50.8012687530198
93282,"80205","CO","Denver",2009-10-31,241404.267093754,161182.831663466,49.770459175071
93282,"80205","CO","Denver",2009-11-30,240049.591817108,161182.831663466,48.9300003850959
93282,"80205","CO","Denver",2009-12-31,238653.285887014,161182.831663466,48.0637133769303
93282,"80205","CO","Denver",2010-01-31,240627.003902683,161182.831663466,49.2882346210974
93282,"80205","CO","Denver",2010-02-28,243315.430702711,161182.831663466,50.9561708226659
93282,"80205","CO","Denver",2010-03-31,245579.919307246,161182.831663466,52.3610900570312
93282,"80205","CO","Denver",2010-04-30,246084.65152377,161182.831663466,52.674232723229
93282,"80205","CO","Denver",2010-05-31,243627.623399794,161182.831663466,51.1498593773716
93282,"80205","CO","Denver",2010-06-30,240770.541121192,161182.831663466,49.3772870449984
93282,"80205","CO","Denver",2010-07-31,238040.57451915,161182.831663466,47.6835789906932
93282,"80205","CO","Denver",2010-08-31,236689.834637567,161182.831663466,46.8455617728274
93282,"80205","CO","Denver",2010-09-30,235761.367251155,161182.831663466,46.2695280992471
93282,"80205","CO","Denver",2010-10-31,234665.774525849,161182.831663466,45.5898076141316
93282,"80205","CO","Denver",2010-11-30,234035.647856047,161182.831663466,45.1988685399766
93282,"80205","CO","Denver",2010-12-31,233766.78847548,161182.831663466,45.0320645585647
93282,"80205","CO","Denver",2011-01-31,233804.523684919,161182.831663466,45.0554759908179
93282,"80205","CO","Denver",2011-02-28,234348.025634597,161182.831663466,45.3926719217174
93282,"80205","CO","Denver",2011-03-31,234581.876653122,161182.831663466,45.5377562437337
93282,"80205","CO","Denver",2011-04-30,234626.277452967,161182.831663466,45.5653030980645
93282,"80205","CO","Denver",2011-05-31,231658.349820614,161182.831663466,43.7239608150668
93282,"80205","CO","Denver",2011-06-30,228227.02820832,161182.831663466,41.5951226646991
93282,"80205","CO","Denver",2011-07-31,225303.217643135,161182.831663466,39.7811512044577
93282,"80205","CO","Denver",2011-08-31,224824.310873476,161182.831663466,39.4840309933802
93282,"80205","CO","Denver",2011-09-30,225118.751009598,161182.831663466,39.6667056201271
93282,"80205","CO","Denver",2011-10-31,225507.297070696,161182.831663466,39.9077648303972
93282,"80205","CO","Denver",2011-11-30,226278.876424582,161182.831663466,40.3864630552157
93282,"80205","CO","Denver",2011-12-31,226728.049372835,161182.831663466,40.6651360029591
93282,"80205","CO","Denver",2012-01-31,226769.407096192,161182.831663466,40.6907948916454
93282,"80205","CO","Denver",2012-02-29,226511.362044505,161182.831663466,40.5307002655465
93282,"80205","CO","Denver",2012-03-31,226372.02494659,161182.831663466,40.44425365304
93282,"80205","CO","Denver",2012-04-30,226514.078797434,161182.831663466,40.5323857756597
93282,"80205","CO","Denver",2012-05-31,227318.832888035,161182.831663466,41.0316660540217
93282,"80205","CO","Denver",2012-06-30,228518.790356197,161182.831663466,41.7761358314652
93282,"80205","CO","Denver",2012-07-31,230848.79552182,161182.831663466,43.2217024228801
93282,"80205","CO","Denver",2012-08-31,233693.664683858,161182.831663466,44.9866975732182
93282,"80205","CO","Denver",2012-09-30,237054.541630042,161182.831663466,47.0718309037956
93282,"80205","CO","Denver",2012-10-31,240246.965684693,161182.831663466,49.0524537912985
93282,"80205","CO","Denver",2012-11-30,243233.983511793,161182.831663466,50.9056398882743
93282,"80205","CO","Denver",2012-12-31,246873.870891311,161182.831663466,53.1638750501419
93282,"80205","CO","Denver",2013-01-31,250170.62339596,161182.831663466,55.2092247133943
93282,"80205","CO","Denver",2013-02-28,252978.085691839,161182.831663466,56.9510121400727
93282,"80205","CO","Denver",2013-03-31,254534.933065979,161182.831663466,57.9169012227209
93282,"80205","CO","Denver",2013-04-30,256347.885430528,161182.831663466,59.0416812913162
93282,"80205","CO","Denver",2013-05-31,259333.726627245,161182.831663466,60.8941373909529
93282,"80205","CO","Denver",2013-06-30,263344.487381224,161182.831663466,63.3824673902378
93282,"80205","CO","Denver",2013-07-31,267881.762123829,161182.831663466,66.1974537605472
93282,"80205","CO","Denver",2013-08-31,272106.585643231,161182.831663466,68.8185911830631
93282,"80205","CO","Denver",2013-09-30,275916.620475912,161182.831663466,71.1823881168683
93282,"80205","CO","Denver",2013-10-31,279186.637904757,161182.831663466,73.2111509789529
93282,"80205","CO","Denver",2013-11-30,281409.314843714,161182.831663466,74.5901296927641
93282,"80205","CO","Denver",2013-12-31,283777.181733918,161182.831663466,76.0591862081305
93282,"80205","CO","Denver",2014-01-31,285869.147180107,161182.831663466,77.3570697510603
93282,"80205","CO","Denver",2014-02-28,288580.62150517,161182.831663466,79.0393049476255
93282,"80205","CO","Denver",2014-03-31,290901.675,161182.831663466,80.4793178018953
93282,"80205","CO","Denver",2014-04-30,294055.524963453,161182.831663466,82.436008803601
93282,"80205","CO","Denver",2014-05-31,297832.348120667,161182.831663466,84.7792007665637
93282,"80205","CO","Denver",2014-06-30,301247.008121177,161182.831663466,86.8977018285372
93282,"80205","CO","Denver",2014-07-31,304664.461508184,161182.831663466,89.0179359451225
93282,"80205","CO","Denver",2014-08-31,307155.371464168,161182.831663466,90.5633300359679
93282,"80205","CO","Denver",2014-09-30,310421.157993114,161182.831663466,92.5894679907618
93282,"80205","CO","Denver",2014-10-31,313702.4605,161182.831663466,94.6252322672807
93282,"80205","CO","Denver",2014-11-30,317980.076390469,161182.831663466,97.2791227879535
93282,"80205","CO","Denver",2014-12-31,323383.626320794,161182.831663466,100.631557954006
93282,"80205","CO","Denver",2015-01-31,328535.692205307,161182.831663466,103.827969030386
93282,"80205","CO","Denver",2015-02-28,333856.755565015,161182.831663466,107.12922841688
93282,"80205","CO","Denver",2015-03-31,338442.0733,161182.831663466,109.974021306832
93282,"80205","CO","Denver",2015-04-30,343688.083899396,161182.831663466,113.22871694982
93282,"80205","CO","Denver",2015-05-31,349461.181162443,161182.831663466,116.810424259132
93282,"80205","CO","Denver",2015-06-30,354964.409431334,161182.831663466,120.224701209162
93282,"80205","CO","Denver",2015-07-31,360593.921009137,161182.831663466,123.717326025158
93282,"80205","CO","Denver",2015-08-31,366036.054984355,161182.831663466,127.093699252414
93282,"80205","CO","Denver",2015-09-30,371679.930957041,161182.831663466,130.595235932493
93282,"80205","CO","Denver",2015-10-31,376688.376886732,161182.831663466,133.702543254248
93282,"80205","CO","Denver",2015-11-30,380446.208381774,161182.831663466,136.033952534169
93282,"80205","CO","Denver",2015-12-31,383439.449736155,161182.831663466,137.890999791305
93282,"80205","CO","Denver",2016-01-31,385364.222691825,161182.831663466,139.085154860928
93282,"80205","CO","Denver",2016-02-29,386738.932464362,161182.831663466,139.938043322031
93282,"80205","CO","Denver",2016-03-31,388584.491465874,161182.831663466,141.083052987431
93282,"80205","CO","Denver",2016-04-30,391142.732553465,161182.831663466,142.670220219318
93282,"80205","CO","Denver",2016-05-31,394804.296985637,161182.831663466,144.941904116656
93282,"80205","CO","Denver",2016-06-30,397833.202620209,161182.831663466,146.821077973644
93282,"80205","CO","Denver",2016-07-31,400675.351865165,161182.831663466,148.584385650785
93282,"80205","CO","Denver",2016-08-31,402711.970592265,161182.831663466,149.847931343637
93282,"80205","CO","Denver",2016-09-30,404760.054536736,161182.831663466,151.118590211789
93282,"80205","CO","Denver",2016-10-31,407151.782474598,161182.831663466,152.602450442546
93282,"80205","CO","Denver",2016-11-30,410208.698296123,161182.831663466,154.499002196834
93282,"80205","CO","Denver",2016-12-31,414258.154681221,161182.831663466,157.01133948692
93282,"80205","CO","Denver",2017-01-31,416651.590974556,161182.831663466,158.496259604425
93282,"80205","CO","Denver",2017-02-28,419008.050894719,161182.831663466,159.958239081919
93282,"80205","CO","Denver",2017-03-31,421211.773683676,161182.831663466,161.325458385745
93282,"80205","CO","Denver",2017-04-30,425065.525704649,161182.831663466,163.716378052066
93282,"80205","CO","Denver",2017-05-31,428861.937175709,161182.831663466,166.071722868805
93282,"80205","CO","Denver",2017-06-30,431189.54258063,161182.831663466,167.515800616354
93282,"80205","CO","Denver",2017-07-31,432797.482420796,161182.831663466,168.513388153173
93282,"80205","CO","Denver",2017-08-31,433701.557407893,161182.831663466,169.074288453636
93282,"80205","CO","Denver",2017-09-30,435504.184100119,161182.831663466,170.19266233603
93282,"80205","CO","Denver",2017-10-31,438106.916262416,161182.831663466,171.807432429988
93282,"80205","CO","Denver",2017-11-30,441674.987736583,161182.831663466,174.02111203677
93282,"80205","CO","Denver",2017-12-31,445615.572935478,161182.831663466,176.465904176371
93282,"80205","CO","Denver",2018-01-31,449073.512462308,161182.831663466,178.611256439477
93282,"80205","CO","Denver",2018-02-28,452104.318632739,161182.831663466,180.491609414512
93282,"80205","CO","Denver",2018-03-31,455617.69326599,161182.831663466,182.671354364388
93282,"80205","CO","Denver",2018-04-30,459754.210249945,161182.831663466,185.237705222767
93282,"80205","CO","Denver",2018-05-31,464880.887049304,161182.831663466,188.41836456871
93282,"80205","CO","Denver",2018-06-30,468444.833333992,161182.831663466,190.62948485237
93282,"80205","CO","Denver",2018-07-31,470900.112005405,161182.831663466,192.152772814291
93282,"80205","CO","Denver",2018-08-31,472110.94068035,161182.831663466,192.903987234864
93282,"80205","CO","Denver",2018-09-30,473227.752442786,161182.831663466,193.596872296449
93282,"80205","CO","Denver",2018-10-31,474599.528806193,161182.831663466,194.447940831013
93282,"80205","CO","Denver",2018-11-30,475979.791526412,161182.831663466,195.30427441566
93282,"80205","CO","Denver",2018-12-31,477984.2303,161182.831663466,196.547855231868
93282,"80205","CO","Denver",2019-01-31,479517.201270748,161182.831663466,197.498931072221
93282,"80205","CO","Denver",2019-02-28,481461.6498,161182.831663466,198.705293132736
93282,"80205","CO","Denver",2019-03-31,483915.310349705,161182.831663466,200.227577190152
93282,"80205","CO","Denver",2019-04-30,486750.6175,161182.831663466,201.986639939599
93282,"80205","CO","Denver",2019-05-31,488683.559578807,161182.831663466,203.185863243259
93282,"80205","CO","Denver",2019-06-30,489603.220865096,161182.831663466,203.756433493699
93282,"80205","CO","Denver",2019-07-31,490033.332996074,161182.831663466,204.023280853644
93282,"80205","CO","Denver",2019-08-31,489992.480372926,161182.831663466,203.997935335932
93282,"80205","CO","Denver",2019-09-30,490210.832135262,161182.831663466,204.133403710623
93282,"80205","CO","Denver",2019-10-31,490991.739650537,161182.831663466,204.617889252424
93282,"80205","CO","Denver",2019-11-30,492639.444540339,161182.831663466,205.640147561698
93282,"80205","CO","Denver",2019-12-31,494435.075623913,161182.831663466,206.754181274248
93282,"80205","CO","Denver",2020-01-31,497065.061109767,161182.831663466,208.385859697261
93282,"80205","CO","Denver",2020-02-29,500936.762885039,161182.831663466,210.787915632942
93282,"80205","CO","Denver",2020-03-31,505672.657762005,161182.831663466,213.72612861015
93282,"80205","CO","Denver",2020-04-30,509987.889270579,161182.831663466,216.403356367001
93282,"80205","CO","Denver",2020-05-31,510974.8684,161182.831663466,217.015691514135
93282,"80205","CO","Denver",2020-06-30,508832.270534695,161182.831663466,215.686394936334
93282,"80205","CO","Denver",2020-07-31,506015.842106457,161182.831663466,213.939044800361
93282,"80205","CO","Denver",2020-08-31,505561.955900219,161182.831663466,213.657447683872
93282,"80205","CO","Denver",2020-09-30,509414.332352717,161182.831663466,216.047513928981
93282,"80205","CO","Denver",2020-10-31,515165.740750902,161182.831663466,219.61576517437
93282,"80205","CO","Denver",2020-11-30,521516.0678,161182.831663466,223.555593618603
93282,"80205","CO","Denver",2020-12-31,526137.081781295,161182.831663466,226.422532940617
93282,"80205","CO","Denver",2021-01-31,529905.929035343,161182.831663466,228.760776545815
93282,"80205","CO","Denver",2021-02-28,535097.766969227,161182.831663466,231.981862737379
93282,"80205","CO","Denver",2021-03-31,543397.411380866,161182.831663466,237.131073931887
93282,"80205","CO","Denver",2021-04-30,554256.81108417,161182.831663466,243.868391790886
93282,"80205","CO","Denver",2021-05-31,565639.20564709,161182.831663466,250.930182705867
93282,"80205","CO","Denver",2021-06-30,575529.905047854,161182.831663466,257.066505848157
93282,"80205","CO","Denver",2021-07-31,582477.135354456,161182.831663466,261.376661114016
93282,"80205","CO","Denver",2021-08-31,586299.681313047,161182.831663466,263.748220118868
93282,"80205","CO","Denver",2021-09-30,588114.001425458,161182.831663466,264.873848756661
93282,"80205","CO","Denver",2021-10-31,589855.0143,161182.831663466,265.953996596586
93282,"80205","CO","Denver",2021-11-30,592851.837324276,161182.831663466,267.813265969972
93282,"80205","CO","Denver",2021-12-31,597293.818960052,161182.831663466,270.569131213146
93282,"80205","CO","Denver",2022-01-31,604129.443054589,161182.831663466,274.810044481632
93282,"80205","CO","Denver",2022-02-28,613623.173238603,161182.831663466,280.700082574421
93282,"80205","CO","Denver",2022-03-31,625983.616771002,161182.831663466,288.368668245013
93282,"80205","CO","Denver",2022-04-30,638484.296184448,161182.831663466,296.124258145273
93282,"80205","CO","Denver",2022-05-31,648918.181087996,161182.831663466,302.597580890547
93282,"80205","CO","Denver",2022-06-30,654694.22576233,161182.831663466,306.181116813526
93282,"80205","CO","Denver",2022-07-31,654213.285092551,161182.831663466,305.882734743416
93282,"80205","CO","Denver",2022-08-31,647927.1986,161182.831663466,301.982762005826
93282,"80205","CO","Denver",2022-09-30,638781.514603267,161182.831663466,296.308656456031
93282,"80205","CO","Denver",2022-10-31,631586.2209,161182.831663466,291.844599317309
93282,"80205","CO","Denver",2022-11-30,626955.160721303,161182.831663466,288.971427199099
93282,"80205","CO","Denver",2022-12-31,623745.150083199,161182.831663466,286.97989335832
93282,"80205","CO","Denver",2023-01-31,620219.328187779,161182.831663466,284.792425959322
93282,"80205","CO","Denver",2023-02-28,616877.156095834,161182.831663466,282.71889737228
93282,"80205","CO","Denver",2023-03-31,614555.7728,161182.831663466,281.278679905025
93282,"80205","CO","Denver",2023-04-30,613610.119003994,161182.831663466,280.69198355142
93282,"80205","CO","Denver",2023-05-31,613582.712458517,161182.831663466,280.674980161422
93282,"80205","CO","Denver",2023-06-30,613987.195168089,161182.831663466,280.925926683082
93282,"80205","CO","Denver",2023-07-31,614409.803135615,161182.831663466,281.188118358936
93282,"80205","CO","Denver",2023-08-31,614801.00646847,161182.831663466,281.430826176398
93282,"80205","CO","Denver",2023-09-30,615305.448326554,161182.831663466,281.743788700308
93282,"80205","CO","Denver",2023-10-31,615673.221129342,161182.831663466,281.971959901293
93282,"80205","CO","Denver",2023-11-30,615709.029739006,161182.831663466,281.994176045094
93282,"80205","CO","Denver",2023-12-31,614494.712709031,161182.831663466,281.240797402069
93282,"80205","CO","Denver",2024-01-31,612900.520580943,161182.831663466,280.251739131014
93282,"80205","CO","Denver",2024-02-29,611489.704085553,161182.831663466,279.376449572673
93282,"80205","CO","Denver",2024-03-31,611523.9872,161182.831663466,279.397719278691
93282,"80205","CO","Denver",2024-04-30,612160.2074,161182.831663466,279.792438861064
93282,"80205","CO","Denver",2024-05-31,611533.943,161182.831663466,279.403895991122
93282,"80205","CO","Denver",2024-06-30,608496.677510619,161182.831663466,277.519535567598
93282,"80205","CO","Denver",2024-07-31,604554.354380348,161182.831663466,275.073665191961
93282,"80205","CO","Denver",2024-08-31,601198.507304433,161182.831663466,272.991652460653
93282,"80205","CO","Denver",2024-09-30,599209.13109699,161182.831663466,271.757416663384
93282,"80205","CO","Denver",2024-10-31,597502.731,161182.831663466,270.698743056909
93282,"80205","CO","Denver",2024-11-30,596499.815432605,161182.831663466,270.076520728982
93282,"80205","CO","Denver",2024-12-31,596532.256712326,161182.831663466,270.096647735925
93282,"80205","CO","Denver",2025-01-31,595901.293952832,161182.831663466,269.705189940463
93282,"80205","CO","Denver",2025-02-28,593800.505708239,161182.831663466,268.401832614554
93282,"80205","CO","Denver",2025-03-31,589264.355204317,161182.831663466,265.587543737068
93282,"80205","CO","Denver",2025-04-30,584241.706597572,161182.831663466,262.47142488315
93282,"80205","CO","Denver",2025-05-31,578916.724402344,161182.831663466,259.167734198309
93282,"80205","CO","Denver",2025-06-30,574380.970926206,161182.831663466,256.353691642209
93282,"80205","CO","Denver",2025-07-31,570405.1813,161182.831663466,253.887058201677
93282,"80205","CO","Denver",2025-08-31,568004.109734399,161182.831663466,252.397401058406
93282,"80205","CO","Denver",2025-09-30,567116.749199913,161182.831663466,251.846870629496
94720,"85004","AZ","Phoenix",2000-01-31,102474.521077289,102474.521077289,0
94720,"85004","AZ","Phoenix",2000-02-29,103105.165468338,102474.521077289,0.615415797428154
94720,"85004","AZ","Phoenix",2000-03-31,103658.006391162,102474.521077289,1.15490689922868
94720,"85004","AZ","Phoenix",2000-04-30,104953.697502777,102474.521077289,2.41931008744914
94720,"85004","AZ","Phoenix",2000-05-31,106182.600843087,102474.521077289,3.6185382735293
94720,"85004","AZ","Phoenix",2000-06-30,107757.666446736,102474.521077289,5.15556971031079
94720,"85004","AZ","Phoenix",2000-07-31,109269.572970841,102474.521077289,6.6309672122563
94720,"85004","AZ","Phoenix",2000-08-31,110796.038943101,102474.521077289,8.12057258558528
94720,"85004","AZ","Phoenix",2000-09-30,112115.445011059,102474.521077289,9.40811806917218
94720,"85004","AZ","Phoenix",2000-10-31,113354.746978048,102474.521077289,10.6174937793097
94720,"85004","AZ","Phoenix",2000-11-30,114390.763445716,102474.521077289,11.6284928615957
94720,"85004","AZ","Phoenix",2000-12-31,115293.616654183,102474.521077289,12.5095442673261
94720,"85004","AZ","Phoenix",2001-01-31,116426.704155622,102474.521077289,13.6152703439422
94720,"85004","AZ","Phoenix",2001-02-28,117548.099250233,102474.521077289,14.7095863581301
94720,"85004","AZ","Phoenix",2001-03-31,118653.470083696,102474.521077289,15.7882650597646
94720,"85004","AZ","Phoenix",2001-04-30,119506.558181412,102474.521077289,16.6207530662928
94720,"85004","AZ","Phoenix",2001-05-31,120449.478937882,102474.521077289,17.5409044820374
94720,"85004","AZ","Phoenix",2001-06-30,121234.289102773,102474.521077289,18.3067633088374
94720,"85004","AZ","Phoenix",2001-07-31,122018.929243532,102474.521077289,19.0724562171911
94720,"85004","AZ","Phoenix",2001-08-31,122896.437388178,102474.521077289,19.9287745833772
94720,"85004","AZ","Phoenix",2001-09-30,123728.782340715,102474.521077289,20.7410203433837
94720,"85004","AZ","Phoenix",2001-10-31,124746.863271414,102474.521077289,21.7345169901562
94720,"85004","AZ","Phoenix",2001-11-30,125799.155929675,102474.521077289,22.7613992309301
94720,"85004","AZ","Phoenix",2001-12-31,127240.588660444,102474.521077289,24.1680247175541
94720,"85004","AZ","Phoenix",2002-01-31,128365.240203838,102474.521077289,25.2655185448696
94720,"85004","AZ","Phoenix",2002-02-28,128882.988161135,102474.521077289,25.7707640945481
94720,"85004","AZ","Phoenix",2002-03-31,128892.853251152,102474.521077289,25.7803909656107
94720,"85004","AZ","Phoenix",2002-04-30,129103.027470508,102474.521077289,25.98548996695
94720,"85004","AZ","Phoenix",2002-05-31,129567.477199343,102474.521077289,26.4387243162814
94720,"85004","AZ","Phoenix",2002-06-30,130550.205955551,102474.521077289,27.3977224612602
94720,"85004","AZ","Phoenix",2002-07-31,131759.542135718,102474.521077289,28.5778559885548
94720,"85004","AZ","Phoenix",2002-08-31,133260.642203865,102474.521077289,30.0427079852911
94720,"85004","AZ","Phoenix",2002-09-30,134540.786462962,102474.521077289,31.2919397412822
94720,"85004","AZ","Phoenix",2002-10-31,135499.403666686,102474.521077289,32.2274085716282
94720,"85004","AZ","Phoenix",2002-11-30,136319.079587986,102474.521077289,33.0272912280021
94720,"85004","AZ","Phoenix",2002-12-31,137039.591232785,102474.521077289,33.7304041942537
94720,"85004","AZ","Phoenix",2003-01-31,137593.27724594,102474.521077289,34.2707199794216
94720,"85004","AZ","Phoenix",2003-02-28,138358.076237835,102474.521077289,35.0170508564574
94720,"85004","AZ","Phoenix",2003-03-31,138997.285490467,102474.521077289,35.6408246940045
94720,"85004","AZ","Phoenix",2003-04-30,139796.10820488,102474.521077289,36.4203576998831
94720,"85004","AZ","Phoenix",2003-05-31,140369.566656243,102474.521077289,36.9799684649147
94720,"85004","AZ","Phoenix",2003-06-30,140865.028303065,102474.521077289,37.4634658666235
94720,"85004","AZ","Phoenix",2003-07-31,141501.644775516,102474.521077289,38.0847095335937
94720,"85004","AZ","Phoenix",2003-08-31,142043.422384967,102474.521077289,38.6134044752777
94720,"85004","AZ","Phoenix",2003-09-30,142671.519525341,102474.521077289,39.2263345322046
94720,"85004","AZ","Phoenix",2003-10-31,142897.336396845,102474.521077289,39.4466984520646
94720,"85004","AZ","Phoenix",2003-11-30,143367.304628218,102474.521077289,39.9053180449478
94720,"85004","AZ","Phoenix",2003-12-31,144472.607850312,102474.521077289,40.9839307678705
94720,"85004","AZ","Phoenix",2004-01-31,145878.359700382,102474.521077289,42.3557369839828
94720,"85004","AZ","Phoenix",2004-02-29,147493.517867329,102474.521077289,43.9318928420123
94720,"85004","AZ","Phoenix",2004-03-31,149063.290054469,102474.521077289,45.4637586859673
94720,"85004","AZ","Phoenix",2004-04-30,150724.646281918,102474.521077289,47.0849970289073
94720,"85004","AZ","Phoenix",2004-05-31,152227.938138594,102474.521077289,48.551987887584
94720,"85004","AZ","Phoenix",2004-06-30,153586.664586098,102474.521077289,49.8779042551065
94720,"85004","AZ","Phoenix",2004-07-31,155032.861803286,102474.521077289,51.2891791768956
94720,"85004","AZ","Phoenix",2004-08-31,157094.441442438,102474.521077289,53.3009764680459
94720,"85004","AZ","Phoenix",2004-09-30,159203.16893314,102474.521077289,55.3587830999123
94720,"85004","AZ","Phoenix",2004-10-31,161767.300830451,102474.521077289,57.8609971823547
94720,"85004","AZ","Phoenix",2004-11-30,164124.106325614,102474.521077289,60.1608913125112
94720,"85004","AZ","Phoenix",2004-12-31,166701.947994204,102474.521077289,62.6764841071787
94720,"85004","AZ","Phoenix",2005-01-31,169619.863234959,102474.521077289,65.523938489087
94720,"85004","AZ","Phoenix",2005-02-28,173299.030801574,102474.521077289,69.1142627257239
94720,"85004","AZ","Phoenix",2005-03-31,177141.603699592,102474.521077289,72.8640464354905
94720,"85004","AZ","Phoenix",2005-04-30,181277.885091441,102474.521077289,76.9004462628486
94720,"85004","AZ","Phoenix",2005-05-31,185919.482241246,102474.521077289,81.4299596492093
94720,"85004","AZ","Phoenix",2005-06-30,191886.649598525,102474.521077289,87.2530338090565
94720,"85004","AZ","Phoenix",2005-07-31,198099.693180336,102474.521077289,93.3160468551233
94720,"85004","AZ","Phoenix",2005-08-31,204050.044516371,102474.521077289,99.1227110614851
94720,"85004","AZ","Phoenix",2005-09-30,210124.4772,102474.521077289,105.050460339813
94720,"85004","AZ","Phoenix",2005-10-31,216032.396680642,102474.521077289,110.815717321288
94720,"85004","AZ","Phoenix",2005-11-30,222193.650773569,102474.521077289,116.828191474039
94720,"85004","AZ","Phoenix",2005-12-31,226523.20150695,102474.521077289,121.053193638348
94720,"85004","AZ","Phoenix",2006-01-31,228782.945859078,102474.521077289,123.258370426072
94720,"85004","AZ","Phoenix",2006-02-28,231635.000434667,102474.521077289,126.041554524526
94720,"85004","AZ","Phoenix",2006-03-31,235192.50109634,102474.521077289,129.513149828679
94720,"85004","AZ","Phoenix",2006-04-30,239411.892987141,102474.521077289,133.630653229958
94720,"85004","AZ","Phoenix",2006-05-31,241643.525248773,102474.521077289,135.808396768714
94720,"85004","AZ","Phoenix",2006-06-30,242841.437910158,102474.521077289,136.977382628605
94720,"85004","AZ","Phoenix",2006-07-31,242428.51802371,102474.521077289,136.574433795952
94720,"85004","AZ","Phoenix",2006-08-31,241024.097553977,102474.521077289,135.203926810441
94720,"85004","AZ","Phoenix",2006-09-30,238690.332976444,102474.521077289,132.926517213402
94720,"85004","AZ","Phoenix",2006-10-31,238318.813363383,102474.521077289,132.563968933932
94720,"85004","AZ","Phoenix",2006-11-30,238450.447360115,102474.521077289,132.692424276147
94720,"85004","AZ","Phoenix",2006-12-31,239355.125185535,102474.521077289,133.575256238579
94720,"85004","AZ","Phoenix",2007-01-31,239933.53506347,102474.521077289,134.13969886476
94720,"85004","AZ","Phoenix",2007-02-28,240689.557967488,102474.521077289,134.877465576007
94720,"85004","AZ","Phoenix",2007-03-31,242641.575719913,102474.521077289,136.782346644885
94720,"85004","AZ","Phoenix",2007-04-30,244816.518338631,102474.521077289,138.904769463605
94720,"85004","AZ","Phoenix",2007-05-31,247097.950487049,102474.521077289,141.131110337838
94720,"85004","AZ","Phoenix",2007-06-30,247035.797939763,102474.521077289,141.07045862985
94720,"85004","AZ","Phoenix",2007-07-31,246079.287123978,102474.521077289,140.137045323079
94720,"85004","AZ","Phoenix",2007-08-31,244428.914721899,102474.521077289,138.526525571702
94720,"85004","AZ","Phoenix",2007-09-30,243049.835857716,102474.521077289,137.180748250974
94720,"85004","AZ","Phoenix",2007-10-31,240927.528786867,102474.521077289,135.109689954201
94720,"85004","AZ","Phoenix",2007-11-30,238067.02115836,102474.521077289,132.318256924375
94720,"85004","AZ","Phoenix",2007-12-31,234943.275944212,102474.521077289,129.269942883667
94720,"85004","AZ","Phoenix",2008-01-31,231843.7205,102474.521077289,126.245234486275
94720,"85004","AZ","Phoenix",2008-02-29,228085.914759974,102474.521077289,122.57817100501
94720,"85004","AZ","Phoenix",2008-03-31,224102.32047033,102474.521077289,118.690771241863
94720,"85004","AZ","Phoenix",2008-04-30,219939.781305463,102474.521077289,114.628747705567
94720,"85004","AZ","Phoenix",2008-05-31,217010.569878252,102474.521077289,111.770269913802
94720,"85004","AZ","Phoenix",2008-06-30,214590.551460545,102474.521077289,109.408689305993
94720,"85004","AZ","Phoenix",2008-07-31,209828.263413108,102474.521077289,104.761399426156
94720,"85004","AZ","Phoenix",2008-08-31,203401.744364996,102474.521077289,98.490065849232
94720,"85004","AZ","Phoenix",2008-09-30,196389.345747641,102474.521077289,91.6470003304711
94720,"85004","AZ","Phoenix",2008-10-31,192580.81296954,102474.521077289,87.9304347509861
94720,"85004","AZ","Phoenix",2008-11-30,188141.473725824,102474.521077289,83.5982952132287
94720,"85004","AZ","Phoenix",2008-12-31,183552.714007883,102474.521077289,79.1203433577823
94720,"85004","AZ","Phoenix",2009-01-31,179674.225240049,102474.521077289,75.335511062827
94720,"85004","AZ","Phoenix",2009-02-28,177782.423205727,102474.521077289,73.489391642668
94720,"85004","AZ","Phoenix",2009-03-31,179501.759304201,102474.521077289,75.167209777751
94720,"85004","AZ","Phoenix",2009-04-30,181128.861432547,102474.521077289,76.755021178322
94720,"85004","AZ","Phoenix",2009-05-31,182013.257772027,102474.521077289,77.618061405476
94720,"85004","AZ","Phoenix",2009-06-30,179110.965175826,102474.521077289,74.7858524176319
94720,"85004","AZ","Phoenix",2009-07-31,174650.305900047,102474.521077289,70.4329076769438
94720,"85004","AZ","Phoenix",2009-08-31,170152.074155519,102474.521077289,66.0432977551421
94720,"85004","AZ","Phoenix",2009-09-30,165986.720288887,102474.521077289,61.9785274855736
94720,"85004","AZ","Phoenix",2009-10-31,161415.941565724,102474.521077289,57.5181224257483
94720,"85004","AZ","Phoenix",2009-11-30,158447.551839667,102474.521077289,54.6214123998305
94720,"85004","AZ","Phoenix",2009-12-31,156745.919271976,102474.521077289,52.9608702964844
94720,"85004","AZ","Phoenix",2010-01-31,156551.018358142,102474.521077289,52.770675785903
94720,"85004","AZ","Phoenix",2010-02-28,155902.214096334,102474.521077289,52.1375386363094
94720,"85004","AZ","Phoenix",2010-03-31,155112.91544411,102474.521077289,51.3672997086945
94720,"85004","AZ","Phoenix",2010-04-30,154790.12935318,102474.521077289,51.0523081502699
94720,"85004","AZ","Phoenix",2010-05-31,154070.688434843,102474.521077289,50.3502400549291
94720,"85004","AZ","Phoenix",2010-06-30,153238.360357191,102474.521077289,49.5380107623188
94720,"85004","AZ","Phoenix",2010-07-31,150682.533789064,102474.521077289,47.0439014546995
94720,"85004","AZ","Phoenix",2010-08-31,147603.721689812,102474.521077289,44.0394354987863
94720,"85004","AZ","Phoenix",2010-09-30,143324.999059715,102474.521077289,39.8640340574176
94720,"85004","AZ","Phoenix",2010-10-31,140129.961242681,102474.521077289,36.7461489641813
94720,"85004","AZ","Phoenix",2010-11-30,137423.117230345,102474.521077289,34.104668931994
94720,"85004","AZ","Phoenix",2010-12-31,134935.994070237,102474.521077289,31.6776040050627
94720,"85004","AZ","Phoenix",2011-01-31,131615.204239586,102474.521077289,28.4370035165304
94720,"85004","AZ","Phoenix",2011-02-28,128517.911788493,102474.521077289,25.4145034662436
94720,"85004","AZ","Phoenix",2011-03-31,125878.905080144,102474.521077289,22.8392226251073
94720,"85004","AZ","Phoenix",2011-04-30,123015.684838776,102474.521077289,20.0451424857052
94720,"85004","AZ","Phoenix",2011-05-31,120012.298717535,102474.521077289,17.1142811460599
94720,"85004","AZ","Phoenix",2011-06-30,117152.821863191,102474.521077289,14.3238539996015
94720,"85004","AZ","Phoenix",2011-07-31,116784.992824275,102474.521077289,13.9649071755044
94720,"85004","AZ","Phoenix",2011-08-31,117554.22277796,102474.521077289,14.7155620169204
94720,"85004","AZ","Phoenix",2011-09-30,119190.503894512,102474.521077289,16.3123307545053
94720,"85004","AZ","Phoenix",2011-10-31,119533.263509949,102474.521077289,16.6468135233283
94720,"85004","AZ","Phoenix",2011-11-30,119259.08044921,102474.521077289,16.3792513450848
94720,"85004","AZ","Phoenix",2011-12-31,119369.49690958,102474.521077289,16.4870015050357
94720,"85004","AZ","Phoenix",2012-01-31,119644.041792989,102474.521077289,16.7549167687745
94720,"85004","AZ","Phoenix",2012-02-29,120197.115308024,102474.521077289,17.2946348462244
94720,"85004","AZ","Phoenix",2012-03-31,120357.522620049,102474.521077289,17.451168695165
94720,"85004","AZ","Phoenix",2012-04-30,121404.016117406,102474.521077289,18.4723918112673
94720,"85004","AZ","Phoenix",2012-05-31,123686.493352696,102474.521077289,20.6997525359574
94720,"85004","AZ","Phoenix",2012-06-30,127315.250958996,102474.521077289,24.2408840954435
94720,"85004","AZ","Phoenix",2012-07-31,131780.802783233,102474.521077289,28.5986032409363
94720,"85004","AZ","Phoenix",2012-08-31,136772.448334537,102474.521077289,33.4697121749699
94720,"85004","AZ","Phoenix",2012-09-30,141914.7574,102474.521077289,38.4878464501082
94720,"85004","AZ","Phoenix",2012-10-31,146273.888163577,102474.521077289,42.7417143557601
94720,"85004","AZ","Phoenix",2012-11-30,150073.792815267,102474.521077289,46.4498601579965
94720,"85004","AZ","Phoenix",2012-12-31,153188.568337867,102474.521077289,49.4894211043233
94720,"85004","AZ","Phoenix",2013-01-31,156295.818340988,102474.521077289,52.521638254943
94720,"85004","AZ","Phoenix",2013-02-28,158956.007616142,102474.521077289,55.1175901532175
94720,"85004","AZ","Phoenix",2013-03-31,161375.284750161,102474.521077289,57.4784473776143
94720,"85004","AZ","Phoenix",2013-04-30,164230.675493705,102474.521077289,60.2648870833344
94720,"85004","AZ","Phoenix",2013-05-31,167513.358501705,102474.521077289,63.4683009402517
94720,"85004","AZ","Phoenix",2013-06-30,171380.069427211,102474.521077289,67.2416398003472
94720,"85004","AZ","Phoenix",2013-07-31,174812.316190034,102474.521077289,70.591005795661
94720,"85004","AZ","Phoenix",2013-08-31,178220.98757692,102474.521077289,73.9173657054715
94720,"85004","AZ","Phoenix",2013-09-30,181869.461189636,102474.521077289,77.4777371757271
94720,"85004","AZ","Phoenix",2013-10-31,185579.7499,102474.521077289,81.0984310529546
94720,"85004","AZ","Phoenix",2013-11-30,189300.662699425,102474.521077289,84.7294924722306
94720,"85004","AZ","Phoenix",2013-12-31,192346.866695733,102474.521077289,87.7021377349588
94720,"85004","AZ","Phoenix",2014-01-31,195895.188792955,102474.521077289,91.1647761156209
94720,"85004","AZ","Phoenix",2014-02-28,198920.133847028,102474.521077289,94.1166757900699
94720,"85004","AZ","Phoenix",2014-03-31,201250.052425411,102474.521077289,96.3903322598823
94720,"85004","AZ","Phoenix",2014-04-30,202468.398290987,102474.521077289,97.5792579096607
94720,"85004","AZ","Phoenix",2014-05-31,203224.71541089,102474.521077289,98.3173117321638
94720,"85004","AZ","Phoenix",2014-06-30,203736.434384065,102474.521077289,98.8166738836486
94720,"85004","AZ","Phoenix",2014-07-31,204274.30254379,102474.521077289,99.3415537797153
94720,"85004","AZ","Phoenix",2014-08-31,204971.203213617,102474.521077289,100.021625921063
94720,"85004","AZ","Phoenix",2014-09-30,206483.737078537,102474.521077289,101.497635615004
94720,"85004","AZ","Phoenix",2014-10-31,207837.814993104,102474.521077289,102.819015700836
94720,"85004","AZ","Phoenix",2014-11-30,209693.73100444,102474.521077289,104.630115661905
94720,"85004","AZ","Phoenix",2014-12-31,211293.783135862,102474.521077289,106.191530259993
94720,"85004","AZ","Phoenix",2015-01-31,212979.083755978,102474.521077289,107.836134794271
94720,"85004","AZ","Phoenix",2015-02-28,214144.351239923,102474.521077289,108.973263781745
94720,"85004","AZ","Phoenix",2015-03-31,214924.702560659,102474.521077289,109.734771435093
94720,"85004","AZ","Phoenix",2015-04-30,215554.232340101,102474.521077289,110.34909953619
94720,"85004","AZ","Phoenix",2015-05-31,216245.997793257,102474.521077289,111.024160464393
94720,"85004","AZ","Phoenix",2015-06-30,217443.144184278,102474.521077289,112.192398557566
94720,"85004","AZ","Phoenix",2015-07-31,219156.664997209,102474.521077289,113.864541832711
94720,"85004","AZ","Phoenix",2015-08-31,221480.555059134,102474.521077289,116.1323153607
94720,"85004","AZ","Phoenix",2015-09-30,224011.877022354,102474.521077289,118.602511792564
94720,"85004","AZ","Phoenix",2015-10-31,226689.722448451,102474.521077289,121.215693486847
94720,"85004","AZ","Phoenix",2015-11-30,228987.751855367,102474.521077289,123.458230834432
94720,"85004","AZ","Phoenix",2015-12-31,231240.514342124,102474.521077289,125.656594352577
94720,"85004","AZ","Phoenix",2016-01-31,234294.042564162,102474.521077289,128.636386978038
94720,"85004","AZ","Phoenix",2016-02-29,237845.013761315,102474.521077289,132.101610489036
94720,"85004","AZ","Phoenix",2016-03-31,240594.941280194,102474.521077289,134.785133661401
94720,"85004","AZ","Phoenix",2016-04-30,242252.0097,102474.521077289,136.402187737269
94720,"85004","AZ","Phoenix",2016-05-31,243164.687265833,102474.521077289,137.292826265011
94720,"85004","AZ","Phoenix",2016-06-30,244289.036796459,102474.521077289,138.390025372462
94720,"85004","AZ","Phoenix",2016-07-31,245137.051711457,102474.521077289,139.217562701823
94720,"85004","AZ","Phoenix",2016-08-31,245796.923554274,102474.521077289,139.861500176114
94720,"85004","AZ","Phoenix",2016-09-30,246583.623247632,102474.521077289,140.629202903667
94720,"85004","AZ","Phoenix",2016-10-31,247654.612653157,102474.521077289,141.674330408794
94720,"85004","AZ","Phoenix",2016-11-30,248970.205123533,102474.521077289,142.958154384301
94720,"85004","AZ","Phoenix",2016-12-31,250429.859544024,102474.521077289,144.382561549268
94720,"85004","AZ","Phoenix",2017-01-31,251029.702697878,102474.521077289,144.967919887661
94720,"85004","AZ","Phoenix",2017-02-28,251698.846844957,102474.521077289,145.620905761657
94720,"85004","AZ","Phoenix",2017-03-31,252236.867340467,102474.521077289,146.145934314953
94720,"85004","AZ","Phoenix",2017-04-30,253974.352877408,102474.521077289,147.841463621824
94720,"85004","AZ","Phoenix",2017-05-31,255683.148370283,102474.521077289,149.508995682389
94720,"85004","AZ","Phoenix",2017-06-30,257859.789424149,102474.521077289,151.633075923003
94720,"85004","AZ","Phoenix",2017-07-31,259749.001237232,102474.521077289,153.476667669734
94720,"85004","AZ","Phoenix",2017-08-31,261938.373633538,102474.521077289,155.613171820512
94720,"85004","AZ","Phoenix",2017-09-30,264335.276813586,102474.521077289,157.952195369829
94720,"85004","AZ","Phoenix",2017-10-31,266984.851103474,102474.521077289,160.537788610015
94720,"85004","AZ","Phoenix",2017-11-30,269019.958590988,102474.521077289,162.523752990351
94720,"85004","AZ","Phoenix",2017-12-31,270698.673746826,102474.521077289,164.161931083979
94720,"85004","AZ","Phoenix",2018-01-31,272703.299249023,102474.521077289,166.118149547966
94720,"85004","AZ","Phoenix",2018-02-28,274641.278405059,102474.521077289,168.009331019871
94720,"85004","AZ","Phoenix",2018-03-31,276179.687941041,102474.521077289,169.510591547667
94720,"85004","AZ","Phoenix",2018-04-30,276683.268990823,102474.521077289,170.00201228766
94720,"85004","AZ","Phoenix",2018-05-31,277113.513271964,102474.521077289,170.421867171213
94720,"85004","AZ","Phoenix",2018-06-30,277384.9812,102474.521077289,170.686779780887
94720,"85004","AZ","Phoenix",2018-07-31,277568.418284889,102474.521077289,170.865787287299
94720,"85004","AZ","Phoenix",2018-08-31,277872.426212267,102474.521077289,171.162454131098
94720,"85004","AZ","Phoenix",2018-09-30,278538.521120078,102474.521077289,171.812464397854
94720,"85004","AZ","Phoenix",2018-10-31,279911.837273818,102474.521077289,173.152618164178
94720,"85004","AZ","Phoenix",2018-11-30,281491.129656695,102474.521077289,174.693774313311
94720,"85004","AZ","Phoenix",2018-12-31,283113.64201653,102474.521077289,176.277106777594
94720,"85004","AZ","Phoenix",2019-01-31,284347.330094518,102474.521077289,177.481004161079
94720,"85004","AZ","Phoenix",2019-02-28,284916.937280106,102474.521077289,178.036856659436
94720,"85004","AZ","Phoenix",2019-03-31,285165.559949512,102474.521077289,178.279475670281
94720,"85004","AZ","Phoenix",2019-04-30,285192.945598401,102474.521077289,178.306200019516
94720,"85004","AZ","Phoenix",2019-05-31,285104.065456526,102474.521077289,178.219466126113
94720,"85004","AZ","Phoenix",2019-06-30,285074.40761345,102474.521077289,178.190524450892
94720,"85004","AZ","Phoenix",2019-07-31,284651.917122307,102474.521077289,177.778236121362
94720,"85004","AZ","Phoenix",2019-08-31,284513.692937063,102474.521077289,177.643349728343
94720,"85004","AZ","Phoenix",2019-09-30,284407.942582092,102474.521077289,177.540152998211
94720,"85004","AZ","Phoenix",2019-10-31,285685.233028516,102474.521077289,178.786599854459
94720,"85004","AZ","Phoenix",2019-11-30,288238.710635782,102474.521077289,181.278416923154
94720,"85004","AZ","Phoenix",2019-12-31,291371.184706391,102474.521077289,184.335249038764
94720,"85004","AZ","Phoenix",2020-01-31,295389.662719637,102474.521077289,188.256690164812
94720,"85004","AZ","Phoenix",2020-02-29,299079.678910335,102474.521077289,191.857601056521
94720,"85004","AZ","Phoenix",2020-03-31,302898.575441788,102474.521077289,195.584280128847
94720,"85004","AZ","Phoenix",2020-04-30,305832.411479876,102474.521077289,198.447270857903
94720,"85004","AZ","Phoenix",2020-05-31,308199.382449264,102474.521077289,200.757084989752
94720,"85004","AZ","Phoenix",2020-06-30,309124.277899753,102474.521077289,201.659646368684
94720,"85004","AZ","Phoenix",2020-07-31,309228.3003,102474.521077289,201.761156870176
94720,"85004","AZ","Phoenix",2020-08-31,309589.546348097,102474.521077289,202.113679667354
94720,"85004","AZ","Phoenix",2020-09-30,311692.363108785,102474.521077289,204.165718299574
94720,"85004","AZ","Phoenix",2020-10-31,314947.204371906,102474.521077289,207.341962724923
94720,"85004","AZ","Phoenix",2020-11-30,318971.75887447,102474.521077289,211.269333607222
94720,"85004","AZ","Phoenix",2020-12-31,323410.797245787,102474.521077289,215.601179537948
94720,"85004","AZ","Phoenix",2021-01-31,326813.170127575,102474.521077289,218.921393036892
94720,"85004","AZ","Phoenix",2021-02-28,330334.443464082,102474.521077289,222.35763582143
94720,"85004","AZ","Phoenix",2021-03-31,334812.091969323,102474.521077289,226.727159541247
94720,"85004","AZ","Phoenix",2021-04-30,341249.779548244,102474.521077289,233.009391954965
94720,"85004","AZ","Phoenix",2021-05-31,349327.471000309,102474.521077289,240.892025966959
94720,"85004","AZ","Phoenix",2021-06-30,358831.696790177,102474.521077289,250.166746834109
94720,"85004","AZ","Phoenix",2021-07-31,368281.389498369,102474.521077289,259.388251466529
94720,"85004","AZ","Phoenix",2021-08-31,376668.659178785,102474.521077289,267.572988113495
94720,"85004","AZ","Phoenix",2021-09-30,382460.886479743,102474.521077289,273.225346612042
94720,"85004","AZ","Phoenix",2021-10-31,387475.1187,102474.521077289,278.118496799566
94720,"85004","AZ","Phoenix",2021-11-30,392177.002935826,102474.521077289,282.706841479196
94720,"85004","AZ","Phoenix",2021-12-31,397107.040972318,102474.521077289,287.51783057645
94720,"85004","AZ","Phoenix",2022-01-31,402653.122473439,102474.521077289,292.929987123088
94720,"85004","AZ","Phoenix",2022-02-28,409323.059807362,102474.521077289,299.438861001008
94720,"85004","AZ","Phoenix",2022-03-31,417727.130282852,102474.521077289,307.639992742967
94720,"85004","AZ","Phoenix",2022-04-30,426981.028050738,102474.521077289,316.670430426991
94720,"85004","AZ","Phoenix",2022-05-31,436675.7746,102474.521077289,326.131071420814
94720,"85004","AZ","Phoenix",2022-06-30,445438.36592026,102474.521077289,334.682066563939
94720,"85004","AZ","Phoenix",2022-07-31,451211.1031,102474.521077289,340.315405582314
94720,"85004","AZ","Phoenix",2022-08-31,452639.5101,102474.521077289,341.709319879238
94720,"85004","AZ","Phoenix",2022-09-30,450050.252398773,102474.521077289,339.18258672254
94720,"85004","AZ","Phoenix",2022-10-31,446345.416561069,102474.521077289,335.567214043793
94720,"85004","AZ","Phoenix",2022-11-30,442260.3627,102474.521077289,331.580804721629
94720,"85004","AZ","Phoenix",2022-12-31,437965.979401605,102474.521077289,327.390120780636
94720,"85004","AZ","Phoenix",2023-01-31,432907.119918828,102474.521077289,322.453420975071
94720,"85004","AZ","Phoenix",2023-02-28,428134.437460273,102474.521077289,317.795987684941
94720,"85004","AZ","Phoenix",2023-03-31,424545.768814281,102474.521077289,314.293977030716
94720,"85004","AZ","Phoenix",2023-04-30,422703.634409063,102474.521077289,312.496325882068
94720,"85004","AZ","Phoenix",2023-05-31,422088.277097086,102474.521077289,311.895828016347
94720,"85004","AZ","Phoenix",2023-06-30,423375.958097305,102474.521077289,313.15241451871
94720,"85004","AZ","Phoenix",2023-07-31,426134.914719983,102474.521077289,315.844748763042
94720,"85004","AZ","Phoenix",2023-08-31,429870.529175525,102474.521077289,319.490156827671
94720,"85004","AZ","Phoenix",2023-09-30,433835.779522482,102474.521077289,323.359655611633
94720,"85004","AZ","Phoenix",2023-10-31,437144.958674531,102474.521077289,326.588925792416
94720,"85004","AZ","Phoenix",2023-11-30,439880.152751356,102474.521077289,329.258071301047
94720,"85004","AZ","Phoenix",2023-12-31,440382.867329315,102474.521077289,329.748646492493
94720,"85004","AZ","Phoenix",2024-01-31,439835.648674755,102474.521077289,329.21464189427
94720,"85004","AZ","Phoenix",2024-02-29,439052.024905135,102474.521077289,328.449940814058
94720,"85004","AZ","Phoenix",2024-03-31,439386.6945,102474.521077289,328.776528917468
94720,"85004","AZ","Phoenix",2024-04-30,439652.932613449,102474.521077289,329.0363380004
94720,"85004","AZ","Phoenix",2024-05-31,439855.414867165,102474.521077289,329.233930779158
94720,"85004","AZ","Phoenix",2024-06-30,438364.569651988,102474.521077289,327.77908600457
94720,"85004","AZ","Phoenix",2024-07-31,436633.105538459,102474.521077289,326.089432717756
94720,"85004","AZ","Phoenix",2024-08-31,434276.304929359,102474.521077289,323.789543355675
94720,"85004","AZ","Phoenix",2024-09-30,433178.633765597,102474.521077289,322.718378394647
94720,"85004","AZ","Phoenix",2024-10-31,432634.022788542,102474.521077289,322.186918504588
94720,"85004","AZ","Phoenix",2024-11-30,432275.708541014,102474.521077289,321.837256711821
94720,"85004","AZ","Phoenix",2024-12-31,431898.523479383,102474.521077289,321.469179791172
94720,"85004","AZ","Phoenix",2025-01-31,431779.5881657,102474.521077289,321.35311648838
94720,"85004","AZ","Phoenix",2025-02-28,431410.621828005,102474.521077289,320.993059828621
94720,"85004","AZ","Phoenix",2025-03-31,430481.743910369,102474.521077289,320.08661214985
94720,"85004","AZ","Phoenix",2025-04-30,429432.431388547,102474.521077289,319.06263808216
94720,"85004","AZ","Phoenix",2025-05-31,427982.31,102474.521077289,317.647533748612
94720,"85004","AZ","Phoenix",2025-06-30,426295.613535506,102474.521077289,316.001567076348
94720,"85004","AZ","Phoenix",2025-07-31,423765.300940093,102474.521077289,313.53235563841
94720,"85004","AZ","Phoenix",2025-08-31,421827.506400833,102474.521077289,311.641354325216
94720,"85004","AZ","Phoenix",2025-09-30,420561.159471986,102474.521077289,310.405586726077
95993,"90012","CA","Los Angeles",2000-01-31,163150.388423079,163150.388423079,0
95993,"90012","CA","Los Angeles",2000-02-29,163697.993630276,163150.388423079,0.335644439765329
95993,"90012","CA","Los Angeles",2000-03-31,164913.730585073,163150.388423079,1.08080782340603
95993,"90012","CA","Los Angeles",2000-04-30,167064.817309775,163150.388423079,2.39927647401356
95993,"90012","CA","Los Angeles",2000-05-31,169576.351090575,163150.388423079,3.93867445220682
95993,"90012","CA","Los Angeles",2000-06-30,171499.266212828,163150.388423079,5.1172895574718
95993,"90012","CA","Los Angeles",2000-07-31,173221.359929411,163150.388423079,6.17281491247011
95993,"90012","CA","Los Angeles",2000-08-31,174765.417421346,163150.388423079,7.11921627066407
95993,"90012","CA","Los Angeles",2000-09-30,176506.555350077,163150.388423079,8.18641442174425
95993,"90012","CA","Los Angeles",2000-10-31,177854.369390032,163150.388423079,9.01253200134753
95993,"90012","CA","Los Angeles",2000-11-30,179401.454835548,163150.388423079,9.96078928744386
95993,"90012","CA","Los Angeles",2000-12-31,180550.311622644,163150.388423079,10.6649597146189
95993,"90012","CA","Los Angeles",2001-01-31,181397.341691416,163150.388423079,11.1841310613491
95993,"90012","CA","Los Angeles",2001-02-28,181339.774315173,163150.388423079,11.148846207418
95993,"90012","CA","Los Angeles",2001-03-31,181577.950349747,163150.388423079,11.2948317835949
95993,"90012","CA","Los Angeles",2001-04-30,182671.077506271,163150.388423079,11.9648437689108
95993,"90012","CA","Los Angeles",2001-05-31,184479.24282903,163150.388423079,13.0731251160996
95993,"90012","CA","Los Angeles",2001-06-30,186482.44012324,163150.388423079,14.300947687392
95993,"90012","CA","Los Angeles",2001-07-31,188491.138177074,163150.388423079,15.5321418471174
95993,"90012","CA","Los Angeles",2001-08-31,190454.630741645,163150.388423079,16.7356281419086
95993,"90012","CA","Los Angeles",2001-09-30,192115.17079344,163150.388423079,17.7534253214585
95993,"90012","CA","Los Angeles",2001-10-31,193274.861105433,163150.388423079,18.464235956482
95993,"90012","CA","Los Angeles",2001-11-30,194054.282641472,163150.388423079,18.9419679089294
95993,"90012","CA","Los Angeles",2001-12-31,195169.999243161,163150.388423079,19.6258256750514
95993,"90012","CA","Los Angeles",2002-01-31,196635.785419354,163150.388423079,20.5242520841824
95993,"90012","CA","Los Angeles",2002-02-28,199433.914759454,163150.388423079,22.2393134868213
95993,"90012","CA","Los Angeles",2002-03-31,202625.190016347,163150.388423079,24.1953463763157
95993,"90012","CA","Los Angeles",2002-04-30,206227.162788991,163150.388423079,26.4031086792182
95993,"90012","CA","Los Angeles",2002-05-31,209874.476937614,163150.388423079,28.6386621362931
95993,"90012","CA","Los Angeles",2002-06-30,213072.667037933,163150.388423079,30.598933350619
95993,"90012","CA","Los Angeles",2002-07-31,216581.239768019,163150.388423079,32.7494478323794
95993,"90012","CA","Los Angeles",2002-08-31,220375.34911531,163150.388423079,35.0749766796977
95993,"90012","CA","Los Angeles",2002-09-30,225143.290349845,163150.388423079,37.9973976929846
95993,"90012","CA","Los Angeles",2002-10-31,230486.426558099,163150.388423079,41.2723737809351
95993,"90012","CA","Los Angeles",2002-11-30,235181.214198919,163150.388423079,44.1499566578116
95993,"90012","CA","Los Angeles",2002-12-31,238698.476574162,163150.388423079,46.305797296157
95993,"90012","CA","Los Angeles",2003-01-31,240572.05208901,163150.388423079,47.4541706055656
95993,"90012","CA","Los Angeles",2003-02-28,241747.579053834,163150.388423079,48.1746880227695
95993,"90012","CA","Los Angeles",2003-03-31,244104.962946083,163150.388423079,49.6196026901719
95993,"90012","CA","Los Angeles",2003-04-30,247305.85404353,163150.388423079,51.5815294305157
95993,"90012","CA","Los Angeles",2003-05-31,251140.653337063,163150.388423079,53.9319984245512
95993,"90012","CA","Los Angeles",2003-06-30,254486.343227233,163150.388423079,55.9826768951992
95993,"90012","CA","Los Angeles",2003-07-31,258467.335293938,163150.388423079,58.4227520339607
95993,"90012","CA","Los Angeles",2003-08-31,262716.981865993,163150.388423079,61.0274939614115
95993,"90012","CA","Los Angeles",2003-09-30,267289.371979325,163150.388423079,63.8300555473974
95993,"90012","CA","Los Angeles",2003-10-31,270911.695337862,163150.388423079,66.0502913639033
95993,"90012","CA","Los Angeles",2003-11-30,275196.894363108,163150.388423079,68.6768245071367
95993,"90012","CA","Los Angeles",2003-12-31,280020.900719343,163150.388423079,71.6336095953371
95993,"90012","CA","Los Angeles",2004-01-31,285872.35041977,163150.388423079,75.220146996188
95993,"90012","CA","Los Angeles",2004-02-29,291828.604249426,163150.388423079,78.8709221412706
95993,"90012","CA","Los Angeles",2004-03-31,297411.358888916,163150.388423079,82.292767895639
95993,"90012","CA","Los Angeles",2004-04-30,303792.55988617,163150.388423079,86.2040065135369
95993,"90012","CA","Los Angeles",2004-05-31,312585.918806411,163150.388423079,91.593732523528
95993,"90012","CA","Los Angeles",2004-06-30,322526.290252956,163150.388423079,97.6864985553001
95993,"90012","CA","Los Angeles",2004-07-31,333132.733092945,163150.388423079,104.18752067514
95993,"90012","CA","Los Angeles",2004-08-31,343468.560167458,163150.388423079,110.522673888328
95993,"90012","CA","Los Angeles",2004-09-30,354696.923121534,163150.388423079,117.404890389681
95993,"90012","CA","Los Angeles",2004-10-31,365342.914904002,163150.388423079,123.930153299176
95993,"90012","CA","Los Angeles",2004-11-30,372536.948032381,163150.388423079,128.339602273165
95993,"90012","CA","Los Angeles",2004-12-31,378365.36753981,163150.388423079,131.912023745012
95993,"90012","CA","Los Angeles",2005-01-31,382433.279,163150.388423079,134.405374511448
95993,"90012","CA","Los Angeles",2005-02-28,388407.322369016,163150.388423079,138.067053424234
95993,"90012","CA","Los Angeles",2005-03-31,395951.519069414,163150.388423079,142.691128655262
95993,"90012","CA","Los Angeles",2005-04-30,406148.356605223,163150.388423079,148.941090812487
95993,"90012","CA","Los Angeles",2005-05-31,416473.817017796,163150.388423079,155.269889972804
95993,"90012","CA","Los Angeles",2005-06-30,424772.230501318,163150.388423079,160.356248371169
95993,"90012","CA","Los Angeles",2005-07-31,431595.641712658,163150.388423079,164.538531525559
95993,"90012","CA","Los Angeles",2005-08-31,438406.276981128,163150.388423079,168.712983903085
95993,"90012","CA","Los Angeles",2005-09-30,447071.647618525,163150.388423079,174.024261872541
95993,"90012","CA","Los Angeles",2005-10-31,458570.735166616,163150.388423079,181.072413984978
95993,"90012","CA","Los Angeles",2005-11-30,470057.202806065,163150.388423079,188.112830958833
95993,"90012","CA","Los Angeles",2005-12-31,478380.443857822,163150.388423079,193.214406953966
95993,"90012","CA","Los Angeles",2006-01-31,483443.33743283,163150.388423079,196.317613525488
95993,"90012","CA","Los Angeles",2006-02-28,486277.404814367,163150.388423079,198.054702483062
95993,"90012","CA","Los Angeles",2006-03-31,491285.559968296,163150.388423079,201.124358156171
95993,"90012","CA","Los Angeles",2006-04-30,495905.674240928,163150.388423079,203.956171379105
95993,"90012","CA","Los Angeles",2006-05-31,500796.735116372,163150.388423079,206.95405628929
95993,"90012","CA","Los Angeles",2006-06-30,504929.694566397,163150.388423079,209.487277012803
95993,"90012","CA","Los Angeles",2006-07-31,508164.61252649,163150.388423079,211.470059886542
95993,"90012","CA","Los Angeles",2006-08-31,510791.718775362,163150.388423079,213.080295862236
95993,"90012","CA","Los Angeles",2006-09-30,510632.824128801,163150.388423079,212.982904340158
95993,"90012","CA","Los Angeles",2006-10-31,510116.719405092,163150.388423079,212.666567536613
95993,"90012","CA","Los Angeles",2006-11-30,510107.41469766,163150.388423079,212.660864389031
95993,"90012","CA","Los Angeles",2006-12-31,512454.81990947,163150.388423079,214.099662809616
95993,"90012","CA","Los Angeles",2007-01-31,514747.858593248,163150.388423079,215.505138276725
95993,"90012","CA","Los Angeles",2007-02-28,516272.363149641,163150.388423079,216.439555026282
95993,"90012","CA","Los Angeles",2007-03-31,515932.822969002,163150.388423079,216.231440179654
95993,"90012","CA","Los Angeles",2007-04-30,516723.3071,163150.388423079,216.71595274419
95993,"90012","CA","Los Angeles",2007-05-31,516421.91468676,163150.388423079,216.531219862979
95993,"90012","CA","Los Angeles",2007-06-30,514307.499957524,163150.388423079,215.235228630796
95993,"90012","CA","Los Angeles",2007-07-31,508439.537146135,163150.388423079,211.638569825319
95993,"90012","CA","Los Angeles",2007-08-31,500507.727470918,163150.388423079,206.776914421442
95993,"90012","CA","Los Angeles",2007-09-30,493054.906034645,163150.388423079,202.208845961227
95993,"90012","CA","Los Angeles",2007-10-31,486115.100215924,163150.388423079,197.955220894319
95993,"90012","CA","Los Angeles",2007-11-30,480384.154798728,163150.388423079,194.442544355459
95993,"90012","CA","Los Angeles",2007-12-31,474612.647414361,163150.388423079,190.905006112277
95993,"90012","CA","Los Angeles",2008-01-31,470125.897074832,163150.388423079,188.154935834851
95993,"90012","CA","Los Angeles",2008-02-29,464975.23146735,163150.388423079,184.997931026425
95993,"90012","CA","Los Angeles",2008-03-31,457313.7248,163150.388423079,180.301952830233
95993,"90012","CA","Los Angeles",2008-04-30,447123.946734645,163150.388423079,174.05631764429
95993,"90012","CA","Los Angeles",2008-05-31,435657.158742126,163150.388423079,167.027962944463
95993,"90012","CA","Los Angeles",2008-06-30,425155.40098835,163150.388423079,160.59110560365
95993,"90012","CA","Los Angeles",2008-07-31,414924.246356567,163150.388423079,154.320109419901
95993,"90012","CA","Los Angeles",2008-08-31,405824.810278216,163150.388423079,148.742779101351
95993,"90012","CA","Los Angeles",2008-09-30,399064.132462317,163150.388423079,144.598947216399
95993,"90012","CA","Los Angeles",2008-10-31,392893.627097748,163150.388423079,140.8168505728
95993,"90012","CA","Los Angeles",2008-11-30,386857.3119,163150.388423079,137.117003299317
95993,"90012","CA","Los Angeles",2008-12-31,378878.836537516,163150.388423079,132.226745029263
95993,"90012","CA","Los Angeles",2009-01-31,371280.873478899,163150.388423079,127.569714707696
95993,"90012","CA","Los Angeles",2009-02-28,365498.472215905,163150.388423079,124.025499263968
95993,"90012","CA","Los Angeles",2009-03-31,360737.602335134,163150.388423079,121.107412505617
95993,"90012","CA","Los Angeles",2009-04-30,357147.960294881,163150.388423079,118.907208096086
95993,"90012","CA","Los Angeles",2009-05-31,352876.8475,163150.388423079,116.289308846097
95993,"90012","CA","Los Angeles",2009-06-30,345763.330529464,163150.388423079,111.929210755439
95993,"90012","CA","Los Angeles",2009-07-31,337187.634919946,163150.388423079,106.672897428572
95993,"90012","CA","Los Angeles",2009-08-31,330333.094131554,163150.388423079,102.471533978172
95993,"90012","CA","Los Angeles",2009-09-30,326591.754295417,163150.388423079,100.178349222501
95993,"90012","CA","Los Angeles",2009-10-31,324601.7099,163150.388423079,98.958588476203
95993,"90012","CA","Los Angeles",2009-11-30,322902.748285662,163150.388423079,97.9172415135883
95993,"90012","CA","Los Angeles",2009-12-31,323052.320939933,163150.388423079,98.0089192936513
95993,"90012","CA","Los Angeles",2010-01-31,323088.663224321,163150.388423079,98.031194621795
95993,"90012","CA","Los Angeles",2010-02-28,322555.371454145,163150.388423079,97.7043233373741
95993,"90012","CA","Los Angeles",2010-03-31,323039.177489433,163150.388423079,98.0008632598127
95993,"90012","CA","Los Angeles",2010-04-30,323353.149174279,163150.388423079,98.1933063718885
95993,"90012","CA","Los Angeles",2010-05-31,324040.821669272,163150.388423079,98.614802453902
95993,"90012","CA","Los Angeles",2010-06-30,322534.824267304,163150.388423079,97.6917293208717
95993,"90012","CA","Los Angeles",2010-07-31,320854.124263402,163150.388423079,96.661575473157
95993,"90012","CA","Los Angeles",2010-08-31,317273.617330491,163150.388423079,94.4669702579825
95993,"90012","CA","Los Angeles",2010-09-30,312712.646336202,163150.388423079,91.6714078088993
95993,"90012","CA","Los Angeles",2010-10-31,308619.868711441,163150.388423079,89.1628157887881
95993,"90012","CA","Los Angeles",2010-11-30,305037.190150773,163150.388423079,86.9668795147188
95993,"90012","CA","Los Angeles",2010-12-31,303396.10917013,163150.388423079,85.9610094113713
95993,"90012","CA","Los Angeles",2011-01-31,302247.999880592,163150.388423079,85.2572971489396
95993,"90012","CA","Los Angeles",2011-02-28,302422.442749551,163150.388423079,85.3642186651219
95993,"90012","CA","Los Angeles",2011-03-31,301030.175032585,163150.388423079,84.5108540299389
95993,"90012","CA","Los Angeles",2011-04-30,299758.536784169,163150.388423079,83.7314269867626
95993,"90012","CA","Los Angeles",2011-05-31,296609.931270616,163150.388423079,81.8015477238412
95993,"90012","CA","Los Angeles",2011-06-30,295279.17770162,163150.388423079,80.9858870430067
95993,"90012","CA","Los Angeles",2011-07-31,293886.357380509,163150.388423079,80.1321836993778
95993,"90012","CA","Los Angeles",2011-08-31,291304.088498134,163150.388423079,78.549429954607
95993,"90012","CA","Los Angeles",2011-09-30,287356.13610318,163150.388423079,76.1296058689199
95993,"90012","CA","Los Angeles",2011-10-31,283040.913067939,163150.388423079,73.4846700664676
95993,"90012","CA","Los Angeles",2011-11-30,281136.340034458,163150.388423079,72.3172974038042
95993,"90012","CA","Los Angeles",2011-12-31,280583.591467289,163150.388423079,71.978500437084
95993,"90012","CA","Los Angeles",2012-01-31,280338.068366933,163150.388423079,71.8280116134112
95993,"90012","CA","Los Angeles",2012-02-29,279450.188403346,163150.388423079,71.283802082457
95993,"90012","CA","Los Angeles",2012-03-31,276948.829211669,163150.388423079,69.7506404296694
95993,"90012","CA","Los Angeles",2012-04-30,273817.980972641,163150.388423079,67.8316451583193
95993,"90012","CA","Los Angeles",2012-05-31,271211.118908239,163150.388423079,66.2338174794526
95993,"90012","CA","Los Angeles",2012-06-30,270772.487307789,163150.388423079,65.9649663877147
95993,"90012","CA","Los Angeles",2012-07-31,272067.683050437,163150.388423079,66.7588325593903
95993,"90012","CA","Los Angeles",2012-08-31,276256.298670142,163150.388423079,69.3261666982728
95993,"90012","CA","Los Angeles",2012-09-30,281801.261609657,163150.388423079,72.724848732137
95993,"90012","CA","Los Angeles",2012-10-31,288647.737948667,163150.388423079,76.9212692280885
95993,"90012","CA","Los Angeles",2012-11-30,295792.230287282,163150.388423079,81.3003530952304
95993,"90012","CA","Los Angeles",2012-12-31,303268.990603655,163150.388423079,85.8830944473284
95993,"90012","CA","Los Angeles",2013-01-31,309663.5902,163150.388423079,89.8025454876551
95993,"90012","CA","Los Angeles",2013-02-28,313593.628804877,163150.388423079,92.2113896484707
95993,"90012","CA","Los Angeles",2013-03-31,315455.391783806,163150.388423079,93.3525226834104
95993,"90012","CA","Los Angeles",2013-04-30,317831.339323496,163150.388423079,94.8088155936846
95993,"90012","CA","Los Angeles",2013-05-31,322821.47289129,163150.388423079,97.8674252703311
95993,"90012","CA","Los Angeles",2013-06-30,330534.406151793,163150.388423079,102.594924441526
95993,"90012","CA","Los Angeles",2013-07-31,338546.149137644,163150.388423079,107.505573483363
95993,"90012","CA","Los Angeles",2013-08-31,347166.436569464,163150.388423079,112.7892185394
95993,"90012","CA","Los Angeles",2013-09-30,355444.53693357,163150.388423079,117.863126388543
95993,"90012","CA","Los Angeles",2013-10-31,364475.0505,163150.388423079,123.398211933673
95993,"90012","CA","Los Angeles",2013-11-30,372386.839505735,163150.388423079,128.247596040083
95993,"90012","CA","Los Angeles",2013-12-31,378858.239358366,163150.388423079,132.214120370904
95993,"90012","CA","Los Angeles",2014-01-31,382183.072170657,163150.388423079,134.252014883095
95993,"90012","CA","Los Angeles",2014-02-28,384189.456653532,163150.388423079,135.481790982476
95993,"90012","CA","Los Angeles",2014-03-31,385719.62551837,163150.388423079,136.419679564678
95993,"90012","CA","Los Angeles",2014-04-30,389026.171955228,163150.388423079,138.446365782723
95993,"90012","CA","Los Angeles",2014-05-31,393428.937627275,163150.388423079,141.144959218266
95993,"90012","CA","Los Angeles",2014-06-30,397828.302129344,163150.388423079,143.841467969848
95993,"90012","CA","Los Angeles",2014-07-31,402159.28446571,163150.388423079,146.496063143189
95993,"90012","CA","Los Angeles",2014-08-31,407475.039721269,163150.388423079,149.754256584797
95993,"90012","CA","Los Angeles",2014-09-30,414654.134207604,163150.388423079,154.154549195636
95993,"90012","CA","Los Angeles",2014-10-31,422927.027754689,163150.388423079,159.225265623004
95993,"90012","CA","Los Angeles",2014-11-30,429785.504586224,163150.388423079,163.429041597935
95993,"90012","CA","Los Angeles",2014-12-31,436478.902212369,163150.388423079,167.531635340334
95993,"90012","CA","Los Angeles",2015-01-31,441058.721893755,163150.388423079,170.338750742051
95993,"90012","CA","Los Angeles",2015-02-28,444448.839492697,163150.388423079,172.416660351528
95993,"90012","CA","Los Angeles",2015-03-31,445747.047475887,163150.388423079,173.21237282009
95993,"90012","CA","Los Angeles",2015-04-30,446706.368345557,163150.388423079,173.800370727384
95993,"90012","CA","Los Angeles",2015-05-31,448270.3251,163150.388423079,174.758968968896
95993,"90012","CA","Los Angeles",2015-06-30,450530.605135217,163150.388423079,176.144365630873
95993,"90012","CA","Los Angeles",2015-07-31,450966.0484,163150.388423079,176.411262491489
95993,"90012","CA","Los Angeles",2015-08-31,450010.415257571,163150.388423079,175.825524908106
95993,"90012","CA","Los Angeles",2015-09-30,447242.10047254,163150.388423079,174.12873778318
95993,"90012","CA","Los Angeles",2015-10-31,445372.0875,163150.388423079,172.982548067902
95993,"90012","CA","Los Angeles",2015-11-30,443238.976657425,163150.388423079,171.675097400336
95993,"90012","CA","Los Angeles",2015-12-31,441670.644613696,163150.388423079,170.713817406529
95993,"90012","CA","Los Angeles",2016-01-31,444098.069690499,163150.388423079,172.201662516961
95993,"90012","CA","Los Angeles",2016-02-29,451277.315758052,163150.388423079,176.602048036691
95993,"90012","CA","Los Angeles",2016-03-31,461420.024301231,163150.388423079,182.818832833351
95993,"90012","CA","Los Angeles",2016-04-30,470822.2235,163150.388423079,188.581736182615
95993,"90012","CA","Los Angeles",2016-05-31,477162.07840529,163150.388423079,192.467632481463
95993,"90012","CA","Los Angeles",2016-06-30,482080.026703621,163150.388423079,195.481997538063
95993,"90012","CA","Los Angeles",2016-07-31,480882.728821193,163150.388423079,194.748136041317
95993,"90012","CA","Los Angeles",2016-08-31,476391.092463522,163150.388423079,191.99507096983
95993,"90012","CA","Los Angeles",2016-09-30,470061.496284912,163150.388423079,188.11546256694
95993,"90012","CA","Los Angeles",2016-10-31,466969.267535301,163150.388423079,186.220138394255
95993,"90012","CA","Los Angeles",2016-11-30,467466.180899884,163150.388423079,186.524712210711
95993,"90012","CA","Los Angeles",2016-12-31,469411.031036791,163150.388423079,187.716771975757
95993,"90012","CA","Los Angeles",2017-01-31,476704.794310815,163150.388423079,192.18734868999
95993,"90012","CA","Los Angeles",2017-02-28,487050.76854362,163150.388423079,198.528721415366
95993,"90012","CA","Los Angeles",2017-03-31,499278.929162955,163150.388423079,206.023745323997
95993,"90012","CA","Los Angeles",2017-04-30,509044.219900926,163150.388423079,212.009198887643
95993,"90012","CA","Los Angeles",2017-05-31,516466.820488652,163150.388423079,216.558744040106
95993,"90012","CA","Los Angeles",2017-06-30,523221.160143578,163150.388423079,220.698691067023
95993,"90012","CA","Los Angeles",2017-07-31,523442.304310684,163150.388423079,220.834237276409
95993,"90012","CA","Los Angeles",2017-08-31,519741.138665813,163150.388423079,218.565676545023
95993,"90012","CA","Los Angeles",2017-09-30,513784.526747756,163150.388423079,214.914681916306
95993,"90012","CA","Los Angeles",2017-10-31,512314.4825,163150.388423079,214.013645601306
95993,"90012","CA","Los Angeles",2017-11-30,513277.55600086,163150.388423079,214.603943614181
95993,"90012","CA","Los Angeles",2017-12-31,514455.043033366,163150.388423079,215.325662418461
95993,"90012","CA","Los Angeles",2018-01-31,519407.41955243,163150.388423079,218.361129613441
95993,"90012","CA","Los Angeles",2018-02-28,528953.389713738,163150.388423079,224.212154703588
95993,"90012","CA","Los Angeles",2018-03-31,542161.985312355,163150.388423079,232.308118020798
95993,"90012","CA","Los Angeles",2018-04-30,553167.906891718,163150.388423079,239.053993213459
95993,"90012","CA","Los Angeles",2018-05-31,561101.062654104,163150.388423079,243.916473676462
95993,"90012","CA","Los Angeles",2018-06-30,565232.2898,163150.388423079,246.448632616338
95993,"90012","CA","Los Angeles",2018-07-31,570752.207401222,163150.388423079,249.831963575323
95993,"90012","CA","Los Angeles",2018-08-31,577493.574804581,163150.388423079,253.963959501607
95993,"90012","CA","Los Angeles",2018-09-30,586592.409925841,163150.388423079,259.54092147467
95993,"90012","CA","Los Angeles",2018-10-31,595210.021920984,163150.388423079,264.822926671493
95993,"90012","CA","Los Angeles",2018-11-30,601089.842219619,163150.388423079,268.42685330352
95993,"90012","CA","Los Angeles",2018-12-31,605266.649828821,163150.388423079,270.986949941703
95993,"90012","CA","Los Angeles",2019-01-31,604080.841061311,163150.388423079,270.260130484531
95993,"90012","CA","Los Angeles",2019-02-28,598893.278171047,163150.388423079,267.080510172006
95993,"90012","CA","Los Angeles",2019-03-31,591135.6154,163150.388423079,262.325594878191
95993,"90012","CA","Los Angeles",2019-04-30,584940.424200763,163150.388423079,258.528367510782
95993,"90012","CA","Los Angeles",2019-05-31,581329.6342,163150.388423079,256.315200851687
95993,"90012","CA","Los Angeles",2019-06-30,579126.186703797,163150.388423079,254.96463863881
95993,"90012","CA","Los Angeles",2019-07-31,579589.851538874,163150.388423079,255.24883338671
95993,"90012","CA","Los Angeles",2019-08-31,583734.138333195,163150.388423079,257.7889969955
95993,"90012","CA","Los Angeles",2019-09-30,589862.299419869,163150.388423079,261.545139500525
95993,"90012","CA","Los Angeles",2019-10-31,595655.818982977,163150.388423079,265.096169699782
95993,"90012","CA","Los Angeles",2019-11-30,600269.967150711,163150.388423079,267.924326109541
95993,"90012","CA","Los Angeles",2019-12-31,604972.433729158,163150.388423079,270.806615648597
95993,"90012","CA","Los Angeles",2020-01-31,606893.971038403,163150.388423079,271.984386248972
95993,"90012","CA","Los Angeles",2020-02-29,605343.629793668,163150.388423079,271.034133381222
95993,"90012","CA","Los Angeles",2020-03-31,600867.631483176,163150.388423079,268.29065336027
95993,"90012","CA","Los Angeles",2020-04-30,597493.23684843,163150.388423079,266.222380849638
95993,"90012","CA","Los Angeles",2020-05-31,593525.273017248,163150.388423079,263.790291125835
95993,"90012","CA","Los Angeles",2020-06-30,589706.792732515,163150.388423079,261.449824565111
95993,"90012","CA","Los Angeles",2020-07-31,587937.171091739,163150.388423079,260.365167851829
95993,"90012","CA","Los Angeles",2020-08-31,591149.686405785,163150.388423079,262.334219439813
95993,"90012","CA","Los Angeles",2020-09-30,598611.9419,163150.388423079,266.908070330602
95993,"90012","CA","Los Angeles",2020-10-31,607262.008986857,163150.388423079,272.209968273024
95993,"90012","CA","Los Angeles",2020-11-30,616475.204114108,163150.388423079,277.857025087477
95993,"90012","CA","Los Angeles",2020-12-31,624847.2306,163150.388423079,282.988503208253
95993,"90012","CA","Los Angeles",2021-01-31,628910.708616388,163150.388423079,285.479136577663
95993,"90012","CA","Los Angeles",2021-02-28,629593.687089916,163150.388423079,285.897755546413
95993,"90012","CA","Los Angeles",2021-03-31,627194.171185944,163150.388423079,284.427016845044
95993,"90012","CA","Los Angeles",2021-04-30,626462.6701,163150.388423079,283.978656842341
95993,"90012","CA","Los Angeles",2021-05-31,626428.900961529,163150.388423079,283.957958676191
95993,"90012","CA","Los Angeles",2021-06-30,627441.96728245,163150.388423079,284.578898859486
95993,"90012","CA","Los Angeles",2021-07-31,632485.749731245,163150.388423079,287.670391621192
95993,"90012","CA","Los Angeles",2021-08-31,639888.928120857,163150.388423079,292.208032298096
95993,"90012","CA","Los Angeles",2021-09-30,648739.022802401,163150.388423079,297.632533439088
95993,"90012","CA","Los Angeles",2021-10-31,655509.29785171,163150.388423079,301.782247769987
95993,"90012","CA","Los Angeles",2021-11-30,661223.475683034,163150.388423079,305.284646928551
95993,"90012","CA","Los Angeles",2021-12-31,667029.086605783,163150.388423079,308.843088302097
95993,"90012","CA","Los Angeles",2022-01-31,669911.704,163150.388423079,310.609935088108
95993,"90012","CA","Los Angeles",2022-02-28,669541.407187597,163150.388423079,310.382968535357
95993,"90012","CA","Los Angeles",2022-03-31,667889.157523806,163150.388423079,309.370252795137
95993,"90012","CA","Los Angeles",2022-04-30,666391.479517673,163150.388423079,308.452278881248
95993,"90012","CA","Los Angeles",2022-05-31,666604.409849224,163150.388423079,308.582790572706
95993,"90012","CA","Los Angeles",2022-06-30,666966.0284,163150.388423079,308.804437946194
95993,"90012","CA","Los Angeles",2022-07-31,669575.954002491,163150.388423079,310.404143363826
95993,"90012","CA","Los Angeles",2022-08-31,671340.012373574,163150.388423079,311.485390174289
95993,"90012","CA","Los Angeles",2022-09-30,671302.863895766,163150.388423079,311.462620704864
95993,"90012","CA","Los Angeles",2022-10-31,670250.225584886,163150.388423079,310.81742560539
95993,"90012","CA","Los Angeles",2022-11-30,670420.034444775,163150.388423079,310.921506791791
95993,"90012","CA","Los Angeles",2022-12-31,670220.034258773,163150.388423079,310.798920392865
95993,"90012","CA","Los Angeles",2023-01-31,666989.801396759,163150.388423079,308.819009162965
95993,"90012","CA","Los Angeles",2023-02-28,659539.546933739,163150.388423079,304.252514081322
95993,"90012","CA","Los Angeles",2023-03-31,652050.658778864,163150.388423079,299.662339195894
95993,"90012","CA","Los Angeles",2023-04-30,646571.166118629,163150.388423079,296.303785953578
95993,"90012","CA","Los Angeles",2023-05-31,644754.134242055,163150.388423079,295.190070016928
95993,"90012","CA","Los Angeles",2023-06-30,645638.774510484,163150.388423079,295.732293836914
95993,"90012","CA","Los Angeles",2023-07-31,649907.890973447,163150.388423079,298.348969472335
95993,"90012","CA","Los Angeles",2023-08-31,656079.194773288,163150.388423079,302.131555502004
95993,"90012","CA","Los Angeles",2023-09-30,662454.898508709,163150.388423079,306.039424675375
95993,"90012","CA","Los Angeles",2023-10-31,667906.958586256,163150.388423079,309.381163625704
95993,"90012","CA","Los Angeles",2023-11-30,671997.17144557,163150.388423079,311.888183620476
95993,"90012","CA","Los Angeles",2023-12-31,673995.639182408,163150.388423079,313.113107297431
95993,"90012","CA","Los Angeles",2024-01-31,672158.884982831,163150.388423079,311.987302929246
95993,"90012","CA","Los Angeles",2024-02-29,668099.215709891,163150.388423079,309.499004058383
95993,"90012","CA","Los Angeles",2024-03-31,665019.171328545,163150.388423079,307.611148067897
95993,"90012","CA","Los Angeles",2024-04-30,663370.62870722,163150.388423079,306.600704490497
95993,"90012","CA","Los Angeles",2024-05-31,662682.916322833,163150.388423079,306.17918395902
95993,"90012","CA","Los Angeles",2024-06-30,659685.266000974,163150.388423079,304.341829876794
95993,"90012","CA","Los Angeles",2024-07-31,657910.405350835,163150.388423079,303.25396201004
95993,"90012","CA","Los Angeles",2024-08-31,656691.387637279,163150.388423079,302.506787746259
95993,"90012","CA","Los Angeles",2024-09-30,657730.480218068,163150.388423079,303.143680242092
95993,"90012","CA","Los Angeles",2024-10-31,658283.65154463,163150.388423079,303.482736331329
95993,"90012","CA","Los Angeles",2024-11-30,658491.0611,163150.388423079,303.609864165577
95993,"90012","CA","Los Angeles",2024-12-31,657458.738396154,163150.388423079,302.977121140064
95993,"90012","CA","Los Angeles",2025-01-31,652643.257363624,163150.388423079,300.025561490667
95993,"90012","CA","Los Angeles",2025-02-28,646592.70343977,163150.388423079,296.316986854507
95993,"90012","CA","Los Angeles",2025-03-31,638930.301364235,163150.388423079,291.620459834501
95993,"90012","CA","Los Angeles",2025-04-30,633239.593951707,163150.388423079,288.132446433165
95993,"90012","CA","Los Angeles",2025-05-31,627234.942504727,163150.388423079,284.452006867548
95993,"90012","CA","Los Angeles",2025-06-30,621176.925218519,163150.388423079,280.738857702069
95993,"90012","CA","Los Angeles",2025-07-31,614875.145877686,163150.388423079,276.876299113185
95993,"90012","CA","Los Angeles",2025-08-31,609807.955036811,163150.388423079,273.770458612374
95993,"90012","CA","Los Angeles",2025-09-30,606789.079477953,163150.388423079,271.920094915397
96643,"92101","CA","San Diego",2000-01-31,273574.38710271,273574.38710271,0
96643,"92101","CA","San Diego",2000-02-29,275405.704076375,273574.38710271,0.66940366496311
96643,"92101","CA","San Diego",2000-03-31,276902.758309363,273574.38710271,1.21662383745133
96643,"92101","CA","San Diego",2000-04-30,280690.114872565,273574.38710271,2.60102118667427
96643,"92101","CA","San Diego",2000-05-31,284779.09584601,273574.38710271,4.09567169718031
96643,"92101","CA","San Diego",2000-06-30,289974.24,273574.38710271,5.9946594675668
96643,"92101","CA","San Diego",2000-07-31,296381.16055181,273574.38710271,8.3365894339145
96643,"92101","CA","San Diego",2000-08-31,303878.042878922,273574.38710271,11.0769345395024
96643,"92101","CA","San Diego",2000-09-30,311438.994918829,273574.38710271,13.8406991301798
96643,"92101","CA","San Diego",2000-10-31,317715.497011964,273574.38710271,16.1349570684342
96643,"92101","CA","San Diego",2000-11-30,322801.589885885,273574.38710271,17.9940831831944
96643,"92101","CA","San Diego",2000-12-31,327288.933698771,273574.38710271,19.6343477782863
96643,"92101","CA","San Diego",2001-01-31,331188.46539719,273574.38710271,21.0597486499532
96643,"92101","CA","San Diego",2001-02-28,335860.246395427,273574.38710271,22.7674308082552
96643,"92101","CA","San Diego",2001-03-31,340883.949144861,273574.38710271,24.6037513800154
96643,"92101","CA","San Diego",2001-04-30,346781.00359093,273574.38710271,26.7593093284482
96643,"92101","CA","San Diego",2001-05-31,351834.180229081,273574.38710271,28.6064035289204
96643,"92101","CA","San Diego",2001-06-30,355951.587829629,273574.38710271,30.1114448612444
96643,"92101","CA","San Diego",2001-07-31,358994.566551281,273574.38710271,31.2237488140664
96643,"92101","CA","San Diego",2001-08-31,361367.361762749,273574.38710271,32.0910797205146
96643,"92101","CA","San Diego",2001-09-30,364026.814173187,273574.38710271,33.0631928041271
96643,"92101","CA","San Diego",2001-10-31,366694.258323805,273574.38710271,34.0382271188767
96643,"92101","CA","San Diego",2001-11-30,369572.004863452,273574.38710271,35.0901335382327
96643,"92101","CA","San Diego",2001-12-31,371292.864596276,273574.38710271,35.7191616249074
96643,"92101","CA","San Diego",2002-01-31,373615.322684466,273574.38710271,36.5680927374963
96643,"92101","CA","San Diego",2002-02-28,376136.038057554,273574.38710271,37.48949309218
96643,"92101","CA","San Diego",2002-03-31,379663.656190865,273574.38710271,38.7789479167599
96643,"92101","CA","San Diego",2002-04-30,382605.351458266,273574.38710271,39.8542295973865
96643,"92101","CA","San Diego",2002-05-31,385472.90715622,273574.38710271,40.9024109451809
96643,"92101","CA","San Diego",2002-06-30,388107.183770907,273574.38710271,41.8653214875697
96643,"92101","CA","San Diego",2002-07-31,392394.405510444,273574.38710271,43.4324352020299
96643,"92101","CA","San Diego",2002-08-31,397048.66520449,273574.38710271,45.1337127753204
96643,"92101","CA","San Diego",2002-09-30,402095.147675948,273574.38710271,46.9783600483721
96643,"92101","CA","San Diego",2002-10-31,406865.415468634,273574.38710271,48.7220422121908
96643,"92101","CA","San Diego",2002-11-30,411364.746053504,273574.38710271,50.3666883475694
96643,"92101","CA","San Diego",2002-12-31,416542.746913748,273574.38710271,52.2594097075918
96643,"92101","CA","San Diego",2003-01-31,419984.324678373,273574.38710271,53.5174140847826
96643,"92101","CA","San Diego",2003-02-28,422883.952122409,273574.38710271,54.5773186594558
96643,"92101","CA","San Diego",2003-03-31,425649.10858012,273574.38710271,55.5880698803561
96643,"92101","CA","San Diego",2003-04-30,429221.770607048,273574.38710271,56.8939896577024
96643,"92101","CA","San Diego",2003-05-31,433596.806297142,273574.38710271,58.4932021192298
96643,"92101","CA","San Diego",2003-06-30,437312.231931394,273574.38710271,59.8513064628419
96643,"92101","CA","San Diego",2003-07-31,442412.86634304,273574.38710271,61.715747964718
96643,"92101","CA","San Diego",2003-08-31,447312.204109508,273574.38710271,63.5066092432004
96643,"92101","CA","San Diego",2003-09-30,453462.002047334,273574.38710271,65.7545528474815
96643,"92101","CA","San Diego",2003-10-31,458784.465464502,273574.38710271,67.7000797930173
96643,"92101","CA","San Diego",2003-11-30,464189.573504969,273574.38710271,69.6758159347335
96643,"92101","CA","San Diego",2003-12-31,467395.698323535,273574.38710271,70.847754891637
96643,"92101","CA","San Diego",2004-01-31,471908.002732642,273574.38710271,72.4971433657901
96643,"92101","CA","San Diego",2004-02-29,478794.844107207,273574.38710271,75.0144994119828
96643,"92101","CA","San Diego",2004-03-31,487830.68720654,273574.38710271,78.3173828416149
96643,"92101","CA","San Diego",2004-04-30,496713.379920539,273574.38710271,81.564285012564
96643,"92101","CA","San Diego",2004-05-31,505851.093147533,273574.38710271,84.9044051618831
96643,"92101","CA","San Diego",2004-06-30,519936.986920121,273574.38710271,90.0532401539908
96643,"92101","CA","San Diego",2004-07-31,535490.165250643,273574.38710271,95.7384135707124
96643,"92101","CA","San Diego",2004-08-31,551481.918431628,273574.38710271,101.583899820484
96643,"92101","CA","San Diego",2004-09-30,564530.628795092,273574.38710271,106.353611817888
96643,"92101","CA","San Diego",2004-10-31,576160.15016466,273574.38710271,110.604565824486
96643,"92101","CA","San Diego",2004-11-30,584764.8461,273574.38710271,113.749851472923
96643,"92101","CA","San Diego",2004-12-31,592397.587165091,273574.38710271,116.539857198943
96643,"92101","CA","San Diego",2005-01-31,598072.3003462,273574.38710271,118.61414245686
96643,"92101","CA","San Diego",2005-02-28,602897.17,273574.38710271,120.377783309682
96643,"92101","CA","San Diego",2005-03-31,609690.749824351,273574.38710271,122.86104934065
96643,"92101","CA","San Diego",2005-04-30,617982.402220919,273574.38710271,125.891907778964
96643,"92101","CA","San Diego",2005-05-31,626651.568887383,273574.38710271,129.060759497239
96643,"92101","CA","San Diego",2005-06-30,630796.601581971,273574.38710271,130.575898665962
96643,"92101","CA","San Diego",2005-07-31,632758.1574,273574.38710271,131.292908704366
96643,"92101","CA","San Diego",2005-08-31,634741.0675722,273574.38710271,132.017724427505
96643,"92101","CA","San Diego",2005-09-30,636886.761956787,273574.38710271,132.802042874605
96643,"92101","CA","San Diego",2005-10-31,638626.444967972,273574.38710271,133.437951458595
96643,"92101","CA","San Diego",2005-11-30,639936.648012283,273574.38710271,133.916871674112
96643,"92101","CA","San Diego",2005-12-31,640610.090159563,273574.38710271,134.163035854323
96643,"92101","CA","San Diego",2006-01-31,642920.5423,273574.38710271,135.007578417282
96643,"92101","CA","San Diego",2006-02-28,643670.742555163,273574.38710271,135.281800088071
96643,"92101","CA","San Diego",2006-03-31,645001.67773153,273574.38710271,135.768298546667
96643,"92101","CA","San Diego",2006-04-30,644701.192540226,273574.38710271,135.658461805557
96643,"92101","CA","San Diego",2006-05-31,645685.3281,273574.38710271,136.01819415119
96643,"92101","CA","San Diego",2006-06-30,644357.107211628,273574.38710271,135.5326878498
96643,"92101","CA","San Diego",2006-07-31,640955.045086949,273574.38710271,134.289127675652
96643,"92101","CA","San Diego",2006-08-31,636128.139565962,273574.38710271,132.524742649661
96643,"92101","CA","San Diego",2006-09-30,632779.21069026,273574.38710271,131.300604340819
96643,"92101","CA","San Diego",2006-10-31,630580.255953192,273574.38710271,130.496817568104
96643,"92101","CA","San Diego",2006-11-30,629876.7389,273574.38710271,130.239660068587
96643,"92101","CA","San Diego",2006-12-31,628138.476252518,273574.38710271,129.604270671981
96643,"92101","CA","San Diego",2007-01-31,626790.806022212,273574.38710271,129.111655027447
96643,"92101","CA","San Diego",2007-02-28,624493.4216,273574.38710271,128.271889124453
96643,"92101","CA","San Diego",2007-03-31,619699.575496628,273574.38710271,126.519588350196
96643,"92101","CA","San Diego",2007-04-30,613876.767718265,273574.38710271,124.39116988236
96643,"92101","CA","San Diego",2007-05-31,607712.2358,273574.38710271,122.137840547128
96643,"92101","CA","San Diego",2007-06-30,603006.507064625,273574.38710271,120.417749428507
96643,"92101","CA","San Diego",2007-07-31,597726.821343069,273574.38710271,118.487859069446
96643,"92101","CA","San Diego",2007-08-31,593686.945004887,273574.38710271,117.011157839859
96643,"92101","CA","San Diego",2007-09-30,589180.041580483,273574.38710271,115.363743594638
96643,"92101","CA","San Diego",2007-10-31,585027.022016085,273574.38710271,113.84568497505
96643,"92101","CA","San Diego",2007-11-30,579438.167403284,273574.38710271,111.802783710795
96643,"92101","CA","San Diego",2007-12-31,574707.881312095,273574.38710271,110.073716110101
96643,"92101","CA","San Diego",2008-01-31,568995.7429,273574.38710271,107.985750759035
96643,"92101","CA","San Diego",2008-02-29,562476.5333,273574.38710271,105.602775631487
96643,"92101","CA","San Diego",2008-03-31,555158.846360536,273574.38710271,102.927932048006
96643,"92101","CA","San Diego",2008-04-30,549376.698330162,273574.38710271,100.814375990508
96643,"92101","CA","San Diego",2008-05-31,542390.174984952,273574.38710271,98.2605830644956
96643,"92101","CA","San Diego",2008-06-30,535571.276512354,273574.38710271,95.7680622752455
96643,"92101","CA","San Diego",2008-07-31,527864.922567289,273574.38710271,92.9511487378787
96643,"92101","CA","San Diego",2008-08-31,521774.733464257,273574.38710271,90.7249940281741
96643,"92101","CA","San Diego",2008-09-30,513446.341939568,273574.38710271,87.6807062887807
96643,"92101","CA","San Diego",2008-10-31,505350.875759916,273574.38710271,84.7215600523995
96643,"92101","CA","San Diego",2008-11-30,497099.944323606,273574.38710271,81.705586399423
96643,"92101","CA","San Diego",2008-12-31,492406.2505033,273574.38710271,79.9898944188929
96643,"92101","CA","San Diego",2009-01-31,489342.830943537,273574.38710271,78.8701187000449
96643,"92101","CA","San Diego",2009-02-28,487817.839114193,273574.38710271,78.3126864617809
96643,"92101","CA","San Diego",2009-03-31,487208.969573287,273574.38710271,78.0901255899997
96643,"92101","CA","San Diego",2009-04-30,483023.746585086,273574.38710271,76.560295611205
96643,"92101","CA","San Diego",2009-05-31,479154.535155911,273574.38710271,75.1459777468202
96643,"92101","CA","San Diego",2009-06-30,469056.81721945,273574.38710271,71.454945832831
96643,"92101","CA","San Diego",2009-07-31,460966.641234834,273574.38710271,68.4977333282925
96643,"92101","CA","San Diego",2009-08-31,451941.361921516,273574.38710271,65.1987112930425
96643,"92101","CA","San Diego",2009-09-30,449198.794460383,273574.38710271,64.1962170573146
96643,"92101","CA","San Diego",2009-10-31,448273.522364507,273574.38710271,63.8580011498699
96643,"92101","CA","San Diego",2009-11-30,449920.9657,273574.38710271,64.4601932457528
96643,"92101","CA","San Diego",2009-12-31,451464.250404556,273574.38710271,65.0243121023829
96643,"92101","CA","San Diego",2010-01-31,452955.359402013,273574.38710271,65.5693591052286
96643,"92101","CA","San Diego",2010-02-28,452800.228833793,273574.38710271,65.5126540277311
96643,"92101","CA","San Diego",2010-03-31,452027.106756768,273574.38710271,65.230053713713
96643,"92101","CA","San Diego",2010-04-30,452534.483241727,273574.38710271,65.4155156973191
96643,"92101","CA","San Diego",2010-05-31,451494.05415493,273574.38710271,65.0352063058532
96643,"92101","CA","San Diego",2010-06-30,449904.785542899,273574.38710271,64.4542788919743
96643,"92101","CA","San Diego",2010-07-31,445934.66026248,273574.38710271,63.0030738568593
96643,"92101","CA","San Diego",2010-08-31,441579.277193314,273574.38710271,61.4110450433101
96643,"92101","CA","San Diego",2010-09-30,436079.232226846,273574.38710271,59.400606484088
96643,"92101","CA","San Diego",2010-10-31,429757.196796671,273574.38710271,57.089704686179
96643,"92101","CA","San Diego",2010-11-30,424443.114552625,273574.38710271,55.1472413217082
96643,"92101","CA","San Diego",2010-12-31,421469.48617097,273574.38710271,54.0602870884749
96643,"92101","CA","San Diego",2011-01-31,419219.637248698,273574.38710271,53.2378968983335
96643,"92101","CA","San Diego",2011-02-28,417136.36079079,273574.38710271,52.4763941568048
96643,"92101","CA","San Diego",2011-03-31,413722.560934575,273574.38710271,51.2285434744479
96643,"92101","CA","San Diego",2011-04-30,411162.891110177,273574.38710271,50.2929040487301
96643,"92101","CA","San Diego",2011-05-31,409008.957965975,273574.38710271,49.5055740771591
96643,"92101","CA","San Diego",2011-06-30,408196.079184194,273574.38710271,49.208441443366
96643,"92101","CA","San Diego",2011-07-31,407098.459114559,273574.38710271,48.8072269578801
96643,"92101","CA","San Diego",2011-08-31,404477.230576401,273574.38710271,47.8490858958029
96643,"92101","CA","San Diego",2011-09-30,401309.897,273574.38710271,46.6913263518832
96643,"92101","CA","San Diego",2011-10-31,398721.004882722,273574.38710271,45.7450052636062
96643,"92101","CA","San Diego",2011-11-30,397553.0077,273574.38710271,45.3180657408343
96643,"92101","CA","San Diego",2011-12-31,396647.503246144,273574.38710271,44.9870755251765
96643,"92101","CA","San Diego",2012-01-31,397740.163653369,273574.38710271,45.3864770988388
96643,"92101","CA","San Diego",2012-02-29,399528.87898606,273574.38710271,46.0403085308064
96643,"92101","CA","San Diego",2012-03-31,400768.615292795,273574.38710271,46.4934709484818
96643,"92101","CA","San Diego",2012-04-30,400661.037895792,273574.38710271,46.4541480432414
96643,"92101","CA","San Diego",2012-05-31,401376.0502,273574.38710271,46.7155074167485
96643,"92101","CA","San Diego",2012-06-30,405004.354895767,273574.38710271,48.0417663308935
96643,"92101","CA","San Diego",2012-07-31,407747.747813472,273574.38710271,49.0445622968312
96643,"92101","CA","San Diego",2012-08-31,411149.697734917,273574.38710271,50.2880814571856
96643,"92101","CA","San Diego",2012-09-30,415285.448448838,273574.38710271,51.7998277714959
96643,"92101","CA","San Diego",2012-10-31,421332.291200155,273574.38710271,54.0101380331235
96643,"92101","CA","San Diego",2012-11-30,427734.830150086,273574.38710271,56.3504663868621
96643,"92101","CA","San Diego",2012-12-31,434124.478502584,273574.38710271,58.6860828238273
96643,"92101","CA","San Diego",2013-01-31,442158.743737268,273574.38710271,61.6228581995382
96643,"92101","CA","San Diego",2013-02-28,451207.361598695,273574.38710271,64.9304112045022
96643,"92101","CA","San Diego",2013-03-31,460056.170078138,273574.38710271,68.1649276273136
96643,"92101","CA","San Diego",2013-04-30,468926.169217756,273574.38710271,71.4071898995808
96643,"92101","CA","San Diego",2013-05-31,478563.380146251,273574.38710271,74.9298920905855
96643,"92101","CA","San Diego",2013-06-30,489091.339073583,273574.38710271,78.7781905511355
96643,"92101","CA","San Diego",2013-07-31,496621.467561404,273574.38710271,81.530688168902
96643,"92101","CA","San Diego",2013-08-31,501730.184860574,273574.38710271,83.3980842191218
96643,"92101","CA","San Diego",2013-09-30,505996.410113701,273574.38710271,84.9575230607141
96643,"92101","CA","San Diego",2013-10-31,511695.356524118,273574.38710271,87.0406663223226
96643,"92101","CA","San Diego",2013-11-30,516886.062839733,273574.38710271,88.9380319239007
96643,"92101","CA","San Diego",2013-12-31,520857.391611513,273574.38710271,90.3896768727712
96643,"92101","CA","San Diego",2014-01-31,523776.505485847,273574.38710271,91.4567043475464
96643,"92101","CA","San Diego",2014-02-28,527319.920193488,273574.38710271,92.751933314398
96643,"92101","CA","San Diego",2014-03-31,530415.853700226,273574.38710271,93.8835938983898
96643,"92101","CA","San Diego",2014-04-30,534307.2937373,273574.38710271,95.3060370146062
96643,"92101","CA","San Diego",2014-05-31,537450.6493,273574.38710271,96.4550318441258
96643,"92101","CA","San Diego",2014-06-30,540608.125791311,273574.38710271,97.6091883149672
96643,"92101","CA","San Diego",2014-07-31,539732.425519638,273574.38710271,97.2890924606197
96643,"92101","CA","San Diego",2014-08-31,537712.2979,273574.38710271,96.5506725957221
96643,"92101","CA","San Diego",2014-09-30,535950.738751916,273574.38710271,95.9067675990811
96643,"92101","CA","San Diego",2014-10-31,537350.725312307,273574.38710271,96.4185064995016
96643,"92101","CA","San Diego",2014-11-30,539515.441103656,273574.38710271,97.2097778660482
96643,"92101","CA","San Diego",2014-12-31,542301.47591708,273574.38710271,98.2281607793497
96643,"92101","CA","San Diego",2015-01-31,544709.677326304,273574.38710271,99.1084337591154
96643,"92101","CA","San Diego",2015-02-28,547131.018885426,273574.38710271,99.9935098748895
96643,"92101","CA","San Diego",2015-03-31,548863.704580794,273574.38710271,100.626860720968
96643,"92101","CA","San Diego",2015-04-30,550907.825331355,273574.38710271,101.374050826083
96643,"92101","CA","San Diego",2015-05-31,553658.199856384,273574.38710271,102.379398787987
96643,"92101","CA","San Diego",2015-06-30,556612.173370998,273574.38710271,103.459168552218
96643,"92101","CA","San Diego",2015-07-31,558352.510315151,273574.38710271,104.095316169173
96643,"92101","CA","San Diego",2015-08-31,559942.612047654,273574.38710271,104.676548114656
96643,"92101","CA","San Diego",2015-09-30,561698.026394411,273574.38710271,105.318206994111
96643,"92101","CA","San Diego",2015-10-31,566139.446143318,273574.38710271,106.941684906624
96643,"92101","CA","San Diego",2015-11-30,571015.356587464,273574.38710271,108.72398276564
96643,"92101","CA","San Diego",2015-12-31,575735.133273944,273574.38710271,110.44920885002
96643,"92101","CA","San Diego",2016-01-31,579305.59944108,273574.38710271,111.754325971893
96643,"92101","CA","San Diego",2016-02-29,582517.633515273,273574.38710271,112.928424946658
96643,"92101","CA","San Diego",2016-03-31,585049.350909341,273574.38710271,113.853846884318
96643,"92101","CA","San Diego",2016-04-30,587597.24203239,273574.38710271,114.785180826078
96643,"92101","CA","San Diego",2016-05-31,590065.514828342,273574.38710271,115.687411777628
96643,"92101","CA","San Diego",2016-06-30,593100.010604246,273574.38710271,116.796614948305
96643,"92101","CA","San Diego",2016-07-31,594674.19476185,273574.38710271,117.372028522022
96643,"92101","CA","San Diego",2016-08-31,595301.011620561,273574.38710271,117.601149700123
96643,"92101","CA","San Diego",2016-09-30,595214.396543744,273574.38710271,117.569489178926
96643,"92101","CA","San Diego",2016-10-31,597246.19645324,273574.38710271,118.312175631051
96643,"92101","CA","San Diego",2016-11-30,601712.510942357,273574.38710271,119.944753350193
96643,"92101","CA","San Diego",2016-12-31,607645.276243213,273574.38710271,122.113364733622
96643,"92101","CA","San Diego",2017-01-31,612803.1551,273574.38710271,123.998730871663
96643,"92101","CA","San Diego",2017-02-28,616839.800865969,273574.38710271,125.474251226006
96643,"92101","CA","San Diego",2017-03-31,619797.27149963,273574.38710271,126.555299296691
96643,"92101","CA","San Diego",2017-04-30,622636.885635296,273574.38710271,127.593267129037
96643,"92101","CA","San Diego",2017-05-31,624200.019710462,273574.38710271,128.164641551811
96643,"92101","CA","San Diego",2017-06-30,626363.316351247,273574.38710271,128.955394174414
96643,"92101","CA","San Diego",2017-07-31,627896.055673582,273574.38710271,129.515658363825
96643,"92101","CA","San Diego",2017-08-31,630442.643699926,273574.38710271,130.446515982958
96643,"92101","CA","San Diego",2017-09-30,632649.852629378,273574.38710271,131.253319921305
96643,"92101","CA","San Diego",2017-10-31,636173.792252708,273574.38710271,132.541430135368
96643,"92101","CA","San Diego",2017-11-30,639408.3162731,273574.38710271,133.723749889292
96643,"92101","CA","San Diego",2017-12-31,642756.123171735,273574.38710271,134.947478080403
96643,"92101","CA","San Diego",2018-01-31,645896.308935925,273574.38710271,136.095314249368
96643,"92101","CA","San Diego",2018-02-28,648303.776450954,273574.38710271,136.975318967838
96643,"92101","CA","San Diego",2018-03-31,650232.102778631,273574.38710271,137.680182587601
96643,"92101","CA","San Diego",2018-04-30,650901.517676853,273574.38710271,137.924874682249
96643,"92101","CA","San Diego",2018-05-31,651897.826450469,273574.38710271,138.289056718502
96643,"92101","CA","San Diego",2018-06-30,652495.436957692,273574.38710271,138.50750206112
96643,"92101","CA","San Diego",2018-07-31,653589.752261022,273574.38710271,138.907508551099
96643,"92101","CA","San Diego",2018-08-31,654560.3328,273574.38710271,139.262286112426
96643,"92101","CA","San Diego",2018-09-30,655031.035486721,273574.38710271,139.434342675069
96643,"92101","CA","San Diego",2018-10-31,655189.943887293,273574.38710271,139.492428668518
96643,"92101","CA","San Diego",2018-11-30,654421.072992872,273574.38710271,139.211382294783
96643,"92101","CA","San Diego",2018-12-31,653356.057887236,273574.38710271,138.822085944011
96643,"92101","CA","San Diego",2019-01-31,652003.45682241,273574.38710271,138.32766792515
96643,"92101","CA","San Diego",2019-02-28,651206.079673631,273574.38710271,138.036201623343
96643,"92101","CA","San Diego",2019-03-31,650721.370819873,273574.38710271,137.859025368325
96643,"92101","CA","San Diego",2019-04-30,649655.370419882,273574.38710271,137.469368861632
96643,"92101","CA","San Diego",2019-05-31,647299.512242934,273574.38710271,136.608228971345
96643,"92101","CA","San Diego",2019-06-30,644304.964690745,273574.38710271,135.513628126616
96643,"92101","CA","San Diego",2019-07-31,640900.944975454,273574.38710271,134.269352391837
96643,"92101","CA","San Diego",2019-08-31,638331.8239,273574.38710271,133.330258238081
96643,"92101","CA","San Diego",2019-09-30,635890.606317988,273574.38710271,132.43791681392
96643,"92101","CA","San Diego",2019-10-31,635076.700137761,273574.38710271,132.140408633843
96643,"92101","CA","San Diego",2019-11-30,635221.304230453,273574.38710271,132.193265955109
96643,"92101","CA","San Diego",2019-12-31,636361.995031347,273574.38710271,132.610224140769
96643,"92101","CA","San Diego",2020-01-31,636944.98802807,273574.38710271,132.823326325844
96643,"92101","CA","San Diego",2020-02-29,636749.922307284,273574.38710271,132.752023700313
96643,"92101","CA","San Diego",2020-03-31,636639.862165489,273574.38710271,132.711793274153
96643,"92101","CA","San Diego",2020-04-30,636603.710480297,273574.38710271,132.698578701848
96643,"92101","CA","San Diego",2020-05-31,635860.388233162,273574.38710271,132.426871158241
96643,"92101","CA","San Diego",2020-06-30,634778.314412441,273574.38710271,132.031339313253
96643,"92101","CA","San Diego",2020-07-31,633773.615023375,273574.38710271,131.664090244469
96643,"92101","CA","San Diego",2020-08-31,634289.391433148,273574.38710271,131.852622663471
96643,"92101","CA","San Diego",2020-09-30,636321.49114573,273574.38710271,132.595418703006
96643,"92101","CA","San Diego",2020-10-31,638896.28219814,273574.38710271,133.536585410781
96643,"92101","CA","San Diego",2020-11-30,642212.498860969,273574.38710271,134.748766382088
96643,"92101","CA","San Diego",2020-12-31,644877.101593581,273574.38710271,135.722762069634
96643,"92101","CA","San Diego",2021-01-31,647470.907203253,273574.38710271,136.67087919315
96643,"92101","CA","San Diego",2021-02-28,649439.297838624,273574.38710271,137.390387571188
96643,"92101","CA","San Diego",2021-03-31,652298.524066442,273574.38710271,138.435524236977
96643,"92101","CA","San Diego",2021-04-30,657641.995240728,273574.38710271,140.388730175177
96643,"92101","CA","San Diego",2021-05-31,665453.51687178,273574.38710271,143.244085792997
96643,"92101","CA","San Diego",2021-06-30,674682.22742647,273574.38710271,146.617468313351
96643,"92101","CA","San Diego",2021-07-31,683936.022596191,273574.38710271,150.000020045523
96643,"92101","CA","San Diego",2021-08-31,692249.441445605,273574.38710271,153.038834803534
96643,"92101","CA","San Diego",2021-09-30,698283.434172005,273574.38710271,155.244447978913
96643,"92101","CA","San Diego",2021-10-31,703345.551644422,273574.38710271,157.094810334113
96643,"92101","CA","San Diego",2021-11-30,709269.3168,273574.38710271,159.260131882783
96643,"92101","CA","San Diego",2021-12-31,718349.590274167,273574.38710271,162.579256004866
96643,"92101","CA","San Diego",2022-01-31,730583.54615451,273574.38710271,167.051149740938
96643,"92101","CA","San Diego",2022-02-28,746127.9527,273574.38710271,172.733116795717
96643,"92101","CA","San Diego",2022-03-31,765701.160652919,273574.38710271,179.887736846303
96643,"92101","CA","San Diego",2022-04-30,786677.959435903,273574.38710271,187.555413270672
96643,"92101","CA","San Diego",2022-05-31,806891.094479004,273574.38710271,194.943946699246
96643,"92101","CA","San Diego",2022-06-30,820662.326022608,273574.38710271,199.977762799301
96643,"92101","CA","San Diego",2022-07-31,826184.686699852,273574.38710271,201.996358449182
96643,"92101","CA","San Diego",2022-08-31,822704.694054555,273574.38710271,200.724312230911
96643,"92101","CA","San Diego",2022-09-30,815506.531559175,273574.38710271,198.093158572262
96643,"92101","CA","San Diego",2022-10-31,808599.1337,273574.38710271,195.568288487629
96643,"92101","CA","San Diego",2022-11-30,803359.375291249,273574.38710271,193.652992810924
96643,"92101","CA","San Diego",2022-12-31,797977.76043227,273574.38710271,191.685844162261
96643,"92101","CA","San Diego",2023-01-31,794218.913049678,273574.38710271,190.311867810746
96643,"92101","CA","San Diego",2023-02-28,791519.138598134,273574.38710271,189.325015759231
96643,"92101","CA","San Diego",2023-03-31,790573.998462814,273574.38710271,188.979537461599
96643,"92101","CA","San Diego",2023-04-30,790151.664308504,273574.38710271,188.825161111246
96643,"92101","CA","San Diego",2023-05-31,791626.229648005,273574.38710271,189.364160889375
96643,"92101","CA","San Diego",2023-06-30,795439.621601493,273574.38710271,190.758074988525
96643,"92101","CA","San Diego",2023-07-31,799767.685798202,273574.38710271,192.340117899247
96643,"92101","CA","San Diego",2023-08-31,804206.3455,273574.38710271,193.962586928166
96643,"92101","CA","San Diego",2023-09-30,809347.935782869,273574.38710271,195.841999082689
96643,"92101","CA","San Diego",2023-10-31,814049.994489999,273574.38710271,197.560748691132
96643,"92101","CA","San Diego",2023-11-30,817639.231106925,273574.38710271,198.872726999825
96643,"92101","CA","San Diego",2023-12-31,817397.25810918,273574.38710271,198.784278296601
96643,"92101","CA","San Diego",2024-01-31,816082.426730877,273574.38710271,198.303666280166
96643,"92101","CA","San Diego",2024-02-29,815231.706822478,273574.38710271,197.992701530356
96643,"92101","CA","San Diego",2024-03-31,817077.205326995,273574.38710271,198.667288988657
96643,"92101","CA","San Diego",2024-04-30,819253.344983268,273574.38710271,199.462736135342
96643,"92101","CA","San Diego",2024-05-31,820941.230654886,273574.38710271,200.079711170723
96643,"92101","CA","San Diego",2024-06-30,819902.208877085,273574.38710271,199.699916194737
96643,"92101","CA","San Diego",2024-07-31,817970.601097895,273574.38710271,198.993853101752
96643,"92101","CA","San Diego",2024-08-31,814378.143226911,273574.38710271,197.680697323892
96643,"92101","CA","San Diego",2024-09-30,811307.7139,273574.38710271,196.558359315781
96643,"92101","CA","San Diego",2024-10-31,807785.420542677,273574.38710271,195.270850863464
96643,"92101","CA","San Diego",2024-11-30,804598.0004,273574.38710271,194.105749050961
96643,"92101","CA","San Diego",2024-12-31,800958.832896339,273574.38710271,192.775519440579
96643,"92101","CA","San Diego",2025-01-31,797554.817688666,273574.38710271,191.531245353475
96643,"92101","CA","San Diego",2025-02-28,795363.828804709,273574.38710271,190.730370349363
96643,"92101","CA","San Diego",2025-03-31,791923.303567231,273574.38710271,189.472750703784
96643,"92101","CA","San Diego",2025-04-30,787399.58823046,273574.38710271,187.819191178465
96643,"92101","CA","San Diego",2025-05-31,780225.321408963,273574.38710271,185.196772136435
96643,"92101","CA","San Diego",2025-06-30,772320.833175017,273574.38710271,182.307434315867
96643,"92101","CA","San Diego",2025-07-31,763187.144246194,273574.38710271,178.968785173469
96643,"92101","CA","San Diego",2025-08-31,754457.1873,273574.38710271,175.777712705521
96643,"92101","CA","San Diego",2025-09-30,747594.017673155,273574.38710271,173.269009423928
97025,"92806","CA","Anaheim",2000-01-31,220473.475889356,220473.475889356,0
97025,"92806","CA","Anaheim",2000-02-29,222440.368598734,220473.475889356,0.892122148228374
97025,"92806","CA","Anaheim",2000-03-31,223858.40673847,220473.475889356,1.53530071382011
97025,"92806","CA","Anaheim",2000-04-30,226621.179974943,220473.475889356,2.78840983514574
97025,"92806","CA","Anaheim",2000-05-31,229087.948673314,220473.475889356,3.90726038549918
97025,"92806","CA","Anaheim",2000-06-30,231670.237548855,220473.475889356,5.07850734168046
97025,"92806","CA","Anaheim",2000-07-31,234349.553722062,220473.475889356,6.2937629012886
97025,"92806","CA","Anaheim",2000-08-31,236620.40300135,220473.475889356,7.3237504179855
97025,"92806","CA","Anaheim",2000-09-30,238545.235106163,220473.475889356,8.19679516726814
97025,"92806","CA","Anaheim",2000-10-31,240529.702538311,220473.475889356,9.09688867019066
97025,"92806","CA","Anaheim",2000-11-30,242397.72292462,220473.475889356,9.94416536811277
97025,"92806","CA","Anaheim",2000-12-31,244697.582383837,220473.475889356,10.987311011796
97025,"92806","CA","Anaheim",2001-01-31,246646.644622766,220473.475889356,11.8713458060347
97025,"92806","CA","Anaheim",2001-02-28,249040.3725,220473.475889356,12.9570672823156
97025,"92806","CA","Anaheim",2001-03-31,251248.128123834,220473.475889356,13.9584374539102
97025,"92806","CA","Anaheim",2001-04-30,254193.921539223,220473.475889356,15.2945589095665
97025,"92806","CA","Anaheim",2001-05-31,257139.26938041,220473.475889356,16.6304782664444
97025,"92806","CA","Anaheim",2001-06-30,259786.549572943,220473.475889356,17.8312032887421
97025,"92806","CA","Anaheim",2001-07-31,262273.352722369,220473.475889356,18.9591408510245
97025,"92806","CA","Anaheim",2001-08-31,264672.921071333,220473.475889356,20.0475113859763
97025,"92806","CA","Anaheim",2001-09-30,267536.96068182,220473.475889356,21.3465518256185
97025,"92806","CA","Anaheim",2001-10-31,270258.4101,220473.475889356,22.5809177316314
97025,"92806","CA","Anaheim",2001-11-30,272428.874169543,220473.475889356,23.5653735990719
97025,"92806","CA","Anaheim",2001-12-31,274479.762089412,220473.475889356,24.4955933960773
97025,"92806","CA","Anaheim",2002-01-31,276319.174496445,220473.475889356,25.3298943928813
97025,"92806","CA","Anaheim",2002-02-28,278698.655175422,220473.475889356,26.4091537774305
97025,"92806","CA","Anaheim",2002-03-31,281269.662753243,220473.475889356,27.575283883308
97025,"92806","CA","Anaheim",2002-04-30,284405.461034343,220473.475889356,28.9975857127916
97025,"92806","CA","Anaheim",2002-05-31,288289.582321227,220473.475889356,30.7593038837487
97025,"92806","CA","Anaheim",2002-06-30,292801.857274149,220473.475889356,32.8059332729395
97025,"92806","CA","Anaheim",2002-07-31,298014.38,220473.475889356,35.1701735539187
97025,"92806","CA","Anaheim",2002-08-31,303273.184852203,220473.475889356,37.555405986523
97025,"92806","CA","Anaheim",2002-09-30,307954.848690571,220473.475889356,39.6788649738152
97025,"92806","CA","Anaheim",2002-10-31,312147.018619071,220473.475889356,41.5803045513376
97025,"92806","CA","Anaheim",2002-11-30,315937.0205,220473.475889356,43.2993330492742
97025,"92806","CA","Anaheim",2002-12-31,319985.735465989,220473.475889356,45.1357058599521
97025,"92806","CA","Anaheim",2003-01-31,323904.952811314,220473.475889356,46.9133425255493
97025,"92806","CA","Anaheim",2003-02-28,328262.942675021,220473.475889356,48.8899929349136
97025,"92806","CA","Anaheim",2003-03-31,332673.394151139,220473.475889356,50.8904383210656
97025,"92806","CA","Anaheim",2003-04-30,337983.87156126,220473.475889356,53.2991078395642
97025,"92806","CA","Anaheim",2003-05-31,343888.758235824,220473.475889356,55.9773831517054
97025,"92806","CA","Anaheim",2003-06-30,349508.702520545,220473.475889356,58.52641734371
97025,"92806","CA","Anaheim",2003-07-31,354967.334435323,220473.475889356,61.0022851970917
97025,"92806","CA","Anaheim",2003-08-31,360537.505545074,220473.475889356,63.5287438049955
97025,"92806","CA","Anaheim",2003-09-30,367118.032964708,220473.475889356,66.5134690165382
97025,"92806","CA","Anaheim",2003-10-31,374196.904171918,220473.475889356,69.7242276706821
97025,"92806","CA","Anaheim",2003-11-30,381561.745493139,220473.475889356,73.064693589094
97025,"92806","CA","Anaheim",2003-12-31,387808.271619618,220473.475889356,75.8979260680943
97025,"92806","CA","Anaheim",2004-01-31,394225.274463135,220473.475889356,78.8084815522097
97025,"92806","CA","Anaheim",2004-02-29,402174.362418989,220473.475889356,82.4139438073804
97025,"92806","CA","Anaheim",2004-03-31,413002.467153716,220473.475889356,87.3252396859656
97025,"92806","CA","Anaheim",2004-04-30,424505.767227153,220473.475889356,92.5427834413015
97025,"92806","CA","Anaheim",2004-05-31,437228.97303556,220473.475889356,98.313638986207
97025,"92806","CA","Anaheim",2004-06-30,450674.5607,220473.475889356,104.412144763468
97025,"92806","CA","Anaheim",2004-07-31,463977.437955057,220473.475889356,110.445921480325
97025,"92806","CA","Anaheim",2004-08-31,475290.915985225,220473.475889356,115.57736778448
97025,"92806","CA","Anaheim",2004-09-30,483454.590632144,220473.475889356,119.280159974782
97025,"92806","CA","Anaheim",2004-10-31,490702.726441585,220473.475889356,122.567691855978
97025,"92806","CA","Anaheim",2004-11-30,495694.649215827,220473.475889356,124.831874771453
97025,"92806","CA","Anaheim",2004-12-31,501887.869811808,220473.475889356,127.64092949833
97025,"92806","CA","Anaheim",2005-01-31,508824.0219,220473.475889356,130.786955141648
97025,"92806","CA","Anaheim",2005-02-28,515511.12015258,220473.475889356,133.820017611228
97025,"92806","CA","Anaheim",2005-03-31,523423.32474457,220473.475889356,137.408750704891
97025,"92806","CA","Anaheim",2005-04-30,530597.5104,220473.475889356,140.662741066539
97025,"92806","CA","Anaheim",2005-05-31,538737.554359737,220473.475889356,144.354815102611
97025,"92806","CA","Anaheim",2005-06-30,544042.858497029,220473.475889356,146.761138183377
97025,"92806","CA","Anaheim",2005-07-31,549988.480218587,220473.475889356,149.457889662245
97025,"92806","CA","Anaheim",2005-08-31,556538.386666747,220473.475889356,152.428726141209
97025,"92806","CA","Anaheim",2005-09-30,564200.655961818,220473.475889356,155.904096257347
97025,"92806","CA","Anaheim",2005-10-31,570790.576392759,220473.475889356,158.893081850448
97025,"92806","CA","Anaheim",2005-11-30,575205.892319825,220473.475889356,160.895733602209
97025,"92806","CA","Anaheim",2005-12-31,580955.8206,220473.475889356,163.503724543967
97025,"92806","CA","Anaheim",2006-01-31,586172.8273,220473.475889356,165.86999861796
97025,"92806","CA","Anaheim",2006-02-28,591847.55639932,220473.475889356,168.443881519941
97025,"92806","CA","Anaheim",2006-03-31,595969.344868754,220473.475889356,170.313398228383
97025,"92806","CA","Anaheim",2006-04-30,600777.619,220473.475889356,172.494283757515
97025,"92806","CA","Anaheim",2006-05-31,605003.518636296,220473.475889356,174.411022094973
97025,"92806","CA","Anaheim",2006-06-30,608319.379930042,220473.475889356,175.914994978954
97025,"92806","CA","Anaheim",2006-07-31,608417.477803987,220473.475889356,175.959489162914
97025,"92806","CA","Anaheim",2006-08-31,609589.559928555,220473.475889356,176.491109631018
97025,"92806","CA","Anaheim",2006-09-30,609592.536095603,220473.475889356,176.49245952902
97025,"92806","CA","Anaheim",2006-10-31,610867.421,220473.475889356,177.07070818195
97025,"92806","CA","Anaheim",2006-11-30,609530.520168357,220473.475889356,176.464331008346
97025,"92806","CA","Anaheim",2006-12-31,607096.976461582,220473.475889356,175.360550294155
97025,"92806","CA","Anaheim",2007-01-31,606810.922154306,220473.475889356,175.230804842407
97025,"92806","CA","Anaheim",2007-02-28,607603.09830241,220473.475889356,175.590111622921
97025,"92806","CA","Anaheim",2007-03-31,608909.197807481,220473.475889356,176.182518260409
97025,"92806","CA","Anaheim",2007-04-30,606847.763601908,220473.475889356,175.247514991986
97025,"92806","CA","Anaheim",2007-05-31,602751.768,220473.475889356,173.389697136398
97025,"92806","CA","Anaheim",2007-06-30,598694.775367737,220473.475889356,171.549569830427
97025,"92806","CA","Anaheim",2007-07-31,591814.157507471,220473.475889356,168.428732807964
97025,"92806","CA","Anaheim",2007-08-31,583469.397716718,220473.475889356,164.643805955837
97025,"92806","CA","Anaheim",2007-09-30,571925.322327567,220473.475889356,159.407767769119
97025,"92806","CA","Anaheim",2007-10-31,562450.871726798,220473.475889356,155.110447847732
97025,"92806","CA","Anaheim",2007-11-30,555896.852782129,220473.475889356,152.137746066608
97025,"92806","CA","Anaheim",2007-12-31,547562.564039181,220473.475889356,148.357568560298
97025,"92806","CA","Anaheim",2008-01-31,537002.155635304,220473.475889356,143.567691518954
97025,"92806","CA","Anaheim",2008-02-29,522443.02484929,220473.475889356,136.964116768167
97025,"92806","CA","Anaheim",2008-03-31,510918.145552342,220473.475889356,131.736785339541
97025,"92806","CA","Anaheim",2008-04-30,496907.043713048,220473.475889356,125.381779694179
97025,"92806","CA","Anaheim",2008-05-31,482415.224789663,220473.475889356,118.808735537766
97025,"92806","CA","Anaheim",2008-06-30,467044.820221875,220473.475889356,111.837191906141
97025,"92806","CA","Anaheim",2008-07-31,454654.462369085,220473.475889356,106.217305975278
97025,"92806","CA","Anaheim",2008-08-31,444152.922938135,220473.475889356,101.454130092742
97025,"92806","CA","Anaheim",2008-09-30,436856.376720794,220473.475889356,98.1446407367519
97025,"92806","CA","Anaheim",2008-10-31,427529.577669681,220473.475889356,93.9142910253001
97025,"92806","CA","Anaheim",2008-11-30,416908.052217814,220473.475889356,89.0966931673167
97025,"92806","CA","Anaheim",2008-12-31,405156.487714304,220473.475889356,83.7665442883616
97025,"92806","CA","Anaheim",2009-01-31,396233.123237518,220473.475889356,79.7191801141493
97025,"92806","CA","Anaheim",2009-02-28,391454.757991308,220473.475889356,77.5518603370494
97025,"92806","CA","Anaheim",2009-03-31,386477.009288127,220473.475889356,75.2941063450546
97025,"92806","CA","Anaheim",2009-04-30,382745.262353363,220473.475889356,73.6015005022384
97025,"92806","CA","Anaheim",2009-05-31,378940.20806465,220473.475889356,71.8756446942488
97025,"92806","CA","Anaheim",2009-06-30,374874.289153959,220473.475889356,70.0314687024249
97025,"92806","CA","Anaheim",2009-07-31,371680.718,220473.475889356,68.5829628714732
97025,"92806","CA","Anaheim",2009-08-31,369199.531689287,220473.475889356,67.4575729347909
97025,"92806","CA","Anaheim",2009-09-30,369312.478092504,220473.475889356,67.5088019557701
97025,"92806","CA","Anaheim",2009-10-31,371238.001458931,220473.475889356,68.3821602400986
97025,"92806","CA","Anaheim",2009-11-30,376263.858586032,220473.475889356,70.6617347362266
97025,"92806","CA","Anaheim",2009-12-31,381370.206422052,220473.475889356,72.9778173468092
97025,"92806","CA","Anaheim",2010-01-31,384302.867324424,220473.475889356,74.3079822977366
97025,"92806","CA","Anaheim",2010-02-28,384429.332930433,220473.475889356,74.3653432140551
97025,"92806","CA","Anaheim",2010-03-31,383465.457968655,220473.475889356,73.9281591229121
97025,"92806","CA","Anaheim",2010-04-30,385633.751397902,220473.475889356,74.9116304545545
97025,"92806","CA","Anaheim",2010-05-31,387315.574005097,220473.475889356,75.6744535562499
97025,"92806","CA","Anaheim",2010-06-30,388498.920672797,220473.475889356,76.2111832752904
97025,"92806","CA","Anaheim",2010-07-31,386632.528694979,220473.475889356,75.3646451734671
97025,"92806","CA","Anaheim",2010-08-31,385332.96868101,220473.475889356,74.775204648376
97025,"92806","CA","Anaheim",2010-09-30,383781.7900025,220473.475889356,74.0716376218874
97025,"92806","CA","Anaheim",2010-10-31,381804.251696392,220473.475889356,73.1746869578085
97025,"92806","CA","Anaheim",2010-11-30,378723.058385214,220473.475889356,71.7771522662774
97025,"92806","CA","Anaheim",2010-12-31,376985.155091976,220473.475889356,70.9888926871023
97025,"92806","CA","Anaheim",2011-01-31,376730.311469104,220473.475889356,70.8733034436142
97025,"92806","CA","Anaheim",2011-02-28,377217.482781808,220473.475889356,71.0942693946156
97025,"92806","CA","Anaheim",2011-03-31,376255.690021901,220473.475889356,70.6580297263166
97025,"92806","CA","Anaheim",2011-04-30,373868.873067557,220473.475889356,69.5754428324889
97025,"92806","CA","Anaheim",2011-05-31,369937.457506156,220473.475889356,67.7922734305724
97025,"92806","CA","Anaheim",2011-06-30,367747.344584099,220473.475889356,66.7989054468625
97025,"92806","CA","Anaheim",2011-07-31,367281.043053931,220473.475889356,66.5874053885055
97025,"92806","CA","Anaheim",2011-08-31,366291.871475041,220473.475889356,66.1387475284615
97025,"92806","CA","Anaheim",2011-09-30,363168.185334702,220473.475889356,64.7219393941773
97025,"92806","CA","Anaheim",2011-10-31,359647.152012991,220473.475889356,63.1249067772116
97025,"92806","CA","Anaheim",2011-11-30,357967.788857069,220473.475889356,62.3631992071074
97025,"92806","CA","Anaheim",2011-12-31,357647.454541778,220473.475889356,62.2179053961403
97025,"92806","CA","Anaheim",2012-01-31,356461.626342383,220473.475889356,61.6800501305071
97025,"92806","CA","Anaheim",2012-02-29,354428.833464766,220473.475889356,60.758037689139
97025,"92806","CA","Anaheim",2012-03-31,351822.58194603,220473.475889356,59.5759220136716
97025,"92806","CA","Anaheim",2012-04-30,349549.64661521,220473.475889356,58.5449883280428
97025,"92806","CA","Anaheim",2012-05-31,348600.388175718,220473.475889356,58.1144338426732
97025,"92806","CA","Anaheim",2012-06-30,348604.47787218,220473.475889356,58.1162888034321
97025,"92806","CA","Anaheim",2012-07-31,350134.440826118,220473.475889356,58.8102330285896
97025,"92806","CA","Anaheim",2012-08-31,353645.568876358,220473.475889356,60.4027729185134
97025,"92806","CA","Anaheim",2012-09-30,359301.373788254,220473.475889356,62.968072390063
97025,"92806","CA","Anaheim",2012-10-31,365857.521736026,220473.475889356,65.9417398216329
97025,"92806","CA","Anaheim",2012-11-30,372744.997335341,220473.475889356,69.0656873039921
97025,"92806","CA","Anaheim",2012-12-31,379151.491363854,220473.475889356,71.9714763122477
97025,"92806","CA","Anaheim",2013-01-31,385250.657286839,220473.475889356,74.7378707269874
97025,"92806","CA","Anaheim",2013-02-28,389875.671883304,220473.475889356,76.8356353573169
97025,"92806","CA","Anaheim",2013-03-31,393405.478417256,220473.475889356,78.4366472340123
97025,"92806","CA","Anaheim",2013-04-30,396838.84326694,220473.475889356,79.9939161235393
97025,"92806","CA","Anaheim",2013-05-31,402269.299799389,220473.475889356,82.4570044884974
97025,"92806","CA","Anaheim",2013-06-30,409760.045454991,220473.475889356,85.854576747648
97025,"92806","CA","Anaheim",2013-07-31,417948.40840357,220473.475889356,89.5685667936379
97025,"92806","CA","Anaheim",2013-08-31,425444.243538407,220473.475889356,92.9684474843197
97025,"92806","CA","Anaheim",2013-09-30,432300.6045,220473.475889356,96.0782823222455
97025,"92806","CA","Anaheim",2013-10-31,438374.302676596,220473.475889356,98.8331253490974
97025,"92806","CA","Anaheim",2013-11-30,443848.80412242,220473.475889356,101.316191134558
97025,"92806","CA","Anaheim",2013-12-31,448117.679839326,220473.475889356,103.252422102789
97025,"92806","CA","Anaheim",2014-01-31,450985.824743879,220473.475889356,104.553324577785
97025,"92806","CA","Anaheim",2014-02-28,452805.41676265,220473.475889356,105.37863565497
97025,"92806","CA","Anaheim",2014-03-31,454356.221963574,220473.475889356,106.082033283492
97025,"92806","CA","Anaheim",2014-04-30,456117.872579672,220473.475889356,106.881063919259
97025,"92806","CA","Anaheim",2014-05-31,457779.811939668,220473.475889356,107.634868590453
97025,"92806","CA","Anaheim",2014-06-30,459129.53128019,220473.475889356,108.247059846148
97025,"92806","CA","Anaheim",2014-07-31,460820.422933494,220473.475889356,109.013996388733
97025,"92806","CA","Anaheim",2014-08-31,463125.183582547,220473.475889356,110.059365061657
97025,"92806","CA","Anaheim",2014-09-30,466864.80238351,220473.475889356,111.755541341311
97025,"92806","CA","Anaheim",2014-10-31,470976.713854152,220473.475889356,113.62057814633
97025,"92806","CA","Anaheim",2014-11-30,475298.69612583,220473.475889356,115.580896617404
97025,"92806","CA","Anaheim",2014-12-31,479262.905214955,220473.475889356,117.378940156716
97025,"92806","CA","Anaheim",2015-01-31,482698.686363624,220473.475889356,118.937305005281
97025,"92806","CA","Anaheim",2015-02-28,485453.189605909,220473.475889356,120.186663111136
97025,"92806","CA","Anaheim",2015-03-31,487486.90968088,220473.475889356,121.109096100759
97025,"92806","CA","Anaheim",2015-04-30,488855.02383136,220473.475889356,121.72963067752
97025,"92806","CA","Anaheim",2015-05-31,489825.877924327,220473.475889356,122.169980288307
97025,"92806","CA","Anaheim",2015-06-30,490753.326169377,220473.475889356,122.590642339063
97025,"92806","CA","Anaheim",2015-07-31,492866.628141713,220473.475889356,123.54917123412
97025,"92806","CA","Anaheim",2015-08-31,493358.062982227,220473.475889356,123.772070990443
97025,"92806","CA","Anaheim",2015-09-30,492200.596737193,220473.475889356,123.247079836579
97025,"92806","CA","Anaheim",2015-10-31,488579.529962118,220473.475889356,121.604675116253
97025,"92806","CA","Anaheim",2015-11-30,484490.4347,220473.475889356,119.749987042949
97025,"92806","CA","Anaheim",2015-12-31,480189.191718374,220473.475889356,117.799075277134
97025,"92806","CA","Anaheim",2016-01-31,482935.721852512,220473.475889356,119.044817025914
97025,"92806","CA","Anaheim",2016-02-29,491849.520194257,220473.475889356,123.087842294957
97025,"92806","CA","Anaheim",2016-03-31,504667.619261305,220473.475889356,128.901738508704
97025,"92806","CA","Anaheim",2016-04-30,513995.442991412,220473.475889356,133.132552983089
97025,"92806","CA","Anaheim",2016-05-31,520151.195527224,220473.475889356,135.924613348165
97025,"92806","CA","Anaheim",2016-06-30,525196.571599878,220473.475889356,138.213041038753
97025,"92806","CA","Anaheim",2016-07-31,529751.769582138,220473.475889356,140.27913899629
97025,"92806","CA","Anaheim",2016-08-31,529849.200730349,220473.475889356,140.323330773926
97025,"92806","CA","Anaheim",2016-09-30,524927.804073264,220473.475889356,138.09113634
97025,"92806","CA","Anaheim",2016-10-31,517279.011574853,220473.475889356,134.621878885081
97025,"92806","CA","Anaheim",2016-11-30,513565.00795463,220473.475889356,132.93732086501
97025,"92806","CA","Anaheim",2016-12-31,514247.665555054,220473.475889356,133.246953394579
97025,"92806","CA","Anaheim",2017-01-31,521304.462176362,220473.475889356,136.44769969426
97025,"92806","CA","Anaheim",2017-02-28,531553.767357745,220473.475889356,141.09646986493
97025,"92806","CA","Anaheim",2017-03-31,544287.545953316,220473.475889356,146.872120901502
97025,"92806","CA","Anaheim",2017-04-30,553110.300734807,220473.475889356,150.873851606704
97025,"92806","CA","Anaheim",2017-05-31,559747.396785432,220473.475889356,153.884234612575
97025,"92806","CA","Anaheim",2017-06-30,564209.119010894,220473.475889356,155.907934836588
97025,"92806","CA","Anaheim",2017-07-31,568692.602036419,220473.475889356,157.94150509144
97025,"92806","CA","Anaheim",2017-08-31,574026.950046798,220473.475889356,160.361001581374
97025,"92806","CA","Anaheim",2017-09-30,581673.932143487,220473.475889356,163.829437893653
97025,"92806","CA","Anaheim",2017-10-31,590930.241871238,220473.475889356,168.027815812091
97025,"92806","CA","Anaheim",2017-11-30,599503.291824038,220473.475889356,171.916288073082
97025,"92806","CA","Anaheim",2017-12-31,608055.248132183,220473.475889356,175.795192904444
97025,"92806","CA","Anaheim",2018-01-31,613864.663151221,220473.475889356,178.430165204674
97025,"92806","CA","Anaheim",2018-02-28,616719.569365115,220473.475889356,179.725063016022
97025,"92806","CA","Anaheim",2018-03-31,615528.389523354,220473.475889356,179.18478040971
97025,"92806","CA","Anaheim",2018-04-30,613271.860925896,220473.475889356,178.161288314638
97025,"92806","CA","Anaheim",2018-05-31,612448.177275626,220473.475889356,177.78769069844
97025,"92806","CA","Anaheim",2018-06-30,612597.04806571,220473.475889356,177.855213918403
97025,"92806","CA","Anaheim",2018-07-31,612754.0151,220473.475889356,177.926409346178
97025,"92806","CA","Anaheim",2018-08-31,614322.01893043,220473.475889356,178.637607745035
97025,"92806","CA","Anaheim",2018-09-30,617443.657047011,220473.475889356,180.053486958618
97025,"92806","CA","Anaheim",2018-10-31,623131.142191415,220473.475889356,182.633155611032
97025,"92806","CA","Anaheim",2018-11-30,628172.734930276,220473.475889356,184.919867297562
97025,"92806","CA","Anaheim",2018-12-31,630663.64416331,220473.475889356,186.04966725331
97025,"92806","CA","Anaheim",2019-01-31,628295.252264309,220473.475889356,184.975437398926
97025,"92806","CA","Anaheim",2019-02-28,622893.724631694,220473.475889356,182.525470294799
97025,"92806","CA","Anaheim",2019-03-31,617957.318566132,220473.475889356,180.286468053985
97025,"92806","CA","Anaheim",2019-04-30,617043.256500008,220473.475889356,179.871877563026
97025,"92806","CA","Anaheim",2019-05-31,618380.013027015,220473.475889356,180.478189284477
97025,"92806","CA","Anaheim",2019-06-30,620127.180651531,220473.475889356,181.270650879899
97025,"92806","CA","Anaheim",2019-07-31,621477.105702059,220473.475889356,181.882935439338
97025,"92806","CA","Anaheim",2019-08-31,624149.632001479,220473.475889356,183.09511132065
97025,"92806","CA","Anaheim",2019-09-30,628716.794748197,220473.475889356,185.166636128019
97025,"92806","CA","Anaheim",2019-10-31,634826.759965912,220473.475889356,187.937928771304
97025,"92806","CA","Anaheim",2019-11-30,640971.4635,220473.475889356,190.724977648408
97025,"92806","CA","Anaheim",2019-12-31,646617.09912946,220473.475889356,193.285664645648
97025,"92806","CA","Anaheim",2020-01-31,650685.460539514,220473.475889356,195.130948480196
97025,"92806","CA","Anaheim",2020-02-29,653767.590060887,220473.475889356,196.52890780793
97025,"92806","CA","Anaheim",2020-03-31,656889.057277897,220473.475889356,197.944709506714
97025,"92806","CA","Anaheim",2020-04-30,660610.580205326,220473.475889356,199.632678053686
97025,"92806","CA","Anaheim",2020-05-31,662090.240294186,220473.475889356,200.303806443571
97025,"92806","CA","Anaheim",2020-06-30,661158.146076798,220473.475889356,199.881037122396
97025,"92806","CA","Anaheim",2020-07-31,659830.649622075,220473.475889356,199.278925485444
97025,"92806","CA","Anaheim",2020-08-31,662690.360731868,220473.475889356,200.576002650059
97025,"92806","CA","Anaheim",2020-09-30,670892.935957317,220473.475889356,204.296438948512
97025,"92806","CA","Anaheim",2020-10-31,682579.776,220473.475889356,209.597230799114
97025,"92806","CA","Anaheim",2020-11-30,695826.535031763,220473.475889356,215.605554012747
97025,"92806","CA","Anaheim",2020-12-31,708558.199913434,220473.475889356,221.380246333587
97025,"92806","CA","Anaheim",2021-01-31,717861.5175,220473.475889356,225.599945573614
97025,"92806","CA","Anaheim",2021-02-28,724746.652177974,220473.475889356,228.722831285921
97025,"92806","CA","Anaheim",2021-03-31,729313.54339532,220473.475889356,230.794232935903
97025,"92806","CA","Anaheim",2021-04-30,736600.8658,220473.475889356,234.099538653647
97025,"92806","CA","Anaheim",2021-05-31,745914.96914958,220473.475889356,238.324129984649
97025,"92806","CA","Anaheim",2021-06-30,757446.441378255,220473.475889356,243.5544517647
97025,"92806","CA","Anaheim",2021-07-31,766470.496701308,220473.475889356,247.647486215511
97025,"92806","CA","Anaheim",2021-08-31,772572.565515655,220473.475889356,250.415197292652
97025,"92806","CA","Anaheim",2021-09-30,776309.440544983,220473.475889356,252.110129081727
97025,"92806","CA","Anaheim",2021-10-31,782316.189168833,220473.475889356,254.834605846843
97025,"92806","CA","Anaheim",2021-11-30,791278.691331122,220473.475889356,258.89972167365
97025,"92806","CA","Anaheim",2021-12-31,803136.831595282,220473.475889356,264.278210045698
97025,"92806","CA","Anaheim",2022-01-31,819261.652803569,220473.475889356,271.591933904426
97025,"92806","CA","Anaheim",2022-02-28,838143.711019325,220473.475889356,280.156255820969
97025,"92806","CA","Anaheim",2022-03-31,857779.388674729,220473.475889356,289.062396378783
97025,"92806","CA","Anaheim",2022-04-30,874338.145554262,220473.475889356,296.572940135912
97025,"92806","CA","Anaheim",2022-05-31,886046.495493857,220473.475889356,301.883488215388
97025,"92806","CA","Anaheim",2022-06-30,892767.488346553,220473.475889356,304.931924234997
97025,"92806","CA","Anaheim",2022-07-31,892891.350100918,220473.475889356,304.98810412415
97025,"92806","CA","Anaheim",2022-08-31,889685.101618383,220473.475889356,303.533848246157
97025,"92806","CA","Anaheim",2022-09-30,884289.741221083,220473.475889356,301.086678410631
97025,"92806","CA","Anaheim",2022-10-31,879980.334776496,220473.475889356,299.13206394864
97025,"92806","CA","Anaheim",2022-11-30,875145.021758976,220473.475889356,296.938914410804
97025,"92806","CA","Anaheim",2022-12-31,870484.864309892,220473.475889356,294.825210061432
97025,"92806","CA","Anaheim",2023-01-31,862868.5782,220473.475889356,291.37069650638
97025,"92806","CA","Anaheim",2023-02-28,854804.334779896,220473.475889356,287.713003267965
97025,"92806","CA","Anaheim",2023-03-31,848780.598308283,220473.475889356,284.98082133664
97025,"92806","CA","Anaheim",2023-04-30,849723.293057429,220473.475889356,285.408398733578
97025,"92806","CA","Anaheim",2023-05-31,856321.006251669,220473.475889356,288.400918884868
97025,"92806","CA","Anaheim",2023-06-30,865603.295212237,220473.475889356,292.611080185734
97025,"92806","CA","Anaheim",2023-07-31,875537.920640638,220473.475889356,297.117121281302
97025,"92806","CA","Anaheim",2023-08-31,886186.567485188,220473.475889356,301.947020570364
97025,"92806","CA","Anaheim",2023-09-30,897101.009460935,220473.475889356,306.897476370872
97025,"92806","CA","Anaheim",2023-10-31,906644.4926,220473.475889356,311.226107332292
97025,"92806","CA","Anaheim",2023-11-30,914599.015208196,220473.475889356,314.834034578919
97025,"92806","CA","Anaheim",2023-12-31,920741.0669,220473.475889356,317.619880661776
97025,"92806","CA","Anaheim",2024-01-31,924454.00065675,220473.475889356,319.303953424621
97025,"92806","CA","Anaheim",2024-02-29,926445.273657203,220473.475889356,320.207133724392
97025,"92806","CA","Anaheim",2024-03-31,930332.556376103,220473.475889356,321.970285823854
97025,"92806","CA","Anaheim",2024-04-30,938433.103594184,220473.475889356,325.644445350484
97025,"92806","CA","Anaheim",2024-05-31,948524.099036312,220473.475889356,330.221411083628
97025,"92806","CA","Anaheim",2024-06-30,955802.005951545,220473.475889356,333.52244622442
97025,"92806","CA","Anaheim",2024-07-31,960949.316485167,220473.475889356,335.857108257056
97025,"92806","CA","Anaheim",2024-08-31,964222.178510758,220473.475889356,337.341577993104
97025,"92806","CA","Anaheim",2024-09-30,967942.967870382,220473.475889356,339.029213816241
97025,"92806","CA","Anaheim",2024-10-31,971320.6989,220473.475889356,340.561248912977
97025,"92806","CA","Anaheim",2024-11-30,975919.536375343,220473.475889356,342.647140404819
97025,"92806","CA","Anaheim",2024-12-31,980955.298770213,220473.475889356,344.931207626309
97025,"92806","CA","Anaheim",2025-01-31,982951.914934437,220473.475889356,345.836811421129
97025,"92806","CA","Anaheim",2025-02-28,982799.307519142,220473.475889356,345.767593382687
97025,"92806","CA","Anaheim",2025-03-31,979740.196692164,220473.475889356,344.380074628044
97025,"92806","CA","Anaheim",2025-04-30,976475.118917084,220473.475889356,342.899135589046
97025,"92806","CA","Anaheim",2025-05-31,971323.84237545,220473.475889356,340.562674696935
97025,"92806","CA","Anaheim",2025-06-30,966260.664140076,220473.475889356,338.266172491874
97025,"92806","CA","Anaheim",2025-07-31,962603.25026218,220473.475889356,336.607281841585
97025,"92806","CA","Anaheim",2025-08-31,960133.29056201,220473.475889356,335.486983950781
97025,"92806","CA","Anaheim",2025-09-30,958413.882093763,220473.475889356,334.70711305642
97562,"94107","CA","San Francisco",2000-01-31,402899.372722018,402899.372722018,0
97562,"94107","CA","San Francisco",2000-02-29,405147.55555131,402899.372722018,0.558001074586679
97562,"94107","CA","San Francisco",2000-03-31,408005.8265,402899.372722018,1.26742658929504
97562,"94107","CA","San Francisco",2000-04-30,414923.764587538,402899.372722018,2.98446527337133
97562,"94107","CA","San Francisco",2000-05-31,422763.709322025,402899.372722018,4.93034686696138
97562,"94107","CA","San Francisco",2000-06-30,432510.398513737,402899.372722018,7.34948421281098
97562,"94107","CA","San Francisco",2000-07-31,443587.70644334,402899.372722018,10.0988823701632
97562,"94107","CA","San Francisco",2000-08-31,457199.97764012,402899.372722018,13.4774607741986
97562,"94107","CA","San Francisco",2000-09-30,470630.021498348,402899.372722018,16.8108101828841
97562,"94107","CA","San Francisco",2000-10-31,484833.708232058,402899.372722018,20.3361784746612
97562,"94107","CA","San Francisco",2000-11-30,499206.463464749,402899.372722018,23.9035097255358
97562,"94107","CA","San Francisco",2000-12-31,512956.003990816,402899.372722018,27.3161585050993
97562,"94107","CA","San Francisco",2001-01-31,524264.425994487,402899.372722018,30.1229193911416
97562,"94107","CA","San Francisco",2001-02-28,533651.789405221,402899.372722018,32.4528717430931
97562,"94107","CA","San Francisco",2001-03-31,541812.485751885,402899.372722018,34.4783641859156
97562,"94107","CA","San Francisco",2001-04-30,549604.910923172,402899.372722018,36.4124513796088
97562,"94107","CA","San Francisco",2001-05-31,554374.6784,402899.372722018,37.5963121150086
97562,"94107","CA","San Francisco",2001-06-30,557224.227002393,402899.372722018,38.3035727352328
97562,"94107","CA","San Francisco",2001-07-31,556528.016436515,402899.372722018,38.1307726235884
97562,"94107","CA","San Francisco",2001-08-31,554613.064839191,402899.372722018,37.6554798515034
97562,"94107","CA","San Francisco",2001-09-30,550141.2476086,402899.372722018,36.5455706450482
97562,"94107","CA","San Francisco",2001-10-31,541601.099246822,402899.372722018,34.4258978582479
97562,"94107","CA","San Francisco",2001-11-30,530014.024264475,402899.372722018,31.5499750430637
97562,"94107","CA","San Francisco",2001-12-31,517727.975998231,402899.372722018,28.5005664070466
97562,"94107","CA","San Francisco",2002-01-31,509072.419161937,402899.372722018,26.3522491292568
97562,"94107","CA","San Francisco",2002-02-28,503562.897203527,402899.372722018,24.9847806417317
97562,"94107","CA","San Francisco",2002-03-31,500701.58608424,402899.372722018,24.2746005538463
97562,"94107","CA","San Francisco",2002-04-30,497662.945213519,402899.372722018,23.5204070563006
97562,"94107","CA","San Francisco",2002-05-31,496977.8755,402899.372722018,23.3503721146003
97562,"94107","CA","San Francisco",2002-06-30,498801.827298635,402899.372722018,23.8030786517965
97562,"94107","CA","San Francisco",2002-07-31,503556.00771744,402899.372722018,24.9830706648605
97562,"94107","CA","San Francisco",2002-08-31,508824.557503525,402899.372722018,26.290729634516
97562,"94107","CA","San Francisco",2002-09-30,512942.074700868,402899.372722018,27.3127012423458
97562,"94107","CA","San Francisco",2002-10-31,515710.315702362,402899.372722018,27.99978124021
97562,"94107","CA","San Francisco",2002-11-30,516534.176259835,402899.372722018,28.2042641987978
97562,"94107","CA","San Francisco",2002-12-31,516458.087455417,402899.372722018,28.1853788865908
97562,"94107","CA","San Francisco",2003-01-31,516831.332960909,402899.372722018,28.2780187690931
97562,"94107","CA","San Francisco",2003-02-28,520524.6233,402899.372722018,29.1946968751271
97562,"94107","CA","San Francisco",2003-03-31,525251.898,402899.372722018,30.3680108636951
97562,"94107","CA","San Francisco",2003-04-30,530209.854708259,402899.372722018,31.5985803418164
97562,"94107","CA","San Francisco",2003-05-31,530811.928960061,402899.372722018,31.748015732528
97562,"94107","CA","San Francisco",2003-06-30,529457.991367886,402899.372722018,31.411967159648
97562,"94107","CA","San Francisco",2003-07-31,528533.723459971,402899.372722018,31.1825630030539
97562,"94107","CA","San Francisco",2003-08-31,527309.424804634,402899.372722018,30.8786909351813
97562,"94107","CA","San Francisco",2003-09-30,526883.809749105,402899.372722018,30.7730528815268
97562,"94107","CA","San Francisco",2003-10-31,526167.393476619,402899.372722018,30.5952376946613
97562,"94107","CA","San Francisco",2003-11-30,528282.189587976,402899.372722018,31.1201320614779
97562,"94107","CA","San Francisco",2003-12-31,532975.774278637,402899.372722018,32.285084158313
97562,"94107","CA","San Francisco",2004-01-31,540303.826700681,402899.372722018,34.1039136026319
97562,"94107","CA","San Francisco",2004-02-29,548153.078046057,402899.372722018,36.0521051057226
97562,"94107","CA","San Francisco",2004-03-31,554848.803635513,402899.372722018,37.7139904405692
97562,"94107","CA","San Francisco",2004-04-30,561452.130835698,402899.372722018,39.3529424090401
97562,"94107","CA","San Francisco",2004-05-31,570399.440999764,402899.372722018,41.5736731348333
97562,"94107","CA","San Francisco",2004-06-30,580130.955526044,402899.372722018,43.9890441145728
97562,"94107","CA","San Francisco",2004-07-31,589252.690153955,402899.372722018,46.2530671549373
97562,"94107","CA","San Francisco",2004-08-31,595605.985165908,402899.372722018,47.8299609011425
97562,"94107","CA","San Francisco",2004-09-30,604337.008452726,402899.372722018,49.9970090223223
97562,"94107","CA","San Francisco",2004-10-31,615391.440153247,402899.372722018,52.7407292782851
97562,"94107","CA","San Francisco",2004-11-30,627259.4256,402899.372722018,55.6863743326748
97562,"94107","CA","San Francisco",2004-12-31,637398.1601,402899.372722018,58.2028176896108
97562,"94107","CA","San Francisco",2005-01-31,644932.669675536,402899.372722018,60.0728899919409
97562,"94107","CA","San Francisco",2005-02-28,653935.281,402899.372722018,62.3073465173114
97562,"94107","CA","San Francisco",2005-03-31,662588.8298,402899.372722018,64.4551653986206
97562,"94107","CA","San Francisco",2005-04-30,673607.69495418,402899.372722018,67.190058004617
97562,"94107","CA","San Francisco",2005-05-31,684763.160010692,402899.372722018,69.958854833747
97562,"94107","CA","San Francisco",2005-06-30,695764.94502336,402899.372722018,72.6895081326933
97562,"94107","CA","San Francisco",2005-07-31,704259.000532631,402899.372722018,74.7977406305215
97562,"94107","CA","San Francisco",2005-08-31,710108.695114369,402899.372722018,76.2496402803562
97562,"94107","CA","San Francisco",2005-09-30,716613.69895187,402899.372722018,77.8641882985258
97562,"94107","CA","San Francisco",2005-10-31,723611.286590024,402899.372722018,79.6009960753356
97562,"94107","CA","San Francisco",2005-11-30,729235.0838,402899.372722018,80.9968277868574
97562,"94107","CA","San Francisco",2005-12-31,733963.44682454,402899.372722018,82.170411898591
97562,"94107","CA","San Francisco",2006-01-31,736711.583144452,402899.372722018,82.8525018957398
97562,"94107","CA","San Francisco",2006-02-28,734164.33820788,402899.372722018,82.2202733272606
97562,"94107","CA","San Francisco",2006-03-31,730987.024644467,402899.372722018,81.4316611380812
97562,"94107","CA","San Francisco",2006-04-30,728254.863487973,402899.372722018,80.7535361913893
97562,"94107","CA","San Francisco",2006-05-31,731858.069562743,402899.372722018,81.6478552990181
97562,"94107","CA","San Francisco",2006-06-30,734544.52705152,402899.372722018,82.3146365527656
97562,"94107","CA","San Francisco",2006-07-31,734889.756345669,402899.372722018,82.4003227854884
97562,"94107","CA","San Francisco",2006-08-31,732980.836589381,402899.372722018,81.926527121973
97562,"94107","CA","San Francisco",2006-09-30,729940.200013368,402899.372722018,81.1718382885131
97562,"94107","CA","San Francisco",2006-10-31,725954.553878271,402899.372722018,80.1825972012981
97562,"94107","CA","San Francisco",2006-11-30,723103.5731,402899.372722018,79.4749811136856
97562,"94107","CA","San Francisco",2006-12-31,721953.258219041,402899.372722018,79.1894718876008
97562,"94107","CA","San Francisco",2007-01-31,721955.696997482,402899.372722018,79.1900771946841
97562,"94107","CA","San Francisco",2007-02-28,723890.846501211,402899.372722018,79.6703831059726
97562,"94107","CA","San Francisco",2007-03-31,728373.808398532,402899.372722018,80.783058429102
97562,"94107","CA","San Francisco",2007-04-30,736511.7563,402899.372722018,82.8029046866148
97562,"94107","CA","San Francisco",2007-05-31,743503.445403007,402899.372722018,84.5382484415009
97562,"94107","CA","San Francisco",2007-06-30,748133.8103,402899.372722018,85.6875093265974
97562,"94107","CA","San Francisco",2007-07-31,750276.657992575,402899.372722018,86.2193661220295
97562,"94107","CA","San Francisco",2007-08-31,752846.479671661,402899.372722018,86.8571982590526
97562,"94107","CA","San Francisco",2007-09-30,754225.764829005,402899.372722018,87.1995381212433
97562,"94107","CA","San Francisco",2007-10-31,754992.969902279,402899.372722018,87.3899591358233
97562,"94107","CA","San Francisco",2007-11-30,756924.952378768,402899.372722018,87.8694789879979
97562,"94107","CA","San Francisco",2007-12-31,756372.287102846,402899.372722018,87.7323069511721
97562,"94107","CA","San Francisco",2008-01-31,753351.1079,402899.372722018,86.9824474558756
97562,"94107","CA","San Francisco",2008-02-29,743582.065011559,402899.372722018,84.5577619016538
97562,"94107","CA","San Francisco",2008-03-31,737454.986945751,402899.372722018,83.0370154124217
97562,"94107","CA","San Francisco",2008-04-30,731839.412203894,402899.372722018,81.6432245251543
97562,"94107","CA","San Francisco",2008-05-31,731360.946367413,402899.372722018,81.524468858386
97562,"94107","CA","San Francisco",2008-06-30,725330.563584741,402899.372722018,80.0277222285935
97562,"94107","CA","San Francisco",2008-07-31,716012.797396901,402899.372722018,77.7150439722616
97562,"94107","CA","San Francisco",2008-08-31,705013.1737,402899.372722018,74.984927113904
97562,"94107","CA","San Francisco",2008-09-30,695382.197749749,402899.372722018,72.5945099024839
97562,"94107","CA","San Francisco",2008-10-31,689340.1061,402899.372722018,71.0948571209647
97562,"94107","CA","San Francisco",2008-11-30,683839.656556808,402899.372722018,69.7296404153564
97562,"94107","CA","San Francisco",2008-12-31,680175.65812433,402899.372722018,68.8202325878574
97562,"94107","CA","San Francisco",2009-01-31,677110.858135711,402899.372722018,68.0595463728572
97562,"94107","CA","San Francisco",2009-02-28,671725.068,402899.372722018,66.7227882391018
97562,"94107","CA","San Francisco",2009-03-31,664666.823525255,402899.372722018,64.9709253788896
97562,"94107","CA","San Francisco",2009-04-30,654395.5667,402899.372722018,62.4215898572526
97562,"94107","CA","San Francisco",2009-05-31,644329.762384068,402899.372722018,59.9232478400072
97562,"94107","CA","San Francisco",2009-06-30,636492.28299065,402899.372722018,57.9779781463696
97562,"94107","CA","San Francisco",2009-07-31,630907.34487572,402899.372722018,56.5917912984732
97562,"94107","CA","San Francisco",2009-08-31,624171.232121317,402899.372722018,54.9198818316269
97562,"94107","CA","San Francisco",2009-09-30,613576.351168661,402899.372722018,52.2902224998004
97562,"94107","CA","San Francisco",2009-10-31,606771.454361752,402899.372722018,50.6012407669834
97562,"94107","CA","San Francisco",2009-11-30,601510.34721154,402899.372722018,49.2954290664916
97562,"94107","CA","San Francisco",2009-12-31,604856.600096333,402899.372722018,50.1259721527678
97562,"94107","CA","San Francisco",2010-01-31,608720.075817427,402899.372722018,51.0848904293071
97562,"94107","CA","San Francisco",2010-02-28,616326.328826585,402899.372722018,52.9727695187605
97562,"94107","CA","San Francisco",2010-03-31,618028.37392737,402899.372722018,53.3952186998765
97562,"94107","CA","San Francisco",2010-04-30,618010.5815,402899.372722018,53.3908026028123
97562,"94107","CA","San Francisco",2010-05-31,614029.70081761,402899.372722018,52.4027443054029
97562,"94107","CA","San Francisco",2010-06-30,611188.869923344,402899.372722018,51.6976474284649
97562,"94107","CA","San Francisco",2010-07-31,606405.096321316,402899.372722018,50.5103103597302
97562,"94107","CA","San Francisco",2010-08-31,606564.318,402899.372722018,50.5498293288486
97562,"94107","CA","San Francisco",2010-09-30,607727.3088,402899.372722018,50.8384847298592
97562,"94107","CA","San Francisco",2010-10-31,608097.151842029,402899.372722018,50.9302801177573
97562,"94107","CA","San Francisco",2010-11-30,605276.241042414,402899.372722018,50.2301274268863
97562,"94107","CA","San Francisco",2010-12-31,599675.65267162,402899.372722018,48.8400561708911
97562,"94107","CA","San Francisco",2011-01-31,595839.392749484,402899.372722018,47.8878928810309
97562,"94107","CA","San Francisco",2011-02-28,592244.910808213,402899.372722018,46.9957391114714
97562,"94107","CA","San Francisco",2011-03-31,591556.580502341,402899.372722018,46.8248948877086
97562,"94107","CA","San Francisco",2011-04-30,591050.963433535,402899.372722018,46.6994002597599
97562,"94107","CA","San Francisco",2011-05-31,589397.835508898,402899.372722018,46.2890923673777
97562,"94107","CA","San Francisco",2011-06-30,585491.0482,402899.372722018,45.3194241143586
97562,"94107","CA","San Francisco",2011-07-31,583991.0224,402899.372722018,44.9471163120739
97562,"94107","CA","San Francisco",2011-08-31,584277.448634214,402899.372722018,45.0182075704888
97562,"94107","CA","San Francisco",2011-09-30,585415.264666267,402899.372722018,45.3006145706204
97562,"94107","CA","San Francisco",2011-10-31,584584.841100743,402899.372722018,45.0945026673147
97562,"94107","CA","San Francisco",2011-11-30,583263.6789,402899.372722018,44.7665889771501
97562,"94107","CA","San Francisco",2011-12-31,584170.922338825,402899.372722018,44.991767644641
97562,"94107","CA","San Francisco",2012-01-31,585965.527678904,402899.372722018,45.4371903634591
97562,"94107","CA","San Francisco",2012-02-29,590921.031377129,402899.372722018,46.6671510022024
97562,"94107","CA","San Francisco",2012-03-31,597392.724991279,402899.372722018,48.2734313918756
97562,"94107","CA","San Francisco",2012-04-30,606677.147954097,402899.372722018,50.5778338286656
97562,"94107","CA","San Francisco",2012-05-31,616322.867292393,402899.372722018,52.9719103627463
97562,"94107","CA","San Francisco",2012-06-30,628638.65519041,402899.372722018,56.0287004031008
97562,"94107","CA","San Francisco",2012-07-31,639121.313039257,402899.372722018,58.6305058559177
97562,"94107","CA","San Francisco",2012-08-31,650055.746284957,402899.372722018,61.3444423834995
97562,"94107","CA","San Francisco",2012-09-30,660322.619730863,402899.372722018,63.8926899462945
97562,"94107","CA","San Francisco",2012-10-31,672575.570795352,402899.372722018,66.933883825974
97562,"94107","CA","San Francisco",2012-11-30,685971.180105913,402899.372722018,70.2586865478198
97562,"94107","CA","San Francisco",2012-12-31,699628.9491273,402899.372722018,73.6485575543479
97562,"94107","CA","San Francisco",2013-01-31,714586.789965626,402899.372722018,77.3611075981142
97562,"94107","CA","San Francisco",2013-02-28,728035.505219784,402899.372722018,80.6990912646802
97562,"94107","CA","San Francisco",2013-03-31,739220.6762,402899.372722018,83.4752611317734
97562,"94107","CA","San Francisco",2013-04-30,749042.519440547,402899.372722018,85.9130517826224
97562,"94107","CA","San Francisco",2013-05-31,760542.456169028,402899.372722018,88.7673468019438
97562,"94107","CA","San Francisco",2013-06-30,775644.58354047,402899.372722018,92.5157088977721
97562,"94107","CA","San Francisco",2013-07-31,786734.551330251,402899.372722018,95.2682492442254
97562,"94107","CA","San Francisco",2013-08-31,793959.1998,402899.372722018,97.0614137311638
97562,"94107","CA","San Francisco",2013-09-30,799489.974775078,402899.372722018,98.4341572372437
97562,"94107","CA","San Francisco",2013-10-31,808395.205995715,402899.372722018,100.644443930041
97562,"94107","CA","San Francisco",2013-11-30,817896.035435248,402899.372722018,103.002558656143
97562,"94107","CA","San Francisco",2013-12-31,826251.7823,402899.372722018,105.076462819433
97562,"94107","CA","San Francisco",2014-01-31,836122.395722396,402899.372722018,107.526358274894
97562,"94107","CA","San Francisco",2014-02-28,849587.5138,402899.372722018,110.868413137534
97562,"94107","CA","San Francisco",2014-03-31,862805.902421351,402899.372722018,114.149229519066
97562,"94107","CA","San Francisco",2014-04-30,877253.512284755,402899.372722018,117.735139759083
97562,"94107","CA","San Francisco",2014-05-31,889697.483528582,402899.372722018,120.823745025394
97562,"94107","CA","San Francisco",2014-06-30,903453.2695,402899.372722018,124.237943930317
97562,"94107","CA","San Francisco",2014-07-31,910859.089601825,402899.372722018,126.076075385274
97562,"94107","CA","San Francisco",2014-08-31,915601.825037931,402899.372722018,127.25322674296
97562,"94107","CA","San Francisco",2014-09-30,921687.758192874,402899.372722018,128.763761026949
97562,"94107","CA","San Francisco",2014-10-31,933112.368748951,402899.372722018,131.59936002004
97562,"94107","CA","San Francisco",2014-11-30,947070.049399248,402899.372722018,135.063669372522
97562,"94107","CA","San Francisco",2014-12-31,961041.483655353,402899.372722018,138.531392382789
97562,"94107","CA","San Francisco",2015-01-31,977764.621099275,402899.372722018,142.682090690145
97562,"94107","CA","San Francisco",2015-02-28,996294.3111,402899.372722018,147.281177026651
97562,"94107","CA","San Francisco",2015-03-31,1013347.9971757,402899.372722018,151.513917812641
97562,"94107","CA","San Francisco",2015-04-30,1024670.31064089,402899.372722018,154.324126572385
97562,"94107","CA","San Francisco",2015-05-31,1035166.05432324,402899.372722018,156.929179941279
97562,"94107","CA","San Francisco",2015-06-30,1048200.56863863,402899.372722018,160.164358548613
97562,"94107","CA","San Francisco",2015-07-31,1059401.09305981,402899.372722018,162.944339154071
97562,"94107","CA","San Francisco",2015-08-31,1069533.3436215,402899.372722018,165.459173191472
97562,"94107","CA","San Francisco",2015-09-30,1078395.18286294,402899.372722018,167.658689954571
97562,"94107","CA","San Francisco",2015-10-31,1092218.88938768,402899.372722018,171.089746804164
97562,"94107","CA","San Francisco",2015-11-30,1105527.65687717,402899.372722018,174.392995305041
97562,"94107","CA","San Francisco",2015-12-31,1115855.56702177,402899.372722018,176.956392233368
97562,"94107","CA","San Francisco",2016-01-31,1125347.24828622,402899.372722018,179.312236373885
97562,"94107","CA","San Francisco",2016-02-29,1134463.45254449,402899.372722018,181.574886771348
97562,"94107","CA","San Francisco",2016-03-31,1141027.81756255,402899.372722018,183.204168289885
97562,"94107","CA","San Francisco",2016-04-30,1142772.81643668,402899.372722018,183.637278637597
97562,"94107","CA","San Francisco",2016-05-31,1139896.9495922,402899.372722018,182.923485805145
97562,"94107","CA","San Francisco",2016-06-30,1132914.40572327,402899.372722018,181.190411905886
97562,"94107","CA","San Francisco",2016-07-31,1119847.35205483,402899.372722018,177.947157000781
97562,"94107","CA","San Francisco",2016-08-31,1103418.55571334,402899.372722018,173.869514429512
97562,"94107","CA","San Francisco",2016-09-30,1088275.04446038,402899.372722018,170.110880815701
97562,"94107","CA","San Francisco",2016-10-31,1079598.53986695,402899.372722018,167.957364285057
97562,"94107","CA","San Francisco",2016-11-30,1077719.19400946,402899.372722018,167.4909088908
97562,"94107","CA","San Francisco",2016-12-31,1079332.88572745,402899.372722018,167.89142867992
97562,"94107","CA","San Francisco",2017-01-31,1081506.98369158,402899.372722018,168.431041821891
97562,"94107","CA","San Francisco",2017-02-28,1083688.45076525,402899.372722018,168.972483983722
97562,"94107","CA","San Francisco",2017-03-31,1085807.98820442,402899.372722018,169.498555152524
97562,"94107","CA","San Francisco",2017-04-30,1086564.34453165,402899.372722018,169.68628349822
97562,"94107","CA","San Francisco",2017-05-31,1085323.33431527,402899.372722018,169.378263605313
97562,"94107","CA","San Francisco",2017-06-30,1083707.59896663,402899.372722018,168.977236585161
97562,"94107","CA","San Francisco",2017-07-31,1081764.91077597,402899.372722018,168.495059564745
97562,"94107","CA","San Francisco",2017-08-31,1081320.70852871,402899.372722018,168.384808152773
97562,"94107","CA","San Francisco",2017-09-30,1084639.54796399,402899.372722018,169.208547195316
97562,"94107","CA","San Francisco",2017-10-31,1091788.66519959,402899.372722018,170.98296475951
97562,"94107","CA","San Francisco",2017-11-30,1101836.77809637,402899.372722018,173.476915750025
97562,"94107","CA","San Francisco",2017-12-31,1107794.93337319,402899.372722018,174.955735445514
97562,"94107","CA","San Francisco",2018-01-31,1114287.66948633,402899.372722018,176.567238603058
97562,"94107","CA","San Francisco",2018-02-28,1118462.22189439,402899.372722018,177.603366403373
97562,"94107","CA","San Francisco",2018-03-31,1124587.94978739,402899.372722018,179.123777778454
97562,"94107","CA","San Francisco",2018-04-30,1127393.68069413,402899.372722018,179.820162805759
97562,"94107","CA","San Francisco",2018-05-31,1131533.44595154,402899.372722018,180.847656402843
97562,"94107","CA","San Francisco",2018-06-30,1135028.63980833,402899.372722018,181.71516677725
97562,"94107","CA","San Francisco",2018-07-31,1136586.716,402899.372722018,182.101882740878
97562,"94107","CA","San Francisco",2018-08-31,1135024.87144373,402899.372722018,181.714231465644
97562,"94107","CA","San Francisco",2018-09-30,1134538.18619671,402899.372722018,181.593435733514
97562,"94107","CA","San Francisco",2018-10-31,1136898.98111855,402899.372722018,182.179387234479
97562,"94107","CA","San Francisco",2018-11-30,1139807.33502312,402899.372722018,182.901243385536
97562,"94107","CA","San Francisco",2018-12-31,1139699.28649059,402899.372722018,182.874425639011
97562,"94107","CA","San Francisco",2019-01-31,1136012.547,402899.372722018,181.959373459684
97562,"94107","CA","San Francisco",2019-02-28,1128970.84484998,402899.372722018,180.211616419894
97562,"94107","CA","San Francisco",2019-03-31,1121686.81135708,402899.372722018,178.403712514834
97562,"94107","CA","San Francisco",2019-04-30,1118124.37284392,402899.372722018,177.519511954011
97562,"94107","CA","San Francisco",2019-05-31,1116908.40904594,402899.372722018,177.217708605506
97562,"94107","CA","San Francisco",2019-06-30,1118311.52037403,402899.372722018,177.565962145494
97562,"94107","CA","San Francisco",2019-07-31,1120956.46307166,402899.372722018,178.222439389367
97562,"94107","CA","San Francisco",2019-08-31,1126253.42881719,402899.372722018,179.537151226654
97562,"94107","CA","San Francisco",2019-09-30,1130488.47683243,402899.372722018,180.58829409308
97562,"94107","CA","San Francisco",2019-10-31,1134992.81093281,402899.372722018,181.706274016936
97562,"94107","CA","San Francisco",2019-11-30,1139414.899,402899.372722018,182.803840398665
97562,"94107","CA","San Francisco",2019-12-31,1145363.95593017,402899.372722018,184.280401876033
97562,"94107","CA","San Francisco",2020-01-31,1147101.23281136,402899.372722018,184.711595617898
97562,"94107","CA","San Francisco",2020-02-29,1145428.88132756,402899.372722018,184.296516420207
97562,"94107","CA","San Francisco",2020-03-31,1141879.66245056,402899.372722018,183.415596985406
97562,"94107","CA","San Francisco",2020-04-30,1139960.84759693,402899.372722018,182.939345349502
97562,"94107","CA","San Francisco",2020-05-31,1136635.35601488,402899.372722018,182.113955237925
97562,"94107","CA","San Francisco",2020-06-30,1130966.25300421,402899.372722018,180.706878584426
97562,"94107","CA","San Francisco",2020-07-31,1125283.12715008,402899.372722018,179.296321448103
97562,"94107","CA","San Francisco",2020-08-31,1123285.66748594,402899.372722018,178.800550096898
97562,"94107","CA","San Francisco",2020-09-30,1123041.05052565,402899.372722018,178.739835939257
97562,"94107","CA","San Francisco",2020-10-31,1122965.73,402899.372722018,178.721141314557
97562,"94107","CA","San Francisco",2020-11-30,1123072.67730272,402899.372722018,178.747685734816
97562,"94107","CA","San Francisco",2020-12-31,1122603.15751496,402899.372722018,178.631150485683
97562,"94107","CA","San Francisco",2021-01-31,1121567.878655,402899.372722018,178.374193307278
97562,"94107","CA","San Francisco",2021-02-28,1117247.90055877,402899.372722018,177.301970715556
97562,"94107","CA","San Francisco",2021-03-31,1112001.94525242,402899.372722018,175.999919716838
97562,"94107","CA","San Francisco",2021-04-30,1106661.50511703,402899.372722018,174.674417495452
97562,"94107","CA","San Francisco",2021-05-31,1105764.81376343,402899.372722018,174.451857865353
97562,"94107","CA","San Francisco",2021-06-30,1107444.97163128,402899.372722018,174.868874614844
97562,"94107","CA","San Francisco",2021-07-31,1113327.58140447,402899.372722018,176.32894384589
97562,"94107","CA","San Francisco",2021-08-31,1119775.09334048,402899.372722018,177.929222320502
97562,"94107","CA","San Francisco",2021-09-30,1127740.79365227,402899.372722018,179.90631656564
97562,"94107","CA","San Francisco",2021-10-31,1135006.9863171,402899.372722018,181.709792360535
97562,"94107","CA","San Francisco",2021-11-30,1144451.80284827,402899.372722018,184.054004630552
97562,"94107","CA","San Francisco",2021-12-31,1152598.34107366,402899.372722018,186.075983014472
97562,"94107","CA","San Francisco",2022-01-31,1158792.99486255,402899.372722018,187.613501861187
97562,"94107","CA","San Francisco",2022-02-28,1163939.30299483,402899.372722018,188.89082033838
97562,"94107","CA","San Francisco",2022-03-31,1169038.2534955,402899.372722018,190.15638460725
97562,"94107","CA","San Francisco",2022-04-30,1172681.5383115,402899.372722018,191.060651295825
97562,"94107","CA","San Francisco",2022-05-31,1170498.34495681,402899.372722018,190.518780669434
97562,"94107","CA","San Francisco",2022-06-30,1161676.76893953,402899.372722018,188.329257276117
97562,"94107","CA","San Francisco",2022-07-31,1147586.52593641,402899.372722018,184.832045824055
97562,"94107","CA","San Francisco",2022-08-31,1127239.36630626,402899.372722018,179.781861830796
97562,"94107","CA","San Francisco",2022-09-30,1104341.70771275,402899.372722018,174.098641616573
97562,"94107","CA","San Francisco",2022-10-31,1082133.09594635,402899.372722018,168.586443467355
97562,"94107","CA","San Francisco",2022-11-30,1063813.40785415,402899.372722018,164.039479800365
97562,"94107","CA","San Francisco",2022-12-31,1048679.39206442,402899.372722018,160.283202969382
97562,"94107","CA","San Francisco",2023-01-31,1034323.79723424,402899.372722018,156.720130946414
97562,"94107","CA","San Francisco",2023-02-28,1022984.57114191,402899.372722018,153.905724456842
97562,"94107","CA","San Francisco",2023-03-31,1014068.49143285,402899.372722018,151.692745159101
97562,"94107","CA","San Francisco",2023-04-30,1008744.4300191,402899.372722018,150.371308151697
97562,"94107","CA","San Francisco",2023-05-31,1005763.71010786,402899.372722018,149.631490690305
97562,"94107","CA","San Francisco",2023-06-30,1005986.36462008,402899.372722018,149.686753747856
97562,"94107","CA","San Francisco",2023-07-31,1007293.40755619,402899.372722018,150.011163023372
97562,"94107","CA","San Francisco",2023-08-31,1007495.95053792,402899.372722018,150.061434380302
97562,"94107","CA","San Francisco",2023-09-30,1006667.9271046,402899.372722018,149.855918192047
97562,"94107","CA","San Francisco",2023-10-31,1002835.11682629,402899.372722018,148.904611107001
97562,"94107","CA","San Francisco",2023-11-30,997168.441250617,402899.372722018,147.498136945132
97562,"94107","CA","San Francisco",2023-12-31,987910.090129803,402899.372722018,145.200205563838
97562,"94107","CA","San Francisco",2024-01-31,980021.156197691,402899.372722018,143.242164805717
97562,"94107","CA","San Francisco",2024-02-29,973943.032132536,402899.372722018,141.733568745095
97562,"94107","CA","San Francisco",2024-03-31,974182.420324363,402899.372722018,141.792985117528
97562,"94107","CA","San Francisco",2024-04-30,977576.073398258,402899.372722018,142.635292974938
97562,"94107","CA","San Francisco",2024-05-31,981950.138311643,402899.372722018,143.720939965112
97562,"94107","CA","San Francisco",2024-06-30,980159.050376648,402899.372722018,143.276390269516
97562,"94107","CA","San Francisco",2024-07-31,976670.056400335,402899.372722018,142.410418711223
97562,"94107","CA","San Francisco",2024-08-31,969940.427745788,402899.372722018,140.740118604007
97562,"94107","CA","San Francisco",2024-09-30,966942.75440648,402899.372722018,139.996093285959
97562,"94107","CA","San Francisco",2024-10-31,964494.970419481,402899.372722018,139.388551017908
97562,"94107","CA","San Francisco",2024-11-30,965405.2267,402899.372722018,139.614477475517
97562,"94107","CA","San Francisco",2024-12-31,966998.699632211,402899.372722018,140.009978943153
97562,"94107","CA","San Francisco",2025-01-31,968169.12661776,402899.372722018,140.300480012351
97562,"94107","CA","San Francisco",2025-02-28,969162.081954195,402899.372722018,140.546932452752
97562,"94107","CA","San Francisco",2025-03-31,967640.86103422,402899.372722018,140.169364001926
97562,"94107","CA","San Francisco",2025-04-30,965464.513525333,402899.372722018,139.629192520848
97562,"94107","CA","San Francisco",2025-05-31,960099.885533282,402899.372722018,138.297686850882
97562,"94107","CA","San Francisco",2025-06-30,955025.530458567,402899.372722018,137.038227189669
97562,"94107","CA","San Francisco",2025-07-31,949042.671075258,402899.372722018,135.553275911912
97562,"94107","CA","San Francisco",2025-08-31,945363.750865816,402899.372722018,134.640164485456
97562,"94107","CA","San Francisco",2025-09-30,944503.965510198,402899.372722018,134.42676495847
97822,"94621","CA","Oakland",2000-01-31,67020.6488843526,67020.6488843526,0
97822,"94621","CA","Oakland",2000-02-29,67101.5058930295,67020.6488843526,0.120644920666889
97822,"94621","CA","Oakland",2000-03-31,67401.7135579527,67020.6488843526,0.56857801281171
97822,"94621","CA","Oakland",2000-04-30,68629.6983976453,67020.6488843526,2.40082652149371
97822,"94621","CA","Oakland",2000-05-31,70775.2150874503,67020.6488843526,5.60210362865402
97822,"94621","CA","Oakland",2000-06-30,72911.6998688284,67020.6488843526,8.78990442876965
97822,"94621","CA","Oakland",2000-07-31,74977.54659,67020.6488843526,11.8723077709639
97822,"94621","CA","Oakland",2000-08-31,76428.8290676528,67020.6488843526,14.0377336536006
97822,"94621","CA","Oakland",2000-09-30,78133.7044811217,67020.6488843526,16.5815398414678
97822,"94621","CA","Oakland",2000-10-31,79591.6516733746,67020.6488843526,18.7569099945808
97822,"94621","CA","Oakland",2000-11-30,81169.1220054768,67020.6488843526,21.1106179314053
97822,"94621","CA","Oakland",2000-12-31,82671.4078083288,67020.6488843526,23.3521447262954
97822,"94621","CA","Oakland",2001-01-31,83559.94181,67020.6488843526,24.6779062885333
97822,"94621","CA","Oakland",2001-02-28,84457.00065,67020.6488843526,26.0163875699484
97822,"94621","CA","Oakland",2001-03-31,86119.1813932,67020.6488843526,28.4964900023617
97822,"94621","CA","Oakland",2001-04-30,88656.7696312557,67020.6488843526,32.2827682319777
97822,"94621","CA","Oakland",2001-05-31,91463.7982691515,67020.6488843526,36.4710724107981
97822,"94621","CA","Oakland",2001-06-30,93961.951448704,67020.6488843526,40.1985104782258
97822,"94621","CA","Oakland",2001-07-31,96488.0898471681,67020.6488843526,43.9677046601907
97822,"94621","CA","Oakland",2001-08-31,98833.7686224123,67020.6488843526,47.4676391047106
97822,"94621","CA","Oakland",2001-09-30,100772.825854498,67020.6488843526,50.3608627072337
97822,"94621","CA","Oakland",2001-10-31,102251.794325936,67020.6488843526,52.5675982373384
97822,"94621","CA","Oakland",2001-11-30,103739.850769758,67020.6488843526,54.7878937262552
97822,"94621","CA","Oakland",2001-12-31,105021.430239266,67020.6488843526,56.700109574418
97822,"94621","CA","Oakland",2002-01-31,105790.119086135,67020.6488843526,57.8470528816884
97822,"94621","CA","Oakland",2002-02-28,106407.157286883,67020.6488843526,58.7677216770813
97822,"94621","CA","Oakland",2002-03-31,107117.499098822,67020.6488843526,59.8276066882892
97822,"94621","CA","Oakland",2002-04-30,108716.819135846,67020.6488843526,62.2139160774799
97822,"94621","CA","Oakland",2002-05-31,110735.030514792,67020.6488843526,65.2252437989228
97822,"94621","CA","Oakland",2002-06-30,113446.100833903,67020.6488843526,69.2703707325487
97822,"94621","CA","Oakland",2002-07-31,115978.118453797,67020.6488843526,73.0483371683293
97822,"94621","CA","Oakland",2002-08-31,118170.409609643,67020.6488843526,76.3194054022847
97822,"94621","CA","Oakland",2002-09-30,119898.938582269,67020.6488843526,78.8985045327753
97822,"94621","CA","Oakland",2002-10-31,121457.55770202,67020.6488843526,81.2240850004321
97822,"94621","CA","Oakland",2002-11-30,123121.616844216,67020.6488843526,83.7069901496598
97822,"94621","CA","Oakland",2002-12-31,124541.493850348,67020.6488843526,85.8255566359115
97822,"94621","CA","Oakland",2003-01-31,126163.201428036,67020.6488843526,88.2452699700603
97822,"94621","CA","Oakland",2003-02-28,127663.212585122,67020.6488843526,90.4834028172585
97822,"94621","CA","Oakland",2003-03-31,129510.571370473,67020.6488843526,93.2398052336821
97822,"94621","CA","Oakland",2003-04-30,131296.076719206,67020.6488843526,95.9039175310935
97822,"94621","CA","Oakland",2003-05-31,132954.520519428,67020.6488843526,98.3784441550949
97822,"94621","CA","Oakland",2003-06-30,134584.578948866,67020.6488843526,100.810617606969
97822,"94621","CA","Oakland",2003-07-31,136116.184293736,67020.6488843526,103.095891429836
97822,"94621","CA","Oakland",2003-08-31,137745.23922712,67020.6488843526,105.526567587859
97822,"94621","CA","Oakland",2003-09-30,139053.860241157,67020.6488843526,107.479131515276
97822,"94621","CA","Oakland",2003-10-31,140371.1887,67020.6488843526,109.44468762488
97822,"94621","CA","Oakland",2003-11-30,142270.465310075,67020.6488843526,112.278555457692
97822,"94621","CA","Oakland",2003-12-31,144214.38856851,67020.6488843526,115.179039548482
97822,"94621","CA","Oakland",2004-01-31,146450.766551144,67020.6488843526,118.515888743262
97822,"94621","CA","Oakland",2004-02-29,148044.880252521,67020.6488843526,120.894429876351
97822,"94621","CA","Oakland",2004-03-31,150106.462175747,67020.6488843526,123.970469809631
97822,"94621","CA","Oakland",2004-04-30,152156.868919195,67020.6488843526,127.029835508977
97822,"94621","CA","Oakland",2004-05-31,154596.459499154,67020.6488843526,130.669893641163
97822,"94621","CA","Oakland",2004-06-30,156987.7272,67020.6488843526,134.237850294303
97822,"94621","CA","Oakland",2004-07-31,159509.214797884,67020.6488843526,138.00010512152
97822,"94621","CA","Oakland",2004-08-31,161926.71370924,67020.6488843526,141.607200772784
97822,"94621","CA","Oakland",2004-09-30,164446.153109428,67020.6488843526,145.366399530372
97822,"94621","CA","Oakland",2004-10-31,166758.265075423,67020.6488843526,148.816249695183
97822,"94621","CA","Oakland",2004-11-30,169368.773341963,67020.6488843526,152.711330256168
97822,"94621","CA","Oakland",2004-12-31,172278.833518469,67020.6488843526,157.053365472102
97822,"94621","CA","Oakland",2005-01-31,175506.617651714,67020.6488843526,161.869469444499
97822,"94621","CA","Oakland",2005-02-28,179000.457235441,67020.6488843526,167.082548759436
97822,"94621","CA","Oakland",2005-03-31,182509.482585474,67020.6488843526,172.318286414091
97822,"94621","CA","Oakland",2005-04-30,186378.083767118,67020.6488843526,178.090539064644
97822,"94621","CA","Oakland",2005-05-31,190286.356394176,67020.6488843526,183.921984584967
97822,"94621","CA","Oakland",2005-06-30,194333.644517168,67020.6488843526,189.960851994286
97822,"94621","CA","Oakland",2005-07-31,197829.385244395,67020.6488843526,195.176767962601
97822,"94621","CA","Oakland",2005-08-31,201214.966269693,67020.6488843526,200.228317121936
97822,"94621","CA","Oakland",2005-09-30,203817.583113951,67020.6488843526,204.111623069554
97822,"94621","CA","Oakland",2005-10-31,206416.329180162,67020.6488843526,207.989153516468
97822,"94621","CA","Oakland",2005-11-30,208181.269028473,67020.6488843526,210.62258049411
97822,"94621","CA","Oakland",2005-12-31,210117.539863659,67020.6488843526,213.511646576605
97822,"94621","CA","Oakland",2006-01-31,211829.202937372,67020.6488843526,216.065580479375
97822,"94621","CA","Oakland",2006-02-28,214192.543926763,67020.6488843526,219.591868315633
97822,"94621","CA","Oakland",2006-03-31,216906.132773498,67020.6488843526,223.640753087575
97822,"94621","CA","Oakland",2006-04-30,219168.976800513,67020.6488843526,227.017091670807
97822,"94621","CA","Oakland",2006-05-31,220579.011065518,67020.6488843526,229.120972024813
97822,"94621","CA","Oakland",2006-06-30,221540.123163284,67020.6488843526,230.555025728805
97822,"94621","CA","Oakland",2006-07-31,222772.731406365,67020.6488843526,232.394172713503
97822,"94621","CA","Oakland",2006-08-31,224578.124277492,67020.6488843526,235.087958734946
97822,"94621","CA","Oakland",2006-09-30,225824.91875133,67020.6488843526,236.948272674892
97822,"94621","CA","Oakland",2006-10-31,226470.350860722,67020.6488843526,237.911307381562
97822,"94621","CA","Oakland",2006-11-30,226617.097523474,67020.6488843526,238.130264770358
97822,"94621","CA","Oakland",2006-12-31,226640.460264641,67020.6488843526,238.165123790013
97822,"94621","CA","Oakland",2007-01-31,227818.914065359,67020.6488843526,239.923468151541
97822,"94621","CA","Oakland",2007-02-28,227959.204709952,67020.6488843526,240.132792661119
97822,"94621","CA","Oakland",2007-03-31,228554.21347047,67020.6488843526,241.020591825143
97822,"94621","CA","Oakland",2007-04-30,228427.137914543,67020.6488843526,240.830985251583
97822,"94621","CA","Oakland",2007-05-31,228062.99548555,67020.6488843526,240.287656538635
97822,"94621","CA","Oakland",2007-06-30,226843.158148106,67020.6488843526,238.467564734468
97822,"94621","CA","Oakland",2007-07-31,225534.811066292,67020.6488843526,236.515409535147
97822,"94621","CA","Oakland",2007-08-31,224171.190352121,67020.6488843526,234.480781794487
97822,"94621","CA","Oakland",2007-09-30,222173.683633467,67020.6488843526,231.50034703012
97822,"94621","CA","Oakland",2007-10-31,218498.844044761,67020.6488843526,226.017201686292
97822,"94621","CA","Oakland",2007-11-30,214552.445038652,67020.6488843526,220.128868654902
97822,"94621","CA","Oakland",2007-12-31,209780.4455,67020.6488843526,213.008675672458
97822,"94621","CA","Oakland",2008-01-31,206261.286168753,67020.6488843526,207.757817332784
97822,"94621","CA","Oakland",2008-02-29,202380.380553733,67020.6488843526,201.967205514453
97822,"94621","CA","Oakland",2008-03-31,197413.5008,67020.6488843526,194.556236154393
97822,"94621","CA","Oakland",2008-04-30,191332.769211223,67020.6488843526,185.483313570086
97822,"94621","CA","Oakland",2008-05-31,184536.04678181,67020.6488843526,175.342077186146
97822,"94621","CA","Oakland",2008-06-30,178462.13950783,67020.6488843526,166.279337008174
97822,"94621","CA","Oakland",2008-07-31,171768.17083198,67020.6488843526,156.291417184538
97822,"94621","CA","Oakland",2008-08-31,165128.991931569,67020.6488843526,146.385247950236
97822,"94621","CA","Oakland",2008-09-30,157478.476170838,67020.6488843526,134.970085775468
97822,"94621","CA","Oakland",2008-10-31,148803.100264986,67020.6488843526,122.025752871705
97822,"94621","CA","Oakland",2008-11-30,140177.01341373,67020.6488843526,109.154963055658
97822,"94621","CA","Oakland",2008-12-31,133133.29018426,67020.6488843526,98.6451823437104
97822,"94621","CA","Oakland",2009-01-31,128196.514404166,67020.6488843526,91.279130444373
97822,"94621","CA","Oakland",2009-02-28,125391.529165327,67020.6488843526,87.093875175241
97822,"94621","CA","Oakland",2009-03-31,123744.338751657,67020.6488843526,84.6361394757372
97822,"94621","CA","Oakland",2009-04-30,121758.430662907,67020.6488843526,81.6730107656926
97822,"94621","CA","Oakland",2009-05-31,119339.751929824,67020.6488843526,78.0641547290161
97822,"94621","CA","Oakland",2009-06-30,118269.422380237,67020.6488843526,76.4671401261977
97822,"94621","CA","Oakland",2009-07-31,116917.416246202,67020.6488843526,74.4498422388424
97822,"94621","CA","Oakland",2009-08-31,115541.096705365,67020.6488843526,72.3962668650631
97822,"94621","CA","Oakland",2009-09-30,113362.783397055,67020.6488843526,69.1460546624487
97822,"94621","CA","Oakland",2009-10-31,112772.439232337,67020.6488843526,68.2652154367103
97822,"94621","CA","Oakland",2009-11-30,112726.746483467,67020.6488843526,68.197038315732
97822,"94621","CA","Oakland",2009-12-31,112904.853072336,67020.6488843526,68.4627871436447
97822,"94621","CA","Oakland",2010-01-31,113410.475473666,67020.6488843526,69.2172149352973
97822,"94621","CA","Oakland",2010-02-28,114228.184600081,67020.6488843526,70.4373002970879
97822,"94621","CA","Oakland",2010-03-31,115503.284356789,67020.6488843526,72.3398479117912
97822,"94621","CA","Oakland",2010-04-30,116361.703137552,67020.6488843526,73.6206752315095
97822,"94621","CA","Oakland",2010-05-31,117136.719203913,67020.6488843526,74.7770592404109
97822,"94621","CA","Oakland",2010-06-30,116704.294498754,67020.6488843526,74.1318480818247
97822,"94621","CA","Oakland",2010-07-31,115863.781235398,67020.6488843526,72.877737181158
97822,"94621","CA","Oakland",2010-08-31,114130.501234806,67020.6488843526,70.2915491488955
97822,"94621","CA","Oakland",2010-09-30,112747.706654553,67020.6488843526,68.228312514707
97822,"94621","CA","Oakland",2010-10-31,111774.677091301,67020.6488843526,66.7764770290024
97822,"94621","CA","Oakland",2010-11-30,111817.0447,67020.6488843526,66.8396927832582
97822,"94621","CA","Oakland",2010-12-31,111768.337036609,67020.6488843526,66.7670171762594
97822,"94621","CA","Oakland",2011-01-31,111284.495422835,67020.6488843526,66.0450880069243
97822,"94621","CA","Oakland",2011-02-28,110040.511430002,67020.6488843526,64.1889675223566
97822,"94621","CA","Oakland",2011-03-31,108461.914666869,67020.6488843526,61.8335788631729
97822,"94621","CA","Oakland",2011-04-30,107237.100530306,67020.6488843526,60.0060612891835
97822,"94621","CA","Oakland",2011-05-31,106159.534035231,67020.6488843526,58.3982486030758
97822,"94621","CA","Oakland",2011-06-30,104864.179800929,67020.6488843526,56.4654797387558
97822,"94621","CA","Oakland",2011-07-31,104418.63318461,67020.6488843526,55.8006896722071
97822,"94621","CA","Oakland",2011-08-31,104306.239352636,67020.6488843526,55.6329893681301
97822,"94621","CA","Oakland",2011-09-30,105400.220973829,67020.6488843526,57.2652946940316
97822,"94621","CA","Oakland",2011-10-31,105405.656303164,67020.6488843526,57.2734046264558
97822,"94621","CA","Oakland",2011-11-30,104788.994759967,67020.6488843526,56.3532978333079
97822,"94621","CA","Oakland",2011-12-31,104008.465769477,67020.6488843526,55.1886881145375
97822,"94621","CA","Oakland",2012-01-31,103664.926727959,67020.6488843526,54.6761012517771
97822,"94621","CA","Oakland",2012-02-29,104348.769044177,67020.6488843526,55.6964469625405
97822,"94621","CA","Oakland",2012-03-31,104933.556019771,67020.6488843526,56.5689944316103
97822,"94621","CA","Oakland",2012-04-30,105582.835271505,67020.6488843526,57.53776937268
97822,"94621","CA","Oakland",2012-05-31,106414.100693317,67020.6488843526,58.7780817773642
97822,"94621","CA","Oakland",2012-06-30,107526.914952492,67020.6488843526,60.4384868580358
97822,"94621","CA","Oakland",2012-07-31,108817.146294111,67020.6488843526,62.3636119696196
97822,"94621","CA","Oakland",2012-08-31,110121.570462555,67020.6488843526,64.3099138782959
97822,"94621","CA","Oakland",2012-09-30,111716.284470607,67020.6488843526,66.6893507154469
97822,"94621","CA","Oakland",2012-10-31,113464.907074754,67020.6488843526,69.2984311007544
97822,"94621","CA","Oakland",2012-11-30,115604.630217176,67020.6488843526,72.4910637864127
97822,"94621","CA","Oakland",2012-12-31,118397.13825703,67020.6488843526,76.6577021080928
97822,"94621","CA","Oakland",2013-01-31,122117.032852907,67020.6488843526,82.2080730128805
97822,"94621","CA","Oakland",2013-02-28,125857.42925597,67020.6488843526,87.7890342021956
97822,"94621","CA","Oakland",2013-03-31,129635.50870907,67020.6488843526,93.4262214213457
97822,"94621","CA","Oakland",2013-04-30,133927.273850886,67020.6488843526,99.8298674815638
97822,"94621","CA","Oakland",2013-05-31,139936.070671713,67020.6488843526,108.795457819545
97822,"94621","CA","Oakland",2013-06-30,146246.970184326,67020.6488843526,118.211808776549
97822,"94621","CA","Oakland",2013-07-31,152259.73859074,67020.6488843526,127.18332502789
97822,"94621","CA","Oakland",2013-08-31,157706.224679468,67020.6488843526,135.309904193255
97822,"94621","CA","Oakland",2013-09-30,162860.225396223,67020.6488843526,143.000072525776
97822,"94621","CA","Oakland",2013-10-31,168044.557108856,67020.6488843526,150.735497053789
97822,"94621","CA","Oakland",2013-11-30,172073.658028993,67020.6488843526,156.747227747548
97822,"94621","CA","Oakland",2013-12-31,176208.331684319,67020.6488843526,162.916481140574
97822,"94621","CA","Oakland",2014-01-31,179037.497830936,67020.6488843526,167.137816197325
97822,"94621","CA","Oakland",2014-02-28,181477.281364709,67020.6488843526,170.778162231549
97822,"94621","CA","Oakland",2014-03-31,183601.301545986,67020.6488843526,173.947364882724
97822,"94621","CA","Oakland",2014-04-30,186709.284142316,67020.6488843526,178.584715681419
97822,"94621","CA","Oakland",2014-05-31,191801.503280328,67020.6488843526,186.182701112445
97822,"94621","CA","Oakland",2014-06-30,197144.912551056,67020.6488843526,194.15548168034
97822,"94621","CA","Oakland",2014-07-31,201675.331870706,67020.6488843526,200.915218261624
97822,"94621","CA","Oakland",2014-08-31,205087.371071511,67020.6488843526,206.00624506844
97822,"94621","CA","Oakland",2014-09-30,208487.561068105,67020.6488843526,211.079591944656
97822,"94621","CA","Oakland",2014-10-31,212513.034746919,67020.6488843526,217.085910513371
97822,"94621","CA","Oakland",2014-11-30,217146.312064874,67020.6488843526,223.999119196191
97822,"94621","CA","Oakland",2014-12-31,222291.399093927,67020.6488843526,231.675987616147
97822,"94621","CA","Oakland",2015-01-31,227041.946968875,67020.6488843526,238.764173054557
97822,"94621","CA","Oakland",2015-02-28,231984.783344556,67020.6488843526,246.139267832004
97822,"94621","CA","Oakland",2015-03-31,235737.05233854,67020.6488843526,251.737943846703
97822,"94621","CA","Oakland",2015-04-30,240231.152832736,67020.6488843526,258.443489926913
97822,"94621","CA","Oakland",2015-05-31,244506.646765906,67020.6488843526,264.822858083357
97822,"94621","CA","Oakland",2015-06-30,249260.228747916,67020.6488843526,271.915570644543
97822,"94621","CA","Oakland",2015-07-31,254500.236242477,67020.6488843526,279.734067752208
97822,"94621","CA","Oakland",2015-08-31,259468.508196883,67020.6488843526,287.147114383522
97822,"94621","CA","Oakland",2015-09-30,265085.469687886,67020.6488843526,295.528056055238
97822,"94621","CA","Oakland",2015-10-31,271391.3234,67020.6488843526,304.936878287017
97822,"94621","CA","Oakland",2015-11-30,277592.052707807,67020.6488843526,314.188846763937
97822,"94621","CA","Oakland",2015-12-31,284571.8973,67020.6488843526,324.603315600604
97822,"94621","CA","Oakland",2016-01-31,291056.0238,67020.6488843526,334.278134642103
97822,"94621","CA","Oakland",2016-02-29,297983.657791225,67020.6488843526,344.614701217547
97822,"94621","CA","Oakland",2016-03-31,303714.42779369,67020.6488843526,353.165454004727
97822,"94621","CA","Oakland",2016-04-30,309123.400673212,67020.6488843526,361.236060555934
97822,"94621","CA","Oakland",2016-05-31,314113.548988985,67020.6488843526,368.681748413095
97822,"94621","CA","Oakland",2016-06-30,318960.446361472,67020.6488843526,375.913694765704
97822,"94621","CA","Oakland",2016-07-31,322762.484574996,67020.6488843526,381.586630311412
97822,"94621","CA","Oakland",2016-08-31,326216.600470746,67020.6488843526,386.740438806627
97822,"94621","CA","Oakland",2016-09-30,329141.820897897,67020.6488843526,391.105094290937
97822,"94621","CA","Oakland",2016-10-31,333113.095964171,67020.6488843526,397.030544331157
97822,"94621","CA","Oakland",2016-11-30,337484.445906797,67020.6488843526,403.552937079352
97822,"94621","CA","Oakland",2016-12-31,342228.837106967,67020.6488843526,410.631936282056
97822,"94621","CA","Oakland",2017-01-31,346769.354400601,67020.6488843526,417.40673982278
97822,"94621","CA","Oakland",2017-02-28,351447.320568473,67020.6488843526,424.386627731571
97822,"94621","CA","Oakland",2017-03-31,355449.209779338,67020.6488843526,430.357756447096
97822,"94621","CA","Oakland",2017-04-30,359612.578049563,67020.6488843526,436.569824428427
97822,"94621","CA","Oakland",2017-05-31,362685.927818497,67020.6488843526,441.15550036576
97822,"94621","CA","Oakland",2017-06-30,366187.651596836,67020.6488843526,446.38034350982
97822,"94621","CA","Oakland",2017-07-31,369363.854454136,67020.6488843526,451.119484222678
97822,"94621","CA","Oakland",2017-08-31,373687.675173975,67020.6488843526,457.570959688545
97822,"94621","CA","Oakland",2017-09-30,378507.901035613,67020.6488843526,464.763110080816
97822,"94621","CA","Oakland",2017-10-31,383968.363933602,67020.6488843526,472.910543728334
97822,"94621","CA","Oakland",2017-11-30,390262.829,67020.6488843526,482.302373218466
97822,"94621","CA","Oakland",2017-12-31,396798.423041972,67020.6488843526,492.053985819606
97822,"94621","CA","Oakland",2018-01-31,403463.572710158,67020.6488843526,501.998905451294
97822,"94621","CA","Oakland",2018-02-28,410082.7882,67020.6488843526,511.875287730529
97822,"94621","CA","Oakland",2018-03-31,416823.504740408,67020.6488843526,521.932958989486
97822,"94621","CA","Oakland",2018-04-30,422873.126186726,67020.6488843526,530.959462831245
97822,"94621","CA","Oakland",2018-05-31,427555.352090284,67020.6488843526,537.945706595667
97822,"94621","CA","Oakland",2018-06-30,431705.013457036,67020.6488843526,544.137322815189
97822,"94621","CA","Oakland",2018-07-31,435601.356112901,67020.6488843526,549.950967894316
97822,"94621","CA","Oakland",2018-08-31,440371.222502391,67020.6488843526,557.067978052963
97822,"94621","CA","Oakland",2018-09-30,444181.9545,67020.6488843526,562.753885398003
97822,"94621","CA","Oakland",2018-10-31,448061.583818686,67020.6488843526,568.542592883335
97822,"94621","CA","Oakland",2018-11-30,450823.552216425,67020.6488843526,572.663663693175
97822,"94621","CA","Oakland",2018-12-31,452949.614144974,67020.6488843526,575.835912789446
97822,"94621","CA","Oakland",2019-01-31,453818.429736716,67020.6488843526,577.132252956552
97822,"94621","CA","Oakland",2019-02-28,454854.912235139,67020.6488843526,578.678765137015
97822,"94621","CA","Oakland",2019-03-31,457459.200123871,67020.6488843526,582.564564412439
97822,"94621","CA","Oakland",2019-04-30,459100.172607743,67020.6488843526,585.013022479002
97822,"94621","CA","Oakland",2019-05-31,459668.9568,67020.6488843526,585.86169255565
97822,"94621","CA","Oakland",2019-06-30,459732.515052893,67020.6488843526,585.95652639261
97822,"94621","CA","Oakland",2019-07-31,461285.378811655,67020.6488843526,588.273519415823
97822,"94621","CA","Oakland",2019-08-31,463827.098821851,67020.6488843526,592.065962569547
97822,"94621","CA","Oakland",2019-09-30,465962.459912732,67020.6488843526,595.252086736393
97822,"94621","CA","Oakland",2019-10-31,469104.440201334,67020.6488843526,599.940164725646
97822,"94621","CA","Oakland",2019-11-30,473253.279091388,67020.6488843526,606.130553746219
97822,"94621","CA","Oakland",2019-12-31,478303.382711371,67020.6488843526,613.665699561798
97822,"94621","CA","Oakland",2020-01-31,482829.923660587,67020.6488843526,620.419649313951
97822,"94621","CA","Oakland",2020-02-29,486007.760831267,67020.6488843526,625.161228548977
97822,"94621","CA","Oakland",2020-03-31,488273.96321848,67020.6488843526,628.542578065785
97822,"94621","CA","Oakland",2020-04-30,490191.797815134,67020.6488843526,631.404135852197
97822,"94621","CA","Oakland",2020-05-31,490016.418422594,67020.6488843526,631.142456212475
97822,"94621","CA","Oakland",2020-06-30,489064.028271333,67020.6488843526,629.721416328327
97822,"94621","CA","Oakland",2020-07-31,486902.099677225,67020.6488843526,626.495651388572
97822,"94621","CA","Oakland",2020-08-31,485619.801447555,67020.6488843526,624.582363094568
97822,"94621","CA","Oakland",2020-09-30,485860.777995714,67020.6488843526,624.941918772065
97822,"94621","CA","Oakland",2020-10-31,488006.191480653,67020.6488843526,628.14304188957
97822,"94621","CA","Oakland",2020-11-30,492990.668953402,67020.6488843526,635.580268409639
97822,"94621","CA","Oakland",2020-12-31,498467.778635282,67020.6488843526,643.752540348293
97822,"94621","CA","Oakland",2021-01-31,504565.829757097,67020.6488843526,652.851305017578
97822,"94621","CA","Oakland",2021-02-28,511519.314298621,67020.6488843526,663.226442616622
97822,"94621","CA","Oakland",2021-03-31,518435.104870565,67020.6488843526,673.545337893029
97822,"94621","CA","Oakland",2021-04-30,525561.361831951,67020.6488843526,684.178265326605
97822,"94621","CA","Oakland",2021-05-31,530810.07853153,67020.6488843526,692.00975724283
97822,"94621","CA","Oakland",2021-06-30,535781.039031344,67020.6488843526,699.426815392165
97822,"94621","CA","Oakland",2021-07-31,540134.908481771,67020.6488843526,705.923125891843
97822,"94621","CA","Oakland",2021-08-31,542024.162950926,67020.6488843526,708.74203991402
97822,"94621","CA","Oakland",2021-09-30,542598.067292471,67020.6488843526,709.598349650048
97822,"94621","CA","Oakland",2021-10-31,541641.6561,67020.6488843526,708.171310060918
97822,"94621","CA","Oakland",2021-11-30,541857.697616982,67020.6488843526,708.493660740266
97822,"94621","CA","Oakland",2021-12-31,541501.97469143,67020.6488843526,707.962894578683
97822,"94621","CA","Oakland",2022-01-31,544212.744577499,67020.6488843526,712.007573242935
97822,"94621","CA","Oakland",2022-02-28,549855.342606188,67020.6488843526,720.426766614855
97822,"94621","CA","Oakland",2022-03-31,558936.32823265,67020.6488843526,733.976300642989
97822,"94621","CA","Oakland",2022-04-30,565537.096846166,67020.6488843526,743.825158753727
97822,"94621","CA","Oakland",2022-05-31,567892.456493883,67020.6488843526,747.339537809922
97822,"94621","CA","Oakland",2022-06-30,565431.608206183,67020.6488843526,743.667761531022
97822,"94621","CA","Oakland",2022-07-31,559156.145651804,67020.6488843526,734.304285260884
97822,"94621","CA","Oakland",2022-08-31,551180.216046043,67020.6488843526,722.403580420613
97822,"94621","CA","Oakland",2022-09-30,542567.590675711,67020.6488843526,709.55287617692
97822,"94621","CA","Oakland",2022-10-31,534594.188433603,67020.6488843526,697.655942359006
97822,"94621","CA","Oakland",2022-11-30,526699.749370944,67020.6488843526,685.876827721842
97822,"94621","CA","Oakland",2022-12-31,518895.89143516,67020.6488843526,674.232867142991
97822,"94621","CA","Oakland",2023-01-31,510262.480501589,67020.6488843526,661.351149228759
97822,"94621","CA","Oakland",2023-02-28,503206.364768666,67020.6488843526,650.822877941652
97822,"94621","CA","Oakland",2023-03-31,499654.626692416,67020.6488843526,645.523409590669
97822,"94621","CA","Oakland",2023-04-30,499383.98811299,67020.6488843526,645.119595864703
97822,"94621","CA","Oakland",2023-05-31,501952.603600834,67020.6488843526,648.952169154581
97822,"94621","CA","Oakland",2023-06-30,504697.909816297,67020.6488843526,653.048378697703
97822,"94621","CA","Oakland",2023-07-31,507423.149866544,67020.6488843526,657.114647967863
97822,"94621","CA","Oakland",2023-08-31,508549.32557354,67020.6488843526,658.794989363751
97822,"94621","CA","Oakland",2023-09-30,507995.183881367,67020.6488843526,657.968167031534
97822,"94621","CA","Oakland",2023-10-31,506024.52778108,67020.6488843526,655.027795469797
97822,"94621","CA","Oakland",2023-11-30,503093.233428971,67020.6488843526,650.654077218923
97822,"94621","CA","Oakland",2023-12-31,500498.167951192,67020.6488843526,646.782038495071
97822,"94621","CA","Oakland",2024-01-31,498856.904385446,67020.6488843526,644.333146111802
97822,"94621","CA","Oakland",2024-02-29,497900.744018559,67020.6488843526,642.906480773876
97822,"94621","CA","Oakland",2024-03-31,498402.863066094,67020.6488843526,643.655681290273
97822,"94621","CA","Oakland",2024-04-30,499914.507351468,67020.6488843526,645.911171666056
97822,"94621","CA","Oakland",2024-05-31,501551.124710168,67020.6488843526,648.353131548486
97822,"94621","CA","Oakland",2024-06-30,500628.692009101,67020.6488843526,646.976790500731
97822,"94621","CA","Oakland",2024-07-31,499109.250469842,67020.6488843526,644.709666018125
97822,"94621","CA","Oakland",2024-08-31,496371.004761447,67020.6488843526,640.623991298503
97822,"94621","CA","Oakland",2024-09-30,492846.892600848,67020.6488843526,635.365742953757
97822,"94621","CA","Oakland",2024-10-31,488175.887497924,67020.6488843526,628.396241493119
97822,"94621","CA","Oakland",2024-11-30,486013.019981284,67020.6488843526,625.16907560821
97822,"94621","CA","Oakland",2024-12-31,486336.015631461,67020.6488843526,625.651010139663
97822,"94621","CA","Oakland",2025-01-31,487720.531587648,67020.6488843526,627.716815200094
97822,"94621","CA","Oakland",2025-02-28,487383.590374881,67020.6488843526,627.214072808942
97822,"94621","CA","Oakland",2025-03-31,484345.6792,67020.6488843526,622.681273999245
97822,"94621","CA","Oakland",2025-04-30,479300.608923004,67020.6488843526,615.153638321319
97822,"94621","CA","Oakland",2025-05-31,472747.670814275,67020.6488843526,605.376147028992
97822,"94621","CA","Oakland",2025-06-30,465864.763553301,67020.6488843526,595.106316199913
97822,"94621","CA","Oakland",2025-07-31,459623.418472218,67020.6488843526,585.793745842899
97822,"94621","CA","Oakland",2025-08-31,453937.087007707,67020.6488843526,577.30929879685
97822,"94621","CA","Oakland",2025-09-30,450075.80682233,67020.6488843526,571.547969639862
99590,"98134","WA","Seattle",2000-01-31,NA,NA,NA
99590,"98134","WA","Seattle",2000-02-29,NA,NA,NA
99590,"98134","WA","Seattle",2000-03-31,NA,NA,NA
99590,"98134","WA","Seattle",2000-04-30,NA,NA,NA
99590,"98134","WA","Seattle",2000-05-31,NA,NA,NA
99590,"98134","WA","Seattle",2000-06-30,NA,NA,NA
99590,"98134","WA","Seattle",2000-07-31,NA,NA,NA
99590,"98134","WA","Seattle",2000-08-31,NA,NA,NA
99590,"98134","WA","Seattle",2000-09-30,NA,NA,NA
99590,"98134","WA","Seattle",2000-10-31,NA,NA,NA
99590,"98134","WA","Seattle",2000-11-30,NA,NA,NA
99590,"98134","WA","Seattle",2000-12-31,NA,NA,NA
99590,"98134","WA","Seattle",2001-01-31,NA,NA,NA
99590,"98134","WA","Seattle",2001-02-28,NA,NA,NA
99590,"98134","WA","Seattle",2001-03-31,NA,NA,NA
99590,"98134","WA","Seattle",2001-04-30,NA,NA,NA
99590,"98134","WA","Seattle",2001-05-31,NA,NA,NA
99590,"98134","WA","Seattle",2001-06-30,NA,NA,NA
99590,"98134","WA","Seattle",2001-07-31,NA,NA,NA
99590,"98134","WA","Seattle",2001-08-31,NA,NA,NA
99590,"98134","WA","Seattle",2001-09-30,NA,NA,NA
99590,"98134","WA","Seattle",2001-10-31,NA,NA,NA
99590,"98134","WA","Seattle",2001-11-30,NA,NA,NA
99590,"98134","WA","Seattle",2001-12-31,NA,NA,NA
99590,"98134","WA","Seattle",2002-01-31,NA,NA,NA
99590,"98134","WA","Seattle",2002-02-28,NA,NA,NA
99590,"98134","WA","Seattle",2002-03-31,NA,NA,NA
99590,"98134","WA","Seattle",2002-04-30,NA,NA,NA
99590,"98134","WA","Seattle",2002-05-31,NA,NA,NA
99590,"98134","WA","Seattle",2002-06-30,NA,NA,NA
99590,"98134","WA","Seattle",2002-07-31,NA,NA,NA
99590,"98134","WA","Seattle",2002-08-31,NA,NA,NA
99590,"98134","WA","Seattle",2002-09-30,NA,NA,NA
99590,"98134","WA","Seattle",2002-10-31,NA,NA,NA
99590,"98134","WA","Seattle",2002-11-30,NA,NA,NA
99590,"98134","WA","Seattle",2002-12-31,NA,NA,NA
99590,"98134","WA","Seattle",2003-01-31,NA,NA,NA
99590,"98134","WA","Seattle",2003-02-28,NA,NA,NA
99590,"98134","WA","Seattle",2003-03-31,NA,NA,NA
99590,"98134","WA","Seattle",2003-04-30,NA,NA,NA
99590,"98134","WA","Seattle",2003-05-31,NA,NA,NA
99590,"98134","WA","Seattle",2003-06-30,NA,NA,NA
99590,"98134","WA","Seattle",2003-07-31,NA,NA,NA
99590,"98134","WA","Seattle",2003-08-31,NA,NA,NA
99590,"98134","WA","Seattle",2003-09-30,NA,NA,NA
99590,"98134","WA","Seattle",2003-10-31,NA,NA,NA
99590,"98134","WA","Seattle",2003-11-30,NA,NA,NA
99590,"98134","WA","Seattle",2003-12-31,NA,NA,NA
99590,"98134","WA","Seattle",2004-01-31,NA,NA,NA
99590,"98134","WA","Seattle",2004-02-29,NA,NA,NA
99590,"98134","WA","Seattle",2004-03-31,NA,NA,NA
99590,"98134","WA","Seattle",2004-04-30,NA,NA,NA
99590,"98134","WA","Seattle",2004-05-31,NA,NA,NA
99590,"98134","WA","Seattle",2004-06-30,NA,NA,NA
99590,"98134","WA","Seattle",2004-07-31,NA,NA,NA
99590,"98134","WA","Seattle",2004-08-31,NA,NA,NA
99590,"98134","WA","Seattle",2004-09-30,NA,NA,NA
99590,"98134","WA","Seattle",2004-10-31,NA,NA,NA
99590,"98134","WA","Seattle",2004-11-30,NA,NA,NA
99590,"98134","WA","Seattle",2004-12-31,NA,NA,NA
99590,"98134","WA","Seattle",2005-01-31,NA,NA,NA
99590,"98134","WA","Seattle",2005-02-28,NA,NA,NA
99590,"98134","WA","Seattle",2005-03-31,NA,NA,NA
99590,"98134","WA","Seattle",2005-04-30,NA,NA,NA
99590,"98134","WA","Seattle",2005-05-31,NA,NA,NA
99590,"98134","WA","Seattle",2005-06-30,NA,NA,NA
99590,"98134","WA","Seattle",2005-07-31,NA,NA,NA
99590,"98134","WA","Seattle",2005-08-31,NA,NA,NA
99590,"98134","WA","Seattle",2005-09-30,NA,NA,NA
99590,"98134","WA","Seattle",2005-10-31,NA,NA,NA
99590,"98134","WA","Seattle",2005-11-30,NA,NA,NA
99590,"98134","WA","Seattle",2005-12-31,NA,NA,NA
99590,"98134","WA","Seattle",2006-01-31,NA,NA,NA
99590,"98134","WA","Seattle",2006-02-28,NA,NA,NA
99590,"98134","WA","Seattle",2006-03-31,NA,NA,NA
99590,"98134","WA","Seattle",2006-04-30,NA,NA,NA
99590,"98134","WA","Seattle",2006-05-31,NA,NA,NA
99590,"98134","WA","Seattle",2006-06-30,NA,NA,NA
99590,"98134","WA","Seattle",2006-07-31,NA,NA,NA
99590,"98134","WA","Seattle",2006-08-31,NA,NA,NA
99590,"98134","WA","Seattle",2006-09-30,NA,NA,NA
99590,"98134","WA","Seattle",2006-10-31,NA,NA,NA
99590,"98134","WA","Seattle",2006-11-30,NA,NA,NA
99590,"98134","WA","Seattle",2006-12-31,NA,NA,NA
99590,"98134","WA","Seattle",2007-01-31,NA,NA,NA
99590,"98134","WA","Seattle",2007-02-28,NA,NA,NA
99590,"98134","WA","Seattle",2007-03-31,NA,NA,NA
99590,"98134","WA","Seattle",2007-04-30,NA,NA,NA
99590,"98134","WA","Seattle",2007-05-31,NA,NA,NA
99590,"98134","WA","Seattle",2007-06-30,NA,NA,NA
99590,"98134","WA","Seattle",2007-07-31,NA,NA,NA
99590,"98134","WA","Seattle",2007-08-31,NA,NA,NA
99590,"98134","WA","Seattle",2007-09-30,NA,NA,NA
99590,"98134","WA","Seattle",2007-10-31,NA,NA,NA
99590,"98134","WA","Seattle",2007-11-30,NA,NA,NA
99590,"98134","WA","Seattle",2007-12-31,NA,NA,NA
99590,"98134","WA","Seattle",2008-01-31,NA,NA,NA
99590,"98134","WA","Seattle",2008-02-29,NA,NA,NA
99590,"98134","WA","Seattle",2008-03-31,NA,NA,NA
99590,"98134","WA","Seattle",2008-04-30,NA,NA,NA
99590,"98134","WA","Seattle",2008-05-31,NA,NA,NA
99590,"98134","WA","Seattle",2008-06-30,NA,NA,NA
99590,"98134","WA","Seattle",2008-07-31,NA,NA,NA
99590,"98134","WA","Seattle",2008-08-31,NA,NA,NA
99590,"98134","WA","Seattle",2008-09-30,NA,NA,NA
99590,"98134","WA","Seattle",2008-10-31,NA,NA,NA
99590,"98134","WA","Seattle",2008-11-30,NA,NA,NA
99590,"98134","WA","Seattle",2008-12-31,NA,NA,NA
99590,"98134","WA","Seattle",2009-01-31,NA,NA,NA
99590,"98134","WA","Seattle",2009-02-28,NA,NA,NA
99590,"98134","WA","Seattle",2009-03-31,NA,NA,NA
99590,"98134","WA","Seattle",2009-04-30,NA,NA,NA
99590,"98134","WA","Seattle",2009-05-31,NA,NA,NA
99590,"98134","WA","Seattle",2009-06-30,NA,NA,NA
99590,"98134","WA","Seattle",2009-07-31,NA,NA,NA
99590,"98134","WA","Seattle",2009-08-31,NA,NA,NA
99590,"98134","WA","Seattle",2009-09-30,NA,NA,NA
99590,"98134","WA","Seattle",2009-10-31,NA,NA,NA
99590,"98134","WA","Seattle",2009-11-30,NA,NA,NA
99590,"98134","WA","Seattle",2009-12-31,NA,NA,NA
99590,"98134","WA","Seattle",2010-01-31,NA,NA,NA
99590,"98134","WA","Seattle",2010-02-28,NA,NA,NA
99590,"98134","WA","Seattle",2010-03-31,NA,NA,NA
99590,"98134","WA","Seattle",2010-04-30,NA,NA,NA
99590,"98134","WA","Seattle",2010-05-31,NA,NA,NA
99590,"98134","WA","Seattle",2010-06-30,NA,NA,NA
99590,"98134","WA","Seattle",2010-07-31,NA,NA,NA
99590,"98134","WA","Seattle",2010-08-31,NA,NA,NA
99590,"98134","WA","Seattle",2010-09-30,NA,NA,NA
99590,"98134","WA","Seattle",2010-10-31,NA,NA,NA
99590,"98134","WA","Seattle",2010-11-30,NA,NA,NA
99590,"98134","WA","Seattle",2010-12-31,NA,NA,NA
99590,"98134","WA","Seattle",2011-01-31,NA,NA,NA
99590,"98134","WA","Seattle",2011-02-28,NA,NA,NA
99590,"98134","WA","Seattle",2011-03-31,NA,NA,NA
99590,"98134","WA","Seattle",2011-04-30,NA,NA,NA
99590,"98134","WA","Seattle",2011-05-31,NA,NA,NA
99590,"98134","WA","Seattle",2011-06-30,NA,NA,NA
99590,"98134","WA","Seattle",2011-07-31,NA,NA,NA
99590,"98134","WA","Seattle",2011-08-31,NA,NA,NA
99590,"98134","WA","Seattle",2011-09-30,NA,NA,NA
99590,"98134","WA","Seattle",2011-10-31,NA,NA,NA
99590,"98134","WA","Seattle",2011-11-30,NA,NA,NA
99590,"98134","WA","Seattle",2011-12-31,NA,NA,NA
99590,"98134","WA","Seattle",2012-01-31,NA,NA,NA
99590,"98134","WA","Seattle",2012-02-29,NA,NA,NA
99590,"98134","WA","Seattle",2012-03-31,NA,NA,NA
99590,"98134","WA","Seattle",2012-04-30,NA,NA,NA
99590,"98134","WA","Seattle",2012-05-31,NA,NA,NA
99590,"98134","WA","Seattle",2012-06-30,NA,NA,NA
99590,"98134","WA","Seattle",2012-07-31,NA,NA,NA
99590,"98134","WA","Seattle",2012-08-31,NA,NA,NA
99590,"98134","WA","Seattle",2012-09-30,NA,NA,NA
99590,"98134","WA","Seattle",2012-10-31,NA,NA,NA
99590,"98134","WA","Seattle",2012-11-30,NA,NA,NA
99590,"98134","WA","Seattle",2012-12-31,NA,NA,NA
99590,"98134","WA","Seattle",2013-01-31,210040.546077408,NA,NA
99590,"98134","WA","Seattle",2013-02-28,209916.875284694,NA,NA
99590,"98134","WA","Seattle",2013-03-31,210283.215356956,NA,NA
99590,"98134","WA","Seattle",2013-04-30,210994.462270909,NA,NA
99590,"98134","WA","Seattle",2013-05-31,212207.22579762,NA,NA
99590,"98134","WA","Seattle",2013-06-30,213664.253512319,NA,NA
99590,"98134","WA","Seattle",2013-07-31,214724.612281168,NA,NA
99590,"98134","WA","Seattle",2013-08-31,215470.02426472,NA,NA
99590,"98134","WA","Seattle",2013-09-30,216168.418277519,NA,NA
99590,"98134","WA","Seattle",2013-10-31,217562.298567886,NA,NA
99590,"98134","WA","Seattle",2013-11-30,219515.456436121,NA,NA
99590,"98134","WA","Seattle",2013-12-31,220762.935794528,NA,NA
99590,"98134","WA","Seattle",2014-01-31,222142.940182883,NA,NA
99590,"98134","WA","Seattle",2014-02-28,223970.51279493,NA,NA
99590,"98134","WA","Seattle",2014-03-31,226772.027956317,NA,NA
99590,"98134","WA","Seattle",2014-04-30,229475.209736806,NA,NA
99590,"98134","WA","Seattle",2014-05-31,232186.302432655,NA,NA
99590,"98134","WA","Seattle",2014-06-30,233759.891875512,NA,NA
99590,"98134","WA","Seattle",2014-07-31,234221.606117384,NA,NA
99590,"98134","WA","Seattle",2014-08-31,233486.197635791,NA,NA
99590,"98134","WA","Seattle",2014-09-30,233385.105506368,NA,NA
99590,"98134","WA","Seattle",2014-10-31,233739.090090832,NA,NA
99590,"98134","WA","Seattle",2014-11-30,234760.3289,NA,NA
99590,"98134","WA","Seattle",2014-12-31,236494.242437844,NA,NA
99590,"98134","WA","Seattle",2015-01-31,238596.108936123,NA,NA
99590,"98134","WA","Seattle",2015-02-28,240893.0102651,NA,NA
99590,"98134","WA","Seattle",2015-03-31,242795.685465535,NA,NA
99590,"98134","WA","Seattle",2015-04-30,245609.825480176,NA,NA
99590,"98134","WA","Seattle",2015-05-31,247920.771430959,NA,NA
99590,"98134","WA","Seattle",2015-06-30,250022.65557248,NA,NA
99590,"98134","WA","Seattle",2015-07-31,251591.612423304,NA,NA
99590,"98134","WA","Seattle",2015-08-31,254002.186975411,NA,NA
99590,"98134","WA","Seattle",2015-09-30,257092.012279191,NA,NA
99590,"98134","WA","Seattle",2015-10-31,261814.899003382,NA,NA
99590,"98134","WA","Seattle",2015-11-30,268286.169444728,NA,NA
99590,"98134","WA","Seattle",2015-12-31,275208.450707593,NA,NA
99590,"98134","WA","Seattle",2016-01-31,281797.758913445,NA,NA
99590,"98134","WA","Seattle",2016-02-29,286617.010360855,NA,NA
99590,"98134","WA","Seattle",2016-03-31,290012.764606559,NA,NA
99590,"98134","WA","Seattle",2016-04-30,292476.475135608,NA,NA
99590,"98134","WA","Seattle",2016-05-31,295123.02451758,NA,NA
99590,"98134","WA","Seattle",2016-06-30,299319.242019669,NA,NA
99590,"98134","WA","Seattle",2016-07-31,303409.960058695,NA,NA
99590,"98134","WA","Seattle",2016-08-31,307329.446897513,NA,NA
99590,"98134","WA","Seattle",2016-09-30,311221.222706174,NA,NA
99590,"98134","WA","Seattle",2016-10-31,314576.253873058,NA,NA
99590,"98134","WA","Seattle",2016-11-30,317835.1752,NA,NA
99590,"98134","WA","Seattle",2016-12-31,320598.026155967,NA,NA
99590,"98134","WA","Seattle",2017-01-31,323714.389961918,NA,NA
99590,"98134","WA","Seattle",2017-02-28,327429.054770613,NA,NA
99590,"98134","WA","Seattle",2017-03-31,331639.010159397,NA,NA
99590,"98134","WA","Seattle",2017-04-30,336071.932925868,NA,NA
99590,"98134","WA","Seattle",2017-05-31,340737.012839971,NA,NA
99590,"98134","WA","Seattle",2017-06-30,346168.902728443,NA,NA
99590,"98134","WA","Seattle",2017-07-31,351782.4033,NA,NA
99590,"98134","WA","Seattle",2017-08-31,357175.837468555,NA,NA
99590,"98134","WA","Seattle",2017-09-30,361575.9371,NA,NA
99590,"98134","WA","Seattle",2017-10-31,366156.631475456,NA,NA
99590,"98134","WA","Seattle",2017-11-30,370367.75536071,NA,NA
99590,"98134","WA","Seattle",2017-12-31,375145.822673593,NA,NA
99590,"98134","WA","Seattle",2018-01-31,379488.120853667,NA,NA
99590,"98134","WA","Seattle",2018-02-28,385086.784376751,NA,NA
99590,"98134","WA","Seattle",2018-03-31,392343.2014628,NA,NA
99590,"98134","WA","Seattle",2018-04-30,400665.566258316,NA,NA
99590,"98134","WA","Seattle",2018-05-31,408647.33742763,NA,NA
99590,"98134","WA","Seattle",2018-06-30,414747.079255438,NA,NA
99590,"98134","WA","Seattle",2018-07-31,420505.340028966,NA,NA
99590,"98134","WA","Seattle",2018-08-31,423989.1558,NA,NA
99590,"98134","WA","Seattle",2018-09-30,424805.850409025,NA,NA
99590,"98134","WA","Seattle",2018-10-31,422961.449194212,NA,NA
99590,"98134","WA","Seattle",2018-11-30,420731.659506804,NA,NA
99590,"98134","WA","Seattle",2018-12-31,418291.229261799,NA,NA
99590,"98134","WA","Seattle",2019-01-31,415257.555524877,NA,NA
99590,"98134","WA","Seattle",2019-02-28,410717.298740944,NA,NA
99590,"98134","WA","Seattle",2019-03-31,405581.247259183,NA,NA
99590,"98134","WA","Seattle",2019-04-30,401351.236282126,NA,NA
99590,"98134","WA","Seattle",2019-05-31,399737.096528027,NA,NA
99590,"98134","WA","Seattle",2019-06-30,399963.967012035,NA,NA
99590,"98134","WA","Seattle",2019-07-31,400518.588846725,NA,NA
99590,"98134","WA","Seattle",2019-08-31,400872.03774911,NA,NA
99590,"98134","WA","Seattle",2019-09-30,400984.443283751,NA,NA
99590,"98134","WA","Seattle",2019-10-31,401822.5437,NA,NA
99590,"98134","WA","Seattle",2019-11-30,403541.4196273,NA,NA
99590,"98134","WA","Seattle",2019-12-31,406168.351657504,NA,NA
99590,"98134","WA","Seattle",2020-01-31,407851.128304502,NA,NA
99590,"98134","WA","Seattle",2020-02-29,408664.491778288,NA,NA
99590,"98134","WA","Seattle",2020-03-31,409720.438451781,NA,NA
99590,"98134","WA","Seattle",2020-04-30,412032.673533364,NA,NA
99590,"98134","WA","Seattle",2020-05-31,413876.762133598,NA,NA
99590,"98134","WA","Seattle",2020-06-30,415034.217969473,NA,NA
99590,"98134","WA","Seattle",2020-07-31,416308.275651336,NA,NA
99590,"98134","WA","Seattle",2020-08-31,418704.729928898,NA,NA
99590,"98134","WA","Seattle",2020-09-30,421649.296860221,NA,NA
99590,"98134","WA","Seattle",2020-10-31,424029.352626319,NA,NA
99590,"98134","WA","Seattle",2020-11-30,427071.862512256,NA,NA
99590,"98134","WA","Seattle",2020-12-31,429396.9757,NA,NA
99590,"98134","WA","Seattle",2021-01-31,431310.002037801,NA,NA
99590,"98134","WA","Seattle",2021-02-28,431098.282590067,NA,NA
99590,"98134","WA","Seattle",2021-03-31,430675.897601835,NA,NA
99590,"98134","WA","Seattle",2021-04-30,430695.260693678,NA,NA
99590,"98134","WA","Seattle",2021-05-31,432894.431053755,NA,NA
99590,"98134","WA","Seattle",2021-06-30,435634.130137457,NA,NA
99590,"98134","WA","Seattle",2021-07-31,439232.7192,NA,NA
99590,"98134","WA","Seattle",2021-08-31,441868.139305868,NA,NA
99590,"98134","WA","Seattle",2021-09-30,443712.106236809,NA,NA
99590,"98134","WA","Seattle",2021-10-31,445066.517796768,NA,NA
99590,"98134","WA","Seattle",2021-11-30,446299.375380037,NA,NA
99590,"98134","WA","Seattle",2021-12-31,449140.509939464,NA,NA
99590,"98134","WA","Seattle",2022-01-31,453471.516691659,NA,NA
99590,"98134","WA","Seattle",2022-02-28,459161.629979471,NA,NA
99590,"98134","WA","Seattle",2022-03-31,466375.933764768,NA,NA
99590,"98134","WA","Seattle",2022-04-30,474122.290695372,NA,NA
99590,"98134","WA","Seattle",2022-05-31,480974.123227758,NA,NA
99590,"98134","WA","Seattle",2022-06-30,485444.759472212,NA,NA
99590,"98134","WA","Seattle",2022-07-31,486258.496560016,NA,NA
99590,"98134","WA","Seattle",2022-08-31,484492.098552132,NA,NA
99590,"98134","WA","Seattle",2022-09-30,480904.769235267,NA,NA
99590,"98134","WA","Seattle",2022-10-31,478913.976661788,NA,NA
99590,"98134","WA","Seattle",2022-11-30,478207.40240257,NA,NA
99590,"98134","WA","Seattle",2022-12-31,477169.13192978,NA,NA
99590,"98134","WA","Seattle",2023-01-31,474776.944742994,NA,NA
99590,"98134","WA","Seattle",2023-02-28,471438.55790845,NA,NA
99590,"98134","WA","Seattle",2023-03-31,468794.707032594,NA,NA
99590,"98134","WA","Seattle",2023-04-30,466004.372664124,NA,NA
99590,"98134","WA","Seattle",2023-05-31,464407.8919,NA,NA
99590,"98134","WA","Seattle",2023-06-30,463448.428848938,NA,NA
99590,"98134","WA","Seattle",2023-07-31,463413.321437929,NA,NA
99590,"98134","WA","Seattle",2023-08-31,463732.424750947,NA,NA
99590,"98134","WA","Seattle",2023-09-30,464580.021371209,NA,NA
99590,"98134","WA","Seattle",2023-10-31,464359.353810361,NA,NA
99590,"98134","WA","Seattle",2023-11-30,463350.862832731,NA,NA
99590,"98134","WA","Seattle",2023-12-31,461717.630884136,NA,NA
99590,"98134","WA","Seattle",2024-01-31,461580.320622124,NA,NA
99590,"98134","WA","Seattle",2024-02-29,461575.848300941,NA,NA
99590,"98134","WA","Seattle",2024-03-31,462125.736129915,NA,NA
99590,"98134","WA","Seattle",2024-04-30,462100.733182553,NA,NA
99590,"98134","WA","Seattle",2024-05-31,462054.109954413,NA,NA
99590,"98134","WA","Seattle",2024-06-30,460360.502792758,NA,NA
99590,"98134","WA","Seattle",2024-07-31,459136.926848592,NA,NA
99590,"98134","WA","Seattle",2024-08-31,458421.530923599,NA,NA
99590,"98134","WA","Seattle",2024-09-30,459762.557682654,NA,NA
99590,"98134","WA","Seattle",2024-10-31,461133.674611521,NA,NA
99590,"98134","WA","Seattle",2024-11-30,461986.967972554,NA,NA
99590,"98134","WA","Seattle",2024-12-31,463058.535432392,NA,NA
99590,"98134","WA","Seattle",2025-01-31,464099.029007121,NA,NA
99590,"98134","WA","Seattle",2025-02-28,465430.435719604,NA,NA
99590,"98134","WA","Seattle",2025-03-31,464539.294813269,NA,NA
99590,"98134","WA","Seattle",2025-04-30,462114.831057098,NA,NA
99590,"98134","WA","Seattle",2025-05-31,458237.542570754,NA,NA
99590,"98134","WA","Seattle",2025-06-30,454314.531633367,NA,NA
99590,"98134","WA","Seattle",2025-07-31,450425.974488743,NA,NA
99590,"98134","WA","Seattle",2025-08-31,447201.018888719,NA,NA
99590,"98134","WA","Seattle",2025-09-30,444984.626342451,NA,NA
